1,2,3,4,5,6,7,8,9,10,11,12,13,14,15,16,17,18,19,20,21,22,23,24,25,26,27,28,29,30,31,32,33,34,35,36,37,38,39,40,41,42,43,44,45,46,47,48,49,50,51,52,53,54,55,56,57,58,59,60,61,62,63,64,65,66,67,68,69,70,71,72,73,74,75,76,77,78,79,80,81,82,83,84,85,86,87,88,89,90,91,92,93,94,95,96,97,98,99,100,101,102,103,104,105,106,107,108,109,110,111,112,113,114,115,116,117,118,119,120,121,122,123,124,125,126,127,128,129,130,131,132,133,134,135,136,137,138,139,140,141,142,143,144,145,146,147,148,149,150,151,152,153
0,0,0,0,0,0,0,0,0,0,0,0,0,0,0,0,0,0,0,0,0,0,0,0,0,0,0,0,0,-0.190517681744727,0,0,0,0,0,0,0,0,0,0,0.174737364682903,0,0,0,0,0,0,0,0,0,0,0,0.182560471686675,0,0,0,0,0.180777402898327,0,0,0,0,0,0,0,0,0,0,0.177610890748576,0,0,0,0,0,0.189390324931386,0,0,0,0.19635159339109,0,0,0,0,0,0,0,0,0,0,0,0,0,0,0,0,0,0,0.169933232321971,0,0,0,0,0,0,0,0,0,0,0,0,0,0,0,0,0,0,0,0,0,0,0,0,0,0,0,0,0,0,0,0,0,0,0,0,0,0,0,0,0,-0.163686556028779,0,-0.204522219191526,0,0,0,0,0,0,0,0,0,0,0
0,0,0,0,0,-0.19406788740446,0,0,0,0,0,0,0,0,0,0,0,0.202120788159427,0,0,0,0,0,0,0,0,0,0.191430851835602,0,0,0,0,0,0,0,0,0,0,0,0,0,0,0,0,0,0,0,0,0,0,0,0,0,0,0,0,0,0,0,0,0,0.165004908316476,0,0,0,0,0,0,0,0,0,0,0,0,-0.191128060323808,0,-0.185510192011305,0,0,0,0,0,0,0,0,0,0,0,0,0,0,0,0,-0.171010898767163,0,0,0,0,0,0,-0.166859949933753,0,0,0,0,-0.179368852477983,0,0,0,0,0,0,0,0,0,0,0,0,0,0.181526499466076,0,0,0.181908245396169,0,0,0,0,0,0,0,0,0,0,0,0,0,0,0,0,0,-0.204362420382579,0,0,0,0,0,0,-0.202100503261036,0,0,0,0,0
0,0,0,0,0,0,0,0,0,0,0,-0.18734446495853,0,0,0,0,0,0,0,0.169115188361179,0,0,0,0,0,0,0,0,0,0,0,0,0,0,0,0,0,0,0,0,0,0,0,0,0,0,0,0,0.176868604696969,0,0,0,0,0,0,0,0,0,0,0,0,0,0,0,0,0,0,0,-0.181974059931049,0,0,0,0,0,0,0,0,0,0,0.186849988992955,0,0,0,0,0.175349886479268,0,0,0,0,0,0,0,0,0,0,0,0.186101828822728,0,0,0,0,-0.181552285858704,0,0,0,0,0.175681930695616,0,-0.190439802409045,0,0,0,0,0,0,-0.170905110653457,0,0,0,0,0,0,0,0,0,0,0,-0.183897406298649,0,0,0,0,0.18094332062168,0,0,0,0,0,0,0,0,0,0,0,0,0,0,0,0,0,0,0,0
0,0,0,0,0,0,0,0,0,0,0,0,0,0,0,0,0,0,0,0,0,0,0,0,0,0,0,0,0,0,0,0,-0.181930769249855,0,0,0,0,0,0,0.18380585460047,0,0.172560322557519,0,0,0,0,0,0,0,0,0,0,0,0,0,0,0,0,0,0,0,0,0,0,0,0,0,0,0,0,0,0,-0.180640709926146,0,0,0,0,0,0,-0.18497135984358,0,0,0,0,0,0,0,0,0,0,0,0,0,0,0.21070120564397,0,0,0,0,0,0,0,0,0,0,0,0,0,0,0.185461440754018,0,0,0,0,0,0,0,0,0,0,0,0,0,0,0,-0.172288994283317,0,0,0,0,0,0,0,0.164820377961155,0,0,0,0,0,0,0,0,0,0,0,0,0,0,0,0,0.174633178963562,0,0
0.223247218648535,0,0,0,0,0,0,0,0,0,0,0,0,0,0.182230292754844,0,0,-0.197094025577235,0,0,0,0,0,0,0,0,0,-0.186669948952492,0,0,0,0,0,0,0,0,0,-0.174324387166909,0,0,0,0,0,0,-0.189366186236805,0,0,0,0,0,-0.182128862638831,0,0,0,0,0,0,0,0,0,0,0,0,-0.181134694237949,0,0,0,0,0,0,0,0,0,0,0,0,0,0,0,0,0,0,-0.170315953989127,0,0,0,0,0,0,0,0,0,0,0,0,0,0,0,0,0,0,0,0,0,0,0,0,0,0,0,0,0,0,0,0,0,0,0,0,0,0,0.178666550211284,0.177384170610608,0,0,0,0,0,0,0,0,0,0,0,0,-0.172288064513511,0,0,0,0,0,0,0,0,0,0,0,0,0,0,0,0,0
0,0,0,0,0,0,0,0,0,0,0,0,0,0.219981003061358,0,0,0,0,0,0,0,0.192600883978612,0.212634070305958,0,-0.194527920045702,0,0,-0.219127163134662,0,0,0,0,0,0,0,0,0.202240741996948,0,0,0,0,0,0,0,0,0,0,0,0,0.197713314794794,0,0,0,0,0,0,0,0,0,-0.211440654024242,0.209544716723046,0,0,0,0,0,0,0,0,0,0,0.208057970803379,0,0,0,-0.201545926221073,0,-0.201563783861867,0,0,0,0,0,0,0,0,0,0,0,0,0,0,0,0,0.239975366361404,0.201098101720775,0,0,0.20398707365744,0,0,0,-0.201703369537588,0,0,0,0,0,0,0,0,-0.195240956318478,0,0,0,0,0,0,0,0,0,-0.209732174431671,0,0,0,0,0,0.20734170210117,0,0,0,0,0,0,0,0,0,0,0,0,0.233929677480751,0,0,0,0,0,0,0,0,0,0,0,0
0,0,0,-0.204852421789488,0,0,0,0,0,0,0,0,-0.197371543843681,0,0,0,0,0,0.194418041263167,0,0,0,0,0,0,0,0,0,0,0,0,0,0,0.172819467100673,0,0,0.181205253861153,0,0,-0.187569024008222,0,0,0,0,0,0,0,0,0,0,0,0,0,0,0,0.179615410127884,0,0,0,0,0,0,0,0,0,0,0,0.165251875713861,0,0,0,0,0,0.196278945597363,0,0,0,0,0,0,0,0.174575420924221,0,0,-0.177140831925367,0,0,0,0,0,0,0,0,0,0,0,0,0,0,0,0,-0.183406579842671,0,0,0,0,0,0,0,0.189258505987224,0,0,0,0,0,0,0,0,0,0,0,0,0,0,0,0,0,0,0,0,0,0,-0.18279139490662,0,0,0,0,0,0,0,0,0,0,0,0,0,0,0,0,0,0,0,0
0,0.217213444619956,0,0,0,0,0,0,0,0,-0.25701248900343,0,0,-0.252578974813761,0,0,0,0,0,0,0,0,0,0,0,0,0,0.251598608280566,0,0,0,0,0,0,0,0,0,0,0,0,0,0,0,0,0,0,0.282828014230671,-0.244634923038671,0,0,0,-0.242519277889442,0,0,0,0,0,-0.239776771719723,0,0,0.240596183265809,0,0,0,0.215563263213857,0,0,0,0,0.236040438945707,0,0,0,0,0,0.231412088836642,0,0.231432592718985,0,0,0,0,0,0,0,0,-0.24731862410942,0,0,0,0,0,0,0,0.275536210730041,0,0,0,0,0,0,0,0,0.236274025343367,0,0,0,0,0,0.242529901362995,0,0.224172814480825,0,0,0,0,0,0.230535734709714,0,0,-0.230670840637506,0,0,0,0,0,0,-0.238066714052788,0,0,0,0,0,0,0,0,-0.231513027420898,0,0,0,0,0,0,0,0,0,0,0,-0.22886508119798,0.240048385022323,0,0,0
0,0,0,0,0,0,0,0,0,0,0,0,0,-0.207906455353345,0,0,0,0,0,0,0,0,0,0,0,0,0,0,0,0,0,0,0,0,0,0,0,0,0,0,0,0,0,0,0.210090800777559,0,0,0,0,0,0,0,0,0,0,0,0,0,0.210793411742436,-0.19983487793949,0,0,0.197304896349542,0,0,0,0,0,0,0,0,0,0,0,0,0.190483262319894,0,0,0.21437205620951,-0.199107183091797,0,0.184146622825354,0,0,0,0,0,0,0,0,0,0,0,0,0.226803347098129,0,0,0,0,0,0,0,0,0,0,0.194050206947491,0,0,0,0.199634716811866,0,0,0,0,0,0,0,0,0,0,0,0,0.196797449372736,0,0,0,0,0,0.182418236861903,0,0,0,0,0,0,0,0,0,0,0,0,0,0,0,0,0.193740747984944,0,0,0,0,0,0,0
0,0.202961791606166,0,0,0,0,0,0,0,0,0,0.188310885203814,0,0,0,0,0,0,-0.193445187920753,0.169987572511163,0,0,0,0,0,0,0,0,0.176918789496841,0,0,0,0,0,0,0.184537676905281,0.180298516319018,0,0,0,0,0,0,0,0,0,0,0,0,-0.176262294936369,0,-0.188303222015695,0,0,0,0,0,0,0,0,0,0,0,0.189560110352394,0,0,0,0,0,0,0,0,0,0,-0.195043840455885,0,0,0,0,0,0,0,0,0,0,0,0,0,0,0,0,0,0,0,0,0,0,0,0,0,0,0,0,0,0,0,0,0.204735271159028,0,0,0,0,0,0,0,0,0,0,0,0,0,0,0,0,0,0,0,0,0,0,0,0,0,0,0,0,0,0.166807043994963,0,0,0,0,0,0.171328670024406,0,0,0,0,0,0,0,0,0
0,0,0,0,0,0,0,0,0,0,0,0,0,0,0,0,0,0,0,0,0,0,0,0,0,0,0,0,0,0.22176371208501,0,0,0,0,0,0,0,0,-0.214899684839925,0.210942082809216,0,0,0,0,0,0,0,0,0,0,0.215429329522678,0,0,0,0,0,0,0,0,0,0,0,0,0,0,0,0,0,0.206740130776442,0,0,-0.209646977336421,0,0,0,0,0,0,0,0.212279657741423,0,0,0,0,0,0.198162581234358,0,0,0,-0.20876109674684,0,0,0,0,0,0.202633953465281,0,0,0,0,0,0,0,0,0,0,0,0,0,0,0,0,0,0,0,0,0,0,0,0,0,0,0,0,0.223194542873638,0,0,0,0,0.226114627932529,0,0.195467573416687,0,0,0,0,0,0,0,0,0,0,0.197291617196137,0,0,0,-0.209222818508733,0,0,0,0,0,0
0,0.228317178460912,0,0,0.227412915711806,0.203540239458407,0,0,0,0,0,0,0,0,-0.203402524957212,0,0,0,0,0,0,0,0.202184012858921,0,0,0.196540457745815,0,0.208357997874981,0,0,0,0,0.197024283961341,0,0,0,0,0,0,0,0,0.186876437296548,0,0,0,0,0.23422020968552,0,0,0,0,0,0,0,-0.183217954187002,0,0.176975999125328,0,0,0,0,0,0,0,0,0,0,0,0.195089771147723,0,0,0,0,0,0,0,0,0,0,0,0,0,0,0,0,0,0,0,0,0,0,0.192269523921361,0,0,0,0,0.199515047413656,0,0,0,0,0,0.191790509402353,0,0,0,0,0,-0.204165678797713,0,0,0,0,0,0,0,0,0,-0.189072921752202,0,0,0,0,0,0,0,0,0,0,0,0,0,0.193984741694328,0,0,0,0,0,0,0,0,0,0,0,0,0,0,0,0,0,0,0,0
0,0,0,0,-0.227139921672149,0,0,0,0,0,0,0.23952563351083,0,0,0,0,0,0,0,0,0,0,0,0,0,0,0.223418776893916,0,-0.196786316406166,0,0,0,0,0,0,-0.205260785355926,0,0,0,0,0,0,0,-0.20556052555599,0.220428974612196,0,0,0,0,0,0,0,-0.209123161971956,0,0,0,0,0,0,0,0.207788331346466,-0.187294742957533,0,0,0,0,0,0,0,0,0,0,0,0,0.216946764163287,0,0,0,0,0,0,0,0.19825382685256,0,0,0,0,0,0,0,0,0,0,0,0,0,0.208068404282,0,0,0,0,0,0,0,0,0,0,-0.227726517711235,0,0,0,0.193604463802943,0,0.189731826073489,0,0,0,0,0,0,-0.199216414889676,0,0,0,0,0,0,0,0.191394695784934,0,0,0,0,0,0,0,0,0,0,0,0,0,0,0,0,0.203274366420915,0.205896631573736,0,0,0,0,-0.211677541136213,0
0,-0.218410826270617,0.207307706130071,0,0,0,0,0,0,0,-0.222051681011619,0,0,0,0,0,0,0,0,0,0.210003245710183,0,0,0,0,0.204684623881071,0,0,0,0.217938245983752,0,0,0,0,0,0,0,0,0,0,0,0,0,0,0,0,0,0,0,0,-0.211713132722231,0,0,0,0,0,0,0,0.22086222974575,0,0,0,0,0,0,0,0,0,0,0,0,0,0,0,0,0,0,0,0,0,0,0,0,0,0.195777942419552,0,0,0,0,0,0,0,0,0,0,0,0,0,-0.201999299363506,0,0,0,0,0,0,0,0,0,0,0,0,0,0.203590738609628,0,0,0,0.193193482069294,0,-0.196907651069967,0,-0.198942648574873,0,-0.206197732260475,0,0,0,0,0.205321238264382,0,0,0,0,0.2020230050737,0,0,0,0,0,0,0,0,0,0.193888299373982,0,0.197560717825804,0,0,0,0,0,0,0,0
0,0,0,0,0,0,-0.190120816513903,0,0,0,0,0,0,0,-0.89788652327843,0,0,0.22279204778949,0,0,0,0,0,0,0,0,0,0,0,0,0,0,0,0,0,-0.199326923622321,0,-0.197053599584347,0,0,0,-0.189253972576777,0,-0.199617998665521,0,0,0,0,0,0,0,0,0,0,0,0,0,0,0,0,0,0,0,0,0,0,0,0,0,0,0,0,0,0,0.210675073738516,0,-0.204482655843495,0.194096149722869,0.218418688659675,0,0.217233399110334,0,0,0,0,0,0,0,0,0,0,0,0,0,0.231084641033549,0.193647720402637,0,-0.189031283741795,0,0,0,0,0,-0.198156526096375,0,0,0,0,0,0,0,0,0,0,0.190554850510498,0,0,0,-0.191478401803646,0,0,0,0,0,0,0,0,0,0,0,0,0,0,0,0,0,0,0,0,0,0.225262935806179,0,-0.188542301382515,0,0.192113461833051,-0.197397929856395,0,0,0,0,0,0,0
0,0,0,0,0.233202845108672,0,0,0,0,0,0,0,0,0,0,0,0,0,0,0,0,0,0,0,0,0,0,0,0,0,0,0,0,-0.163450819170494,0,0,0,0,0,0,-0.171054027631147,0,0,0,0,-0.182949872985898,0,0,0,0,0,0,0,0,0,0,0,0,0,0.179178158491498,0,0,0,0,0,0.17175813433883,0,0,0,0,0,0,0,0,0,0,0.179948667326805,0,0,0,0,0,0,0,0,0,0,0,0,0,0,0,0,0,0,0,0,0,0,0,0,0,0,0,0,0,-0.167855171594574,0,0,0,0,0,0,0,0,0.163291162395231,0,0,0,0,0,0,0,0,0,0,0,0,0,0,0,0,0,0,-0.16408537491301,0,0,0,0,0,0,0,0,0,0,0,0,0,0.168913395788089,0,0,0,0
-0.230981585248961,0,0,0,0,0,0,0,0,0,0,0,0,0,0,0.24128212290327,0,0,0,0.164857032557126,0,0,0,0,0,0,0,0,0,0,0,0,0,0,0,0,-0.174856772972941,0,0,0,0,-0.169923872032306,0,0,0,0,0,0.184212987613097,0,0,0,0,0.182335614877915,0,0,0,0,0,-0.192835969706745,0,0,0,0,0,0,0,0,0,0,0,0,0,0,0,0,0,0,0,0,-0.182145288174373,0,0,0,0,0,0,0,0,0,0,0.192639145748033,0,0,0,0,0,0,0,0,0,0,0,0,0,0,0,0,0,0,0,0,0,0,0,0,0,0,0,0,0,0,0,0,0,0,0,0,0,0,0,0,0.16771977997108,0.176387343962361,0,0,0,0,0,0,0,0,0,0,0,0,0,0,0,0,0,0,-0.184562791873301,0
0,0,0,0,0,0,-0.206940162199977,0.21351942968736,0,0,0,0,-0.224164910737802,0,0,0,-0.220202406924798,0,0,0,0.220869677239392,0,0,0,0.202599909982571,0,0,0,0,0,0,0,0,0,0,0,0,0,0,0,0,0,0,0,0,0,0,0,0,0,0,-0.219984232245817,0,0,0,0,0,0,0,-0.220214442543277,0,0,0,0,0,0,0,0,0.213686873483637,0,0.21216513862279,0,0,0,0,0,0,0,-0.236234151624561,0.219412535904762,0,0,0,0,0,0,0,0,0,0,0,0,0,0,0,0,0,0,0,0.206686286334128,0,0,0,0,0,0.213839839116016,0,0,0,0,0,0,0,0.199275107175238,0,0,0,0,0,0,0.209236759323816,0,0,0,-0.230694175659833,0,0,-0.215945403474529,0,0,0,0,0,0,-0.20166503367478,0.210636827293538,0,0,0,0,0.243636654258768,0,0,0,0,0,0.216252982817888,0.240940043410884,0,0,0.207149413195145,0,0
0,0,0,0,0,0,-0.208351862110517,0,0,0,0,0,0,0,0,0,0,0,-0.0565889535937458,0,0,0,0.207696566875221,0,0,0,0.220075498925669,0,0,0,0,0,0,0,0,0,0,0,-0.20831857548866,0,0,0,0,0,0.217130436572422,0,0,0,0,-0.193122281153303,0,0,0,0,0,0,0,0,0,0,0,0,0,0,0,0,0,0,0,0,0,0,0,0,0.213700334534617,0,0,0,0.22155514654343,0,0,0,0,0,0,0,0,0,0,0,0,0,0,0,-0.234402979993608,0,0,0,0,0,0,0,0,0,0,0,0,0,0,-0.206323994463076,0.193940593165366,0,0,0,0,0,0.190564377291146,0,0,0,0,-0.204862054938109,0,0,0,0.191669779756038,0,0,0,0,0.193213854649257,0,0,0,0,0,-0.196951766851324,0.182762608760858,0,0,0,0,0,0,0,0,0,0,0,0,0,0,0
0.204644577492802,0,0,0,0,0,0,0,0,0,0,0,0,0,0,0,0,0,0,0,0,0,0,0,0,0,0,0,0.170335889491398,0,0,0,0,0.165556498530133,0,0,-0.17358986141903,0,0,0,0,0,0,0,0,0,0,0,0,0,0,0,0,0,0,0,0,0,0,0,0,0,0,0,0,0,0,0,0,0,-0.174852733881488,0.17858297968185,0,0,0,0,0,0.173008806050587,0,0,0,0,0,0,0,0,0,0,0,0,0,0,0.165055478540323,0,0,0,0,0,0,0,0,0,0,0,0,0,0,0,0,0,0,0,0,0,0,0,0,0,0,0,0,0,0,0,0,0,0,0,0,0,0,0,0,0,0,0,0,0,0,0,0,0,0,0,0,0,0,0,0,0.179449592640186,0.170719098595713,0,0
0,-0.225568259260436,0,0,0,0,0,0,0.224986479784939,0,0,0,0,0,0,0,0,0,0,0,0,0,0,0,0,0,0,0,0,0,0,0,0,0,0,-0.197607022882528,0,0,0.203597462486759,0,0.192698155770592,0,0,0.197895586372481,0,0,0,0,0,0,0,0,0,0,0,0,0,-0.199359033522801,0,0,0,0,0,0,0,0,0,0,0,0,0,0,0,0,0,0,0.202718268651494,0,0,0.201115230512809,0,0,0,0,0,-0.187740613622557,0,0,0,0,0,0,0,0,0,0,0,0,0,0,0,0,0,-0.196446724180835,0,0.196007253456597,0,0,0,0,0,0,0,0,0,0,0.186245626756212,0,0,0,0,0.200219276881013,0,0,0,0,0,0,0,0,0,-0.185187344391527,0,0,0,0,0.192488259240215,0,0,0,0,0,0,0,0,0,0,0,0,0,0,0,0
0,0,-0.187032686514092,0,0,0,0.190838849421224,0,0,0,0,0,-0.206723398643486,0,0,-0.212241354841085,0,0.193698797998904,0,0,0,0,0,0,0,0,0,0,0,0,0,0,0,0,0,0,0,0,0,0,0.175007653822531,0,0,0,0,0,0.213565314486432,0,0,0,0,0,-0.182842861849259,0,0,0,0,0,0,0,0,0,0,0,0,0,0,0,0,0,0,0,0,0,0,0.174740807281035,0,0,0,0,0,0,0,0,0,0,0.186751937851537,0,0,0,0,0,0,0,0,-0.174352542352195,0,0.170196090281641,0,0,0.165598617513106,0,0,0,0.162721961099856,0,0,0.199108352344405,0,0,0,0,0,0,0,0,0,0,0,0,0,0,0,-0.171846063838423,0,0,0,0,0,0,0.171499205732641,0,0,0,0,0,0,0,0,0,0,0,0,0,0,0,0,0,0,0,-0.172443455142721,0,0
0,0,0,0,0,0,0,0,0,0,0,0,0,0,-0.200511452693576,0,0.228808122855412,0,0,0,0.230397659231894,0,0,0,0,0,0,0,0,0,0,0,0,0,0,0,0,0,0,0,0,0,0,0,0,0,0,0,0,0,0,0,0,0,0,0,0,0,0,0,0,0,0.199825062207755,0,0,0,0,0,0,0,0,0,0,0,0,0.192916295777965,0,0,0,0.201650369471035,0,0,0,0,0,0.188240164631868,0,0,0,0,0,0,0,0.187371254244437,0,0,0,0,0,0,0,0,0,0,0,0.196528800816048,0,0,0,0,0,0,0,0,0,0,0,0,0,0,0,0.200752031834347,0,0,0.212018723382393,0,0,0,0.184748256141508,0.214792593649931,0,0.185680101515398,0,0,0,0,0,0,0,0,0.223913465770672,-0.226144658422904,0,0,0.190962578492064,0,0,0,0,0,0,0.204326752258492,0
0,0,-0.210475892631102,0,0,0,0,0,0,0,0,0,0,0,0.200261128587759,0,0,0,0,0,0,0,0,0,0,0,0.191791901369505,0,0,0,0,0,0,0,0,0,0,0,0,0,0,0,0,0.17646164118792,0.189225331664389,0,0,0,0,0,0,0,0,-0.162598972137818,-0.164024644430189,0,0,0,0,0.179987990508207,0,0,0,0,0,0,0.168447824802575,0,0,0,0,0,0,0,0,0,0,0,0,0,0,0,0,0,0,0.167406547082398,0.1833579895205,0,0,0,0,0,0,0,0,0,0,0,0,0,0,0,0,0,0,0,0,0,0,0,0,0,0,0,0,0,0,0,0,0,0,0,0,0,0,0,0,0.176498774476275,0,0,0,0,0,0,0,0,0,0,0,0,0,0,0,0,0,0,0,0,0,0,0,0,0.173789859787999
0,0,-0.207212700728757,0,0.217446100839324,0,0,0,0,0,0,0,0,0,0,0,0,0,0.216061997047427,0,0,0,0,0,0,0,0.197296422495449,0.191884633455853,0,0,0.179436713428354,0,0,0,0,0,0,0,0,0,0,0,0,0,0,0,0.215702106671354,0,0,0,-0.187216690449075,0,0,0,0,0,0,0,0,0,0,0,0,0,0,0,0,0,0,0,0,0,0,0,0,0,0,0,0,0,0,0,0,0,0,0,0,0,0,0,0,0,0,0,0.210140927094438,0.176096997676392,0,0,0,0.17377941775223,0,0,0,0,0,0,0,0,0,0,0,0,0,0,0,0,0,0.175820785558241,0,0,0,0,0,0,0,0,0,-0.181564375400351,0,0,0,0,0,0,0,0,0,-0.163845630478981,0,0,0,0,0,0,0,0,-0.181822984523141,0,0,0,0,0,0
0.201291350044343,0,0.185293593153893,0,0,0,0,0,0,0,0,0,0,0,0,0,0,0,0,0,-0.202578607457233,0,0,0,0,-0.785532142966986,0,0,0,0,0,-0.186063043101629,0,0,0,0.192602352493103,0,0,0,0.194786576385626,0,0,0,0,0,0,0.229197801434266,0,0,0,0,-0.196532459660632,0,0,0,0,0,0,0,0,0,0,0,0,0,0,0,0,0,-0.191282146512587,0,0,0,0,0,0,0,0,0,0,0,0,0,0,0,0,0,0,0,0,0,0,0,0,0,0,0,0,0,0,0,0.190463963669102,0,0,0,0,0,0,0,0,0,0,0,0,0,0,0,0,-0.185018611479097,0,0,0,0,0,0,0,0,0,0,0,0,0,-0.189825106756715,0,0.180166208691543,0,0,0,0,0,0,0,0,0.178816084875462,0,0,0,0,0,-0.194530100685465,0,0,0
0,0,0,0,0,0,0,0,0,0,0,0,0,0,0,0,0,0,0,0,-0.194275980423676,0,0,0,0,0,0,0,0,0,0,-0.202813726865153,0.210156615533618,0,0,0,0,0,0,0,0,0,0,0,0,0,0,0,0,0,0,0,0.21389220815331,0.193731405090351,0,0,0,0,0,0,0,0,-0.211734844368634,0,0,0,0,0,0,0,0,0,0.208666408558591,-0.222181987845834,0.221894227311003,0,0.215372042414522,0,0,0,0,0,0,0.194390312047459,0,0,0.218465101453655,0,0,0.210127353302278,0,0,0,0,0,0,0,0,0,0,0,0,0,0,0,-0.208242122359391,0,0,0,0,0,0.198019606631151,0.208520169755676,0,0,0,0,0,0,0,0,0,0,0,0,0,0,0,0,0,0,0,0,0,0,0,0.204503470797947,0,0,0,0,0,0.198582810668138,0.194914347268948,0,0,0,0,0,0,0,0,0
0,0.202312380774019,0,0,0,0,0,0,0,0,0,0,0,-0.203279272257407,0,0,0,0,0.200228438222713,0,0,0,0,0,0,0,0,0,0,0,0,0,0,0,0,0,0,-0.201854394344857,0,0,0,0,0,0,0,0,0,0,0,0,0,0,0,0,0,0,0,0,0.220004969403122,0,0,0,0,0,0,0,0,0,0,-0.202783516094869,0,0,0,0,0,0,0,0,0,0,-0.222525832064903,0,-0.197212933304767,0,0,0,0,0,0,0.204363615201317,0.219780414569913,0,0,0,0,0,0,0,0,0,0,0,0,0,0,0.202530095647945,0,0,0,0,0,0,0,0.188735675650033,0,0,0,0,0,0,0,0,0,0,0,0,0,-0.20452429912605,-0.190389814784212,0,0,0,0,0,0,0,0,0,0,0,0,0,0,0,0,0,0,0,0,0,0,0,0
0,0,0,0,0,0,0,0,0,0,0,0,0,0,0,0,0,0,0.207728197733153,-0.191638550072799,0,0,0,0,0,0,0,0,0,0,0,0,0,0,0,0,0,0,0,0,0,0,0,0,0,0,0,0,0,0,-0.190991076567173,0,0,0,0,-0.179082831498967,0,0.186555296725082,0,0,0,0,0,0,0,0,0,0,0,-0.183648290077521,0,0,0,0,0,0,0,0,0,0,0,0,0,0,0,0,0,0,0.17204140080361,0,0,0,0,0,0,0,0,0,0,0,0,0,0,0,0,-0.1834187831006,0,0,0,0,-0.177371871308436,0,0,0,0,0,0,0,0,0,0,0,0,0,0,0,0,0,0,0.200464237214614,0,0,0,0,0.172975976896904,0,0,0,0,0,0,0,0.174910902101667,0,0,0,0,0,0,0,0,0,0
0,0,0.200611332777734,-0.205665380934265,0,0,0,0,0.210810681124573,0,0,0,0,0,0,0,0,0,0,0,0,0,0,0,0,0,0,0,0,0,-0.203009143449598,0,0,0,0,0,0,0,0,0,0,0,0,0,0.220227989270302,0.213886714946796,0.244038686838242,0.211083705889335,0,0,0,0,0,0,0,0,0,-0.206891840838193,0,0,0,0,0,-0.21065497643402,0,0.200802452166526,0,0,0,0,0,0,0,0,0,0,0,0,0,0,0,0,0,0.189882798168424,0,0,0,0,0,0,0,0,0,0,0,0,0,0,0,0,0,0,0,0,0,0,0,0,0,0,0,0,0,0,0,0,0,0,0,0,0,0,0,0.196366567568789,0,0,0,0,0,0,0,0,0,0,0,0,0,0,0,0,0,0,0,0,0,0,0,0,0,0,0,-0.211484535280012,0
0,0,0,0,0,0,0,-0.222514388218612,-0.222102452294938,0,0,0,0,0,0,0,0,0,0,0,0,0,0,0,0,0,0,0,0,0,0,-0.184454579188726,0,0,0,0,0,0,0,0,0,0.181288372222307,0,0,0,0,0,0.196533143149169,0,0.18237498966456,0,0,0,0,0,0,0,0,0,0,0,0,0,0,0,0,0,0,0,0,0,0,0,0,0.201807870481428,0,0,0,0,0,0,-0.179725758551648,0,0,0.182366854507406,0,0,0,0,0,0,0,0,0,0.221358409803276,0,0,0,0,0,0,0,0,0,0,0,0,0,0,0.194842025130619,0,0,0,0,0,0,0,0,0,0,0,0,0,0,0,0,0,0.191256420018956,0,0,0,0,0,0,0,0,0,0,0,0,0,0,0,0,-0.18402750707691,0,0,0,0,0,0.18346607308733,0,0
0,0,0,0,0,0,0,0,0,0,0,0,0,0,0,0,-0.223463915630844,0,0,0,0,0,0,0,-0.217776557040565,0,0,0,0,0,0,0.8395854041446,0,0,-0.172082718487077,0,0,0,0.191978965747409,0,0,0,0,0,-0.200099662488937,0,0,0,0,0,0,0,0.189836541238859,0,0,0,0,0,0,0,0,0,0,0,-0.168999277121268,0,0,0,0,0,0,0,0,0,0,0,0,0,0,0,0,0,0,0,0,0,0,0,0,0.18649510571226,0,0,0.173099715213563,0,0,0,0,0,0,0,0,0,0,0.185236291612209,0,0,0,0,0,0,0,0,0,0,0,0,0,0,0,0,0,0,0,0,0.199389112800533,0,0,0,0,0,0,0,0,0,0,0,0.181503720508594,0,0,0,0,0,0,0,0,0,0,0,0,0,0.179039360642698,0,0
0,0,0,0,0,0,0,0,0,0,0,0,0.2120076475389,0,0,0,0,0.198650112973818,0,0,0,0,0,0,0,0,0,-0.188086252643169,0,0,0,0,0,0,0,0,0,0,0,0,0,0.183319398034132,0,0,0,0,0,0,0,0,0,0,0,0,0,0,0,-0.194788326494061,0.208037713966687,0,0,0,0,0,0,0,0,0,0,0,0,0,0,0,0,-0.187993078694356,0,0,0,0,-0.210421453328592,0.181739277952775,0,0,0,0,0,0,0,0,0,-0.188609831691308,0,0,0,0,0,0.183103692215005,0,0,0,0,0,0,0,0,0,0,0,0,0,0,0,0,0,0,0,0.18728115171087,0,0,0,0,0,0.184878799092043,0,0,0,0,0,0,0,0,0,0,0.180609726204001,0.188644798816817,0,0,0,0,0,0,-0.182630043231409,0,0,0,0,0,0,0.195008977978722,0,0,0
0,0,0,0,0,0,0,0,0,0,0,-0.208166499603507,0,0,0,0,0,0,0,0,0,0,0,-0.20217773478157,0,0,0,0,0,0,0,0,0,0.210398636292666,0,0,0,0,0,0,0,0,0,0,0,0,0,0,0,0,0,0,0,0,0.16730411913589,0,0,0,0,0,0,0,0,0,0,0.175984047645573,0,0,0,0,0,0,0,0,0,0,0,0,0.1969418172834,0,0,0,0,0,0,0,0,0,0,0,-0.193456487449687,-0.175569493061299,0,0,0,0,0,0,0.177114946082086,0,0,0,0,-0.178672011060336,0,0,0,0,0,0,0,0,-0.17851033545798,0,0,0,0,0,0,0,0,0,0,0,0,0,0,0,0,0,0,0,0,0,0,0,0,0,0,0,0,0,0,0,0,0,-0.180284074661636,0,0,0,0,0,0
0,0.215659273535888,0,0,0.214805143115774,0,0,0,0,0,0,0,0,0,0,-0.232285403135031,0.222247035268214,0,0,0,0,0,0,0,0,0,0,0,0,0,0,0,0,0,0,-0.178130680072325,0.174038699665774,0,0,0,0,0,0,0,0,0,0,0.183351140940317,0,0,0,0,0,0,0,0,0,0,0,0,0,0,0,0,0,0,0,0,-0.176562195197673,0,0,0,0,0,0,0,0,0,0,0,0,0,-0.172049858149722,-0.164935647412658,0,0,0,0,0,0,0,0,0,0,0,0,0,0,0,0,0,0,0,0,0,0,0,0.197627030414329,0,0,0,-0.168015019247126,0,0,0,0,0,0,0,0,0,0,0,0,0,0,0,0,0,0,0,0,0,0,0,0,0,0,0,0,-0.201308680338002,0,0,0,0,0,0,0,0,0,0,0,0
0,0,0,0,0,0,0,0,0,0,0,0,0,0,0,0,0,0,-0.215024930882864,0,0,0,0,0,0,0,0.187122770507618,0,0,0,0,0.216731261237379,0,0,0,0,0,0,0,0,0,0,0,0,0.207132298203865,0,0,0,0,0,0,0,0,0,0,0,0,0,0,0,0,0,0,0,0,0,0,0,0,0,0,0,-0.191707391355355,0,0.203860141018627,0,0,0.187817513251653,0,0,0,0,0,0,0,0,0,0,0,0,0,0,0,0,0,0,0,0,0,0,0,0,0.187947579447064,0,0,0,0,0,0,0,0,0,0,0,0,0,0,0,0,0.193618967916468,0,0,-0.19402614402138,0,0,0,0,0,0,-0.209097093323909,0,0,0,0,0,0,0,0,0,0,0,0,0.182443321204302,0,0,0,0,0,0,0,-0.185331818043037,0,0
-0.206605670197647,0,0,0,0,0,0,0,0,0,0.203711781096008,0,0,0,0,0,0,0,0,0,0.207926912667572,0,0,0,0,0,0,0,0,0,0,0.199881354195999,0,0,0,0,-0.315452061593533,0,0,0,0,0,0,0,0,0,0,0,0,0,0,0,0,0,0,0,0,0,0,0,0,0,0,0,0,0,0,0,0.186788969999695,0,0,0,0,0,0,0.183486751418994,0,0,0,0,0,0,0,0,0,0,0,0,0,0,0,0,-0.175067256103039,0,0,0,0,0.178714566997318,0,0,0,0,0,0,0,0,0,0,0.195478710275572,0,0,0,0,-0.174191289380683,0,0,-0.177613487614519,0,0,0,0,0,0,0,0.201655472579736,0.17864376614715,0,0,0,0,0,0,0.185730958028054,0,0,0.184122849348425,0,0,0,0,0,0,0,0,0,0.186624588597939,0,0,0,0,0,0,0
0,-0.216861523539468,0,0.211022867397458,0,0,0,0,0,0,0,0,0,0,0,0,0,-0.213173493511392,0,0,0,0,0,0,0.217798089577734,0,0,0,0,0.210859493037676,0,0,0,0,0,0,0,0,0,0,0,0,0,0,0,0.198873780276291,0,0,0,0,-0.19694391875596,0,0,0,0,0,0,0,0,0,0,0,0,0,0,0,0,0,0.189000316760238,0,0,0,0.189520968101008,0,0,0,0,0,-0.208942780427957,0,0,0,0.184170103075837,0,0,0,0.19842061695405,0.182406589994265,0,0,0,0,0,0,0,0,0,0,0,0,0.175945589811281,0,-0.185804036856472,-0.189559674479291,0,0,0,-0.211549087883031,0,0,0,0,0,0,0,0,0,0,0,0,0,0,0.191813275387361,-0.182583390567288,0,0,0,0,0,0,0,0,0,0,0,0,-0.185739985814537,0,0,0,0,0,0,0,0,0,0,0,0,0,0,0,0
0,0,0,0,0,0,0,0,0,0,0,0,0,0,0.188461753908612,0,0,0,0,0,0,0,0,0,0,0,0,0,0,0,0,0,0,0,0,0,0,0.208193240064424,0,0,-0.193789525099681,0,0,0,0,0,0,0,0,0,0,0,0,0,0,0,0,0,0,0,0,0,0,0,0.180242125615558,0,0,-0.177067082467631,0,0,-0.195573626908201,0.199745924842817,0,0,0,0,0,0,0,0,0.216578703309646,0,-0.19194230608957,0,0,0,0,0,0,0,-0.21390665865042,0,0,0,0,0,0,0,0,0,0,0.196519814724163,0,0,0,0,0,0,0,0,0,0,0,0,0,0,0,0,0,0,0,0,0,0,0,0.188386920890201,0,0,0,0,0,0,0.195860645190784,0,0,0,-0.193578439794899,0,0,0,0,0,0,0,0,-0.196803013990461,0,0,0,0,0,0,0
0,0,0,0,0,0,0,0.213702277428729,0,0,0,0,0,0,0,0,0,0,0,0,0,0,0,0,0,0,0,0,0,0,0,0,0,0,0,0,0,0,0.205309995081267,-0.432578488020226,0,0,0,0,0.209481300221721,0,0,0,0,0,0,0,0,0,0,0,0,0,-0.210181872821414,0,0,0.177992690609133,0,0,0,0,0,0.173806207303167,0,0,0,0.196067395121507,0,0,0,0,0,0,0,0,0,0,0,0,0,0,0,0.186603400169525,0,0,0,0,0,0,0,0,0,0,-0.192231107590057,0,0,0,-0.190079015477082,0,0,0,0,0,0,0,0,0,0,0,0,0,0,0,0,0.195814720825476,0.189322268953159,0,0,0,0,0,0,0,0,0,0,0,0,0,0,0.190589082899106,0,0,0,0,0,0,0,0,0,0,-0.19567071057342,0,0,0,0,0,0
0,0,0,0,0,0,0,0,0,0,0,0,0,0,0,0,0,0,0,0,0,0,0,0,0,0,0,0.191865472594258,0,0,0,0,0,0,0,0,0,0,0,0,0,0,0,0,0,0,0.223825298671896,0,0,0,0,0,0.191626895321687,0,0,0,0,0,0,0,0,0,0,0.193206715000554,0,0,0,0,0,0,0,0,0,0,0,0,0,0,0,0,0,0,0,0,0,0,0,0,0,0,0,0,0,0,0,0.182728688691926,0,0,0,0,0,0,0,0,0.170539357625724,0,0,0,0,0,0,0,0,0.173857933436627,0,0,0.177273582490381,0,0,0,-0.182548995158868,0,0,0.180101795353423,0.201269557470691,0,0,0,0,0,0,0,0,0,0,0,0,0,0.17310226890681,0,0,0,0,0,0,0,0,0,0,0,0,0.193967562630393,0
0,0,0,0,0,0.185874732111426,0,0,0.207963489436656,0,-0.211976914694756,0,0,0,0,0,0,0.204955398129106,0,0,0,0,0,0,-0.209401710437221,0,0,0,0,0,0,0,0,0,0,0,0,0,0,0,0,0,0,0.183399396928465,0,0,0,0,0.176426748037085,0,0,0,0,0,-0.170473427921184,0,0,0,0,0,0,0,0,0,0,0,-0.175070509798811,0,0,0,0,0,0,0,0.193558104628855,0,0,0,0,0,0,0,0,0,0,0,0,0,0,0,0,0.178895376127793,0,0,0,0,0,0,0,0.175572697293194,0,0,0,0,0,0,0,0,0,0,0,0,0,0,0,0,0,0.177635130557758,0,0,0,0,0,0,0,0,0,0,0,0,0,0,0,0,0,0,0,0,0,0,0,0,0,0,0.17650459015501,0,0,0,0,0,0,0,0
0,0,0,0,0,0,0,0,0,0,0.202264056707944,0,0,0,0,0,0,0,0,0,0,0,0,0,0,0,0,0,0,0,0,0,0,0,0,0,0,0,0,0,0,0,0,0,0,0,0,0,-0.176580435920857,0,0.189313403153464,0,0,0,0,0,0,0.184916587382595,0,0.18722734248121,0,0,0,0,0,0,0.1752230162439,0,0,0,0,0,0,0,0.193726715884338,0,0,0,0,0,0,0,0,0,0,0,0,0,0,0,0,0,0.170276618519916,0.173336033141674,0,0,0,0,0,0.17572564120105,0,0,0,0,0,0,0,0,0,0,0,0,0.182050376758083,0,0,0,0,0,0.176074375036142,0,0,0,0,0,0,0,0,0,0,0,0,0,0,0,0,0,0,0,0,0,0,-0.209205078790089,0,0,0,0,-0.183859291012082,0,0,-0.185126056400984,0,0,0
0,0,0,0,0,0,0,0,0,0,0,0,0,0,0,0,0,0,0,0,0,0,0,0.20332747749175,0,0,0,0,0,0,0,0,0,0,0,0,0,0,0,0,0,0,0,0,0,0,0,0,0,0,0,0,0,0,0,0,0,0,0,-0.197308506896386,0,0,0,0,0,-0.18913767905094,0,0,0,0,0,0,0,0,0,0,0,0,0,0,0,0,0,0,0.184490437673443,-0.183516332152179,0,0,0,0,0,0,0,0,0.22393603277094,-0.187657224072313,0,0,0,0,0,0,0,0,0,0,0.184839790524655,-0.214302127095382,0,0,0,0,0,0,0,0,0,0,0.185555013390109,0,0,0,0,0,0,0,0,0,0,0,0,0,0,0,0,0,0,0,-0.177771161694471,0,0,0,0,0,0,0,0,0.215878303293433,0,0,0,0,0
0,0.204119579782595,0,0,0,0,0,0,0,0,0,-0.214397505963559,0,0,0,0,0,0,-0.202017021964649,0,0,0,0,0,-0.205001116825448,0,0,0,0,0,0,0,0,0,0,0,0,0,0,0,0,0.195789683122968,0,0.187162855561903,0,0,0,0,0,0.197843686173623,0,0,0.211029890935082,0,0,0,0,0,0,0,0,0,0,0,0,0,0,0,0,0,0,0,0,0,-0.218924826635115,0,0,0,0,0,0,0,0,0,0,0,0,0,0,0,0.222954895258692,0,0,0,0,0,0,0,0,0,0,0,-0.201836371942754,0,0,0.205455414898021,0,0,0,0,0,0,-0.205729741448855,0,0,0,-0.195223247320348,0,0,0,0,0,0,0,0,0,-0.197060689662474,0,0,0,0,0,0,0,0,0,0,0,0,0,0,0.236416466341432,0,0,0,0,0,0,0,0,0,0,0
0.222098353909376,0,0,0.209597626963332,0,0,0,0,0,0,0,0,0,0,0,0.232002747174915,0,0,0,0,0,0,0,0,0,0,0,0,0.207983065264679,0,0,0,0,0,0.213699722603887,0,0,0,0,-0.211915046382573,0,0,0,0,0,-0.64727849047631,0,0.207063719653497,0,0,0,0,0,0,0,0,0,0,0,0,0,0,0,0,0.182456905773225,0,0,0,0,0,0,0,0,-0.212896810525029,0,0,0,0,0,0,0,0,0,0,0,0,0,0,0,0,0,0,0,0,0,0,0.203919740951182,0,0,0,0,0.198934611957347,0,0,0,0,0,0.223185892445502,0,0,0,0,0,0,0,0,-0.189601962897393,0,0,0,0.19524425084006,0,-0.202364460554391,0,0.215266722947867,0,0,0,0,0.218083087242724,0,0,0,0,0,0,0,0,0,0,0,-0.229609058833275,0,0,0,0,0,0,0,0,0,0,0.198411560297554
0,0,0,0.207213421919627,0.212103289930054,0,0,0,0,0,0,0,0,0,0,0,0,0,0,0,0,0,0,0,0,-0.191243401988729,0,0,0,0,0,0,0.19797277027434,0,0,0,0,0,0,0,0,0,0,0,0,-0.211011773572827,0,0,-0.221123168427096,0,0,0,0.233846104839135,0,0,0,0,0,0,0,0,0,0,0,0,0,0,0,0,0,0.225885921504568,0,0,0,0,0,0,0,0,0,0,0,0,0,0,0,0,0,0,0,-0.247060421535739,0,0,0,0,0.222987446627664,0,0,0,0.220052750202038,0,0,0,0,0,0,0,0.254648785113979,0,0,0,0,0,0,-0.219425973461,0,-0.216330472226583,0,0,0,0,0,0,0,0,0,-0.218366575892603,0,0.214021745243983,0,0,0,0,0,0,0.224258773825196,0,0,0,0,0,0.261977436129099,0,0,0,0,0.230238127804674,0,0,0,0,0,0.226381973469396
0,0,-0.1909127389922,0,0,0,0,0,0,0,0,0,0,0,0,0,-0.207281938947212,0,0,0,0,0,0,0.205187629621047,0,0,0,0,0,0,0,0,0,-0.183385872024967,0,0,0,0,0,0,0,0,0,0,0,0,0,0.704002422979102,0,0,0,0,0,0,0,0,0,0,0,0,0,0,0,0,0,0,0,0,0,0,0.195382289739235,0,0.197325743759721,0,0,0,0,0,0.217547377286489,0,0,0,0,0,0,0,0,0.189918384218624,0.184709380082076,0,0,-0.193938916954553,0,0,0,0,0,0,0,0,0,0,0,0,0,0,-0.189979449704934,0,0,0,-0.190432350819893,0.187257577429035,0,0,0,0,0,0,0,0,0,0,0,-0.190102465721153,0,0,-0.188878356456359,0,0,0.215225084262163,0,0,0,0,0,0,0,0,0,0,0,0,0,0,0,0,0,0,0,0,0,0,0
0,0,0,0.215510784034826,0,0,0,0,0,0,-0.225165524108853,0,0,0,0,0.23854799630268,0,0.217707148465354,0,0,0,-0.20076809297054,0,0,0,0,0,0,0,0,0.226878523526023,0,0,0.2019269298047,0.219728607778778,0,0,-0.220953543368876,0,0,0,0,0,0,0,0,0,0,0,0,0,0,0,0,0,0,0,0,0,0,0,0,0,0,0,0,0,-0.16556483657012,0,0,0,0,0,0,0,0,0,0.180940732899189,0,0,0.202509789613691,0,0,0,0,0,0,0,0,0,0,0,0,0,0,0,0,0.176219152569232,0,0,0,0,0,0,0,0,0,0,0,0,-0.178236274862489,0,0.184558752140129,-0.171759034058295,0,0,0,0,-0.17850041026669,0,0,0,0,0,0,0,0,0,0,-0.201441179036509,0,0,0,0,0,0,0,0,0,0,0,0,0,0,0,0,0,0,0.17893337770829,0,0,0,0
0,0,0,0,0.207727818508091,0,0,0,0,0,0,0,0,0,0.188344831235501,0,0,0,0,0,0,0,0.213018929135649,0,0,0,0,0,0,0,0,0,0,0,0,0,0,0,0,0,0,-0.200042954705033,0,0,0,0,0,0,0,0.959702270571142,0,0,0,0,0,0,0,0,0,0,0,0,0,0,0,-0.180392589792787,0,0,0,0,0,0,0,0,0,0,0,0,0,0,0,0,0,0,0,0,0,0,0,0,0,0,0,0.174223217006666,0,0,0,0,0.181551818146065,0,0,0,-0.17951928428187,0,-0.167041280675195,0,0,0,0,0,0,0,0,0,0,0,0,0,0,0,0,0,0,0,0,0,0,0,0,0,0,-0.172650734236612,0,0,0,0,0,0,0,0,0,0,0,0,0,0,0,0,0,0,0,0.189988929959119,0
0,0,0,0,0,0,0,0,0,0,0,0,0,0,-0.184439145701148,0,0,0,0,0,0,0,0,0,0,0,0,0,0,0,0.209213119003305,0,0,0,0,0,0,0,0,0,0,0,0,0,-0.191777944074223,0,0,0,0,0,0.333824965404347,0,0,0,0.185445667128737,0,0,0,0,0,0,0,0,-0.204637899984288,0,0,0,0,0,0,0,0,-0.198005792117874,0,0,0,0,0,0,0,0,0,0,0,0,0,0,-0.190572904419131,0,0,0,0,0,0,0,0,0.201940913673142,0,0,0,0,0,0,0,0.180629415541265,0,0,0,0,0.203289942221967,0,0,0.197867024550015,0,0,0,0,-0.193236363540563,-0.191371824152832,0,0,0,0,0,0,0,0,0,0.185758235962721,0,-0.190372590693326,0,0,0,0,0,0,0,0,0,0,0,0,0,0,0,-0.199833098377924,0,0,0,0,0.205443763596109,0
0,0,0,0,0,0,0,0,0,0,0,0,0,0,0,0,0,0,0,0,0,0,0,0,0,0,0,0,0,0,0,0,0,0,0,0,0,0,0,0,0,0.209734750791966,0,0,0,0,-0.214206476903897,0,0,0,0,0.475170496385545,0,0,0,0,0,0,0,0,0.199238379619955,0,0,0.202171407927336,0,0,0,0,0,0,0,0,0,0,0,0,0,0.19164998437915,0,0,0,0,0,0.182235773855153,0,0,0,0.188275937165968,0,0,0,0.192261699639033,0,0.186124849470149,0.228172315151921,0,0,0,0,0,0,0,0,0,0,0,0,0,0,0,0,0,0,0,0,0,0,0,0,0,0,0.199416617328342,0,0,0,0,0,0.197143719012874,0,-0.213363780488133,0,0,0,0,0,0,0,0,0,0.179787810900579,0,-0.224640330648217,0,0,0,0,0,0,-0.189523820829268,0,0,0,0
0,0,0,0,0,0,0.238001061046704,0,0,0,0.249843603369369,0,0,0.246921534868584,0,0,0,0,0,0.224377370257683,0,0,0,0,0.246808375160481,0,0,0,0,0,0,0,0,0.224058065547062,0,0,0,0,0,-0.241774658820951,0,0,0,0,0,0,0,0,0,0,0,0,0,0,0,0,0,0,0,0,0,0,0,0,0,0,0,0,0,0,0,0,0,0,0,0,0.201591303722286,0,-0.21533028325843,0,0,0,0,0,0,0,0,0,0,0,0,0,0,-0.185835126681833,0.227817141087037,0,0,0,0,0,0.181324349252631,0,0,-0.195354624440233,0,0,0,-0.218016267054617,0,0,0,0,0,0,0,0,0,0,0,0,0,0,0,0,0,0,0,0,0,0,0,0,0,0,0,0,0,0,0,0,0,0,0,0,0,0.194606754630025,0,-0.219619760475691,0,0,0,0.202651618272827,0
0,0,0,0.202394511145974,0,0,0,0,0,0,-0.211461650900839,0,0,0,0,0.224029648041792,0,0,0,0,0,0,0,0,0,0,0,0,-0.200835436119944,0,0,0,0,0,0,0,0,0,0,0,0,0,0,0,0,0,0,0,0,-0.199556699435509,0,0,0,0,0,0,0.160038772614776,0,0,0,0,0,0,-0.182830332204736,0,0,0,0,0,0,0,0,0,0,0,0,0,0,0,0,0,-0.167535081341585,0,0.164801874879854,0,0,0,0,0,0,0,0,0,0,0,0,0,0.168792857079341,0,0,0,0,0,0,0,0,0,0,0,0,0,0,0,0,0,-0.165687942037981,0,0,0,0,0,0,0,0,0,0,0,0,0,0,0,0,0,0.161411824626264,0,0,0,0,0,-0.162588100514834,-0.20114540713135,0,0,0,0,0,0,0,0,0,0,0,0
0,0,0,0,0,0,0,0,0,0,0,0,0,0,0,0,0,0,0,0,0,0,-0.211033847218353,0,-0.207502628959969,0,-0.17794802129331,0,0,0,0,0,-0.192081984913,0,0,0,0,0,0,0,0,0,0,0,0,0,-0.202404136481004,0,0,0,0,0,0,0,0,-0.173883176929205,0,0,0.19345962629762,0,0,0,0,0.184433393622668,0,0.175807276560711,0.171643151527515,0,0,0,0,0,0,0,0,0,0,0,0,0,0,0,0,0,0,0,0,0,0,0,0,0,0,0,0,0,-0.182002688763222,0,0,0,0,0,0,0,0,0,0,0,0,0,0,0,0,0,-0.171645213737085,0,0,0,0,0,0,0,0,0,0,0,0,0,0,0,-0.171576540596854,0,0,0,0,0,0,0,0,0,0,0,0,0,0,0,0,0,0,0,0,0,0.177086520841088
0,0,0,0,0,0,0,0.201655305498176,0,0,0,0,0,0,0,0,0,0,0,0,0,0,0,0,-0.202673998999362,0,0,0,0,0,0,0,0,0,0,0,0,0,0,0,0,0.19356713102757,0,0,0,0,-0.197694149516205,0,0,0,0,0,0,0,0,0,0,0,0,0,0,0,0,0.191878778945463,0,0,0,0,0,-0.185514513422872,0,0,0,0,0,0,0,0,0,0,0,0,0,0,0,0,0,0,0,0,0,0,0,0,0,0,0,0,0,0,-0.172361351009624,0,0,0,0,0,0,0,0,0,-0.179174314047787,0,0,0,0.178574353465982,0,0,0,0.179439839569458,0,-0.181294311063177,0,0,0,0,0,0,0,0,0.20250134324615,0,0,0,0,0.174733748810456,0,0,0,0,0,0,0.21320379963015,0,0,0,0,0,0,0,0,0,0,0.184235320509291
0,0,0,0,0,0,0,0,0,0,0.213794984396442,0.220878107441981,0,0,0,0,0,0,0,0,0,0,0,0.214523640982181,0,0,0,0,0,0,0,0,0,0.19172990615538,0,0,0,0,0,0.206890265401997,0,0,0,0,0,0,0,0,0,0,0,0,0,0,0,0,0,0,0,0,0,0,0.174911159069607,0,0,0,0,0.15452783255406,0,0,0,0,0,0,0,0,0,0,0,0,0,0,0,0,0,0,0,0,0,0,0,0,0,0,0,0,0,0,0,0,0,0,0,0,0,0,0,0,0,0,0,0,0,0,0,0,0,0,0,0.174095188318328,0,0,0,0,0,0.164406744387498,0,-0.173719715837155,0,0,0.165731190664881,0,0,0,0,0,0,0,0,0,0,0,0,0,0,0.171751534888545,0,0,0,0,0,0,0
0,0,0,0,0,0.184314872823401,0,0,0,0,0,0,0,0,0,0,0,0,0,0,0,0,0,0,0,0,0,0,0,0,0,0,0,0,0,0,0,0,0,0,0,0,0,0,0,0,0,-0.191310491441536,0,-0.198364195804585,0,0,-0.233740244861461,0,0,0.191942717188422,0,0,0,0,0,0,0,0,-0.176489900826488,0,0.18602336680062,0,0,-0.193255348984209,0,0,0,0,0,0,0,0,0,0,0,0,-0.187946510564408,0,0,0,0,0,0,0,0,0,0,0,0,0,0,0.184538248275478,0,0,0,0,0,0,0,0,0,0.21588690138446,0,0,0,0,0,0,0,0,0,0,0,0,0.188859053164766,0,0,0,0,0,0,0,0,0,0,0,0,0,0,0,0,0,0,0,0,0,0,0,0,0,0,0.217474733479481,0,0,0,0,0
0,0,0,0,0,0,0,0,0.206707221861302,0,0.210696402786747,0,0,0,0,0,0,0,-0.205107016128467,0,0,0,0.211678764469295,0,0,0,0,0,0,0,0,0,0,0,0,0,0,0,0,0,0,0,0,0,0,0,-0.203022681425331,0,0,0,0,0,0,0,0,0,0,0,0.155155156971887,-0.212287668738688,0,0,0,0,0,0,0,0,0,0,0,0.208891434753542,0,0,0,0,0,0,-0.227730737119952,-0.211514627293857,0,0,0,0,0,0,0,0,0,0,0,0,0,0,0,0,0,0,0,0,0,0,0,0,0,0,0,0,0,0,0,0.196023076311567,0,0,0.198678953869893,0,0,0,0,0,0,0,0.209060961589039,-0.199001133394438,0,0.19701235068762,0,0,0,0.225299737910333,0,0.194763131706319,0,0,-0.194405958893976,0,0,0,0,0,0,-0.237207118768449,0,0,0,0,0,0,0,0,0,0,0
0,0,0,-0.185395283384959,0,0,0,0,0,0,0,0,0,0,0,0,0,0,0,0,0,0,0,0,0,0,0,0,0,0,0,0,0,0,0,0,0,0,0,0,0,0,0,0,0,0,0.186646137773024,0,0,0,0,0,0,0,0,0.176878324451983,0,0,0,0,0,0,0,0,0,0,0,0,0,0,0.193895286362463,0,0,0.208507706706789,0,0,0,0,0,0.200518599600879,0,0,0,0,0,0,0,0,0,0,0.21207099080557,0,0,0,0,0,0,0,0,0,0.181797088721409,0,0,0,0,0,0,0,0,0,0,0,0,0,0,0,0,0,0,-0.197776573358814,0,0,0,0,0,0,0,0,0,0,0,0,0,0,0,0,0,0,0,-0.179975956228108,0,0,0,0,0,0,0,0,0,-0.198992771689684,0,0,0
0,0,0,0,0,0,0,-0.20594256454026,0,0,0,0,0,0,0,0,0,0,0,0,0,0,0,0,0,0,0,0,0,0,0,0,0,0.187903638547118,0,0,0,0,0,0,0,0,0,0,0,0,0,0,0,0.197732262858029,0,0,-0.232995613699244,0,0,-0.191331241279925,0,0,0,0,0,0,0,0,0,0,-0.186659081817989,0.173973465666621,0,0.193915778529426,-0.1921566741375,0,0,0,0,0,0,0,0,0,0.212794761619512,-0.183789084796745,0,0,0,0,0,0,-0.181659966243316,0,0,0,0,0,0,0,0,0,0,0,0,0,0,0,0,0,0,0.216624671846438,0,0,0,0,0,0,0,0,0,0,0,0,0.189504458837869,0,0,0,0,0.185095530218177,0,0,0,0,0,0,0,0,0,0,0,0,0.179697794360598,0,0,0,0,0,0,0,0,0,0,0,0,0,0
0,0,0,0.202373695763348,0,0,0,-0.207821380240928,0,0,0.211439903002887,0,0,0,0,0,0,0,0,0,0,0,0,0,0,0,0,-0.193564621590748,0.200814781081306,0,0,0,0,0,-0.206334409761789,0,0,0,0,0,0,0,0,0,0,-0.206083332208448,0,0,0.211897344183777,0,0,0,0.235121234588651,0,0,0,0,0,0,0,0.197181634015395,0,0.177499956818787,0,0,0,0,0,0,0,0,0,0,0,0,-0.17136306022829,0.180549065235551,0,0,0,0,0,0,0,0,0,0,0,0,0,0,0,0,0,0.20403743171662,0,0,0,0,0,0,0,0,0,0,0,0,0,0,0,0,0,0,0,0,0,-0.165877866058796,0,0,0,0,0,0,0,0,0,0,0,0,0,0,0,0,0,0,0,0,0.159086771449799,0,0,0,0,0,0,0,0,0.176541977339236,0,0,0,0,0,0
0,0,-0.211167149818096,0,0,0,0,0,0,0.207728381014436,0,0,0,0,0,0,0,0,0,0.203130808039906,0,0,0,0,0,0.199802384636306,0,0,0,-0.216319528332362,0,0,0,0,0,0,0,0.221954550325369,0,0,0,0,0,0,0,0,0,0,0,0,0,0,0,0,-0.211462611042343,0,0,0,0,0,0,0,0,0,0,0,0,0,0,0,0,0,0,0,0,0,0,0,0,0,0,0,0,0,0,0,0,0,0,0,0,0,0,0,0,0,0,0.184478759690839,0,0,0,0.192366693846158,0.189552823342784,0.193384234795958,0,0,0,0,0,0,0,0,0,0,0,0,0,0,0.186866942725579,0,0,0,0,-0.186267197220598,0,0,0,0,0,0,0.185891231162638,0,0,0,0,0.190061478754835,0,0,-0.179028056874863,0,-0.219837828846384,0,0,0,0,0,0,0,0,0,0,0.20060762954625,0
0.223138128140576,0,0,0.210578877871325,0,0,0,0,-0.215847103060534,0,0,0,0.227028928981701,0,0,0,0,0,0,0,0,0,0,0,0,0,0,0,0,0,0,0,0,0,0,0,0,0,0,0,0,0,0,0.198427924003911,0,0,0,0,0,0,0,0,0,0,0,0,0,0,0,0,0,0,0,0,0,0,0,0,0,0,0,0,0,0,0,0,-0.203253272456759,0,0,0,0,0,0,0,0,0,0,0.189532643381464,0,0.198303696768424,0,0,0,0,0,0,0,0,0.195248692835127,-0.189950239073273,0,0,0,0,0,0,0,0,0,0.202180263976324,0,0,0,0,0,0,0,0.192181563747988,0,0,0,0,0,0,0,0,0.188494728006483,0,0,0,0,0.185676081467841,0,0,0,0,0.192996264521867,0,0,0,0,0,0,0,0,0,0,0,0,0,0,0,0
0,0,0,0,0,0,0,0,0,0,0,0,0,0,0,-0.238269844523809,0,0,0,0.201978909060389,0,0,0,0,0,0,0,0,0,0,0,0,0,0,0,0,0,0,0,0,0,0,0,0,0,0,0,0,0,0,0,0,-0.250092176363515,0,0,0,0,0,0.210906027668033,0,0,0,0,0,-0.871820440283045,0,-0.167238067699247,0,0,0,0,0,0,0,0,0,0,0,0,0,0,0,0,0,0,0,0,0,0,0,0,0,0,0,0,0,0,0,0,0,0,0,0,0,0,0,0,0,0,0,0,0,0,0,0,0,0,0,0,0,0,0,0,0,0,0,0,0,0,0,0,0,0,0,0,-0.170923496463367,0,0.158130502807201,0,0,0,0,0,0,0,0,0,0,0,-0.176689824299038,0,0,0.172541737304903
0,0,0,0,0,0,0,0,0.198710805568498,0,0,0,0,0,0,0,0,0,0,0,0.206736668779186,0,0,0,0,0,0,0,0,0,0,0,0,0,0,0,0,0,0,0.196004254834624,0,0,0,0,0,0,0,0.184345758696919,0,0,0,0,0,0,-0.18936144889244,0,0,0,0,0,0,0,0,-0.198338633926037,0,0,0,0,0.1871989101861,0,0,0,0,0,0,0,0,0,0,0,0,0,0,0,0,0,0,0,0,0,0,0,0,0,0,0,0,0,0,0,0.174268610917225,0,0,0,0,0,0,0,0,0,0,0,0,0,0,0,0,-0.183193057743312,0,0,0,0,0.189985057841418,0,0.202098039836351,0,0,0.189177479791359,0,0,0,0,0,0,0,0,0,0,0,0,0,-0.215563000557742,0,0,0,0,0,0,0,0,0,0,0
-0.221469196249307,0,0,0,0,0,0,0,-0.214232703419659,0,0,0,0,0,0,0.231345532463627,0,0,0.212574239834855,0,0,0,0.219385242375414,0,0,0,0,-0.199906203355561,0,0,0,-0.214261122730382,0,0,0,0,0,0,0,0,0,0,0.196581488967264,0,0,0,0,0,0,0,0,0,0.242824297893991,0,0,0,0,0,0,0,0,0,0,0,0,0,0,0,0.182764965907214,0,0,0,0,0,0,0,0.189157893576117,0,0,0,0,-0.173561490943452,0,0,0,0,0,0,0,0,0,0,0.171295773477383,0,0,0.179134972284472,0,0,0,0,0,0.182341358696484,0,0,0,0,-0.176445489462971,0,0,0,0,0,0,0,0,0,0,0,0,0,0,0,0.185485121600057,0,0,0,0,0,0,0,0,0,0,0,0,0,0,0,0,0,0,0,0,0,0,0,0,0,0,0,0,0,0
0,0,0,0,0,0.186946223245179,0,0,0,0,0,0,-0.21999783764826,0,0,0,0,0,0,0,0,0,0,0,0,0,0,0,0,0,0,0,0,0,0.208050908238865,0,0,0,0,0,0,0,0,0,0.196918329858129,0,0,0,0,0.201196119795853,0.197023938539272,0,0,0,0,0,0,0,0,0,0,0,0.214628085647338,0,0,0,0,0,0,0,0,0,0,0,0,0,0,0,0,0,0,0,0,0,0,0,0,0,0,0,0,0,0,0,0,0,0,0,0,0,0,0,0,0,0,0,0,0,0,0,0,0,-0.170693546645167,0,0,0,0,0,0,0,0,0,0,0,0,0,0,0,0,0,0,0,0,0,0,0,0,0,0,0,0,0,0,0,0,0,0,0,0,-0.173577356478139,0,0,0
0,0,0,0,0,0,0,0,0,0,0,0,0,0,0,0,0,0,0,0,0,0,0,0,0,0,0,0.206650063709017,0,0,0,0,0,0,-0.220283120811135,0.221921102019215,0,0,0,0,0,0,0,0,0,0,0,0,0,0,0,0.223346082400071,0,0,0,0,0,0,0.211685104904875,0,0,0.212432094028413,0,0,0,0,0,0,0,0,0,0,-0.190019360166243,0,0,0,0,0,0,0,0,0,0,0,0,0,-0.198942412837956,0,0,0,0,0,0.177605665315508,0,0,0,0,0,0,0,0,0,0,0,0,0,0,0,0,0,0,0,0,0,0,0,0,0,0,0,0,0,0,0,0,0,0,0,0,0,0,0,0,0,0,0,0,0,0.175948906102201,0.174641131364735,0,0,0,0,0,0,0,0,0,0,0,0,0
0,0,0,0,0,0,0,0.213430585611637,0,0,0,0,0,0,0.192889710918341,0,0,0,-0.211386271049687,0,0,0,0,0,0,0,0,0,0,0,0,0,0,0,0.211903481038557,0.21347915292204,0,0,0,-0.210133805817574,-0.202557274855103,0,0,0,0,0,0,0,0,-0.204921759376523,0,0,0,0,0,0,0,0,0.203632536384003,0,0,0,0,0,0,0,0,-0.20605110918488,0,-0.899714627536014,0,0,0,0,0,0,0.196511735944178,0,0,0,0,0,0,0,0,0,0,0,0,0.191726328560842,0.206189795250782,0,0,0,0,0,0,0.18166267237984,0,0,0,0,0,0,0,0,0,0.212522833633701,0,0,0.183742104842018,0,0,0,0,0,0,0,0,0,0,0,0,0,0.204982014977011,0,0,0,0,0,0,0,0,0,0,0,0,0,0,0,0,0,0,0.177845537948357,0,0,-0.192150374130653,0,0.184460741630616,0,0,0,0
0,0,0,0,0.216008592270941,0.193333085142878,0,0,0,0,0,0,0,0,0,0,0,0,0,0.198009128031713,0,0,0,0,0,0,0,-0.201842875415893,-0.209403105311065,0,0,0,0,0,0,0.216758671848731,0.19990663375228,0,0.208198985288221,0,0,0,0,0,0,0,0,0,0,0,0,0,0,-0.207511743168961,0,0,0,0,0,-0.190082716239124,0,0,0,0,0,0,0,0.209216516688085,0,0,0,-0.190793298550282,0,0,0,0,0,0,0,0,0,0,0,0,0,0,0,0,0,0,0,-0.185427972447531,0,0,0,0,0,0,0,0.181983961692586,0,0,0,0,0,0.188282550237161,0,0,0,0,0,0,0,0,0,0,0,0,0,0,0,0.19232857658579,0,0,0,0,0,0,0,0,0,0,0,0,0,0,0.184902240612666,0,0,0,0.214518168292312,0,0,0,0,0,0,0,0,0,0,0,0
0,0,0,0,0,0,0,-0.199433377504304,0,0,0,0,0,0,0,0,0,0,0,-0.182223921777758,0,0,0,0,-0.200440846586663,0,0,0,0,0,0,0,0,0,0,0,0,0,0,0,0,0,-0.182662733088643,0,0,0,0,0,0,0,0,0,0,0,0,0,0,0,0,0,0.189223068425003,0,0,0,0,0,0,0,0,0,0,0,0.192691106195203,0,0,0,0,0,0,0,0,0,0,0,0,0.184189046565521,0,0,0,0,0,0,0,0,0,0,0,0,0,0,0.178888651058568,0,0,0,0,0.192299302945068,0.185517356329217,0,0,0.19783342409393,0,0,0,0,0,0.180473109477119,0,0,0,0,0,0,0,-0.18563748303845,0,0,0,0,0,0,0,0,0,0,0,0,0,0,0,0,-0.219094622309416,0,0,0,0,-0.191992636213174,0,0,0.186686929794959,0,0.18628281768064,0,0
0,0,0,0,0,0,0,0,0,0,0,0,0,0,0,0,0,0,0,0,0,0,0,0,0,0,0,0,0.215330437506351,0,0,0,0,0,0,0,0,0,-0.214092233846745,0,0,0,-0.204104264428187,0,0,0,0,0.206351149652483,0,0,0.209522557723261,0,0,0,0,0,0,0,0,0,0,0,0,0,0,0,0,0,0,0,0,0,0,-0.202884510870488,0,0,0,0.186676570627225,0,0,0,0,0,0,0,0,0,0,0,0,0,0,0,0,0,0,0.194329622870763,0,0,0,0,0,0,0,0,0,0,0,0,0.195627805613263,0,0,0,0,0,0,0,0,0,0,0,0,0,0,0,0,0,0,0,0,0,0,0,0,0.179329034311131,0,0.18674145031481,0,0,0,0,0.218810800772167,0,0,0,0,0,0.214254025719875,0,-0.193626181922366,0,0,0
0,0.205752312441192,0,0,0,0,0.199266956063306,0,0,0,0,0,0,0,0,0,-0.212037445410501,0,0,0.187860488453722,0,0,0.210157454437183,0,0,0,0,0,0,0.200057749224395,0,0,0,0,0,0,0,0,0,0,0,0.197355785748652,0,0,0.193208338202982,0,0,0,0,0,0,0,0,0,0,0,0,0,0,0,0,0,0,0,-0.209390271203143,0,0,0,0,0,0,0,0,0,0,0,0,0,-0.223675798154707,0.207748429920678,0,0,0,0,0.194962085891322,0,0,0,0,0,0,0,0,0,0,0,0,0,0,0.195698715640791,0,0,0,0,-0.18507999300897,0,0,0,0.211739749935844,-0.208298858591171,0,0,0.202742324170651,0,0,0,0,0,0,-0.204907538114511,0.198113603910406,0,0,0,0,0,0,0,0.19033518383657,0,0,0,0,0,-0.190944395875455,0,0,0,-0.187861424864875,0,0,0,0,0,0,0.202149091662722,0,0,0,0,0,0,-0.201327460854329
0,0,0,0,0,0,0,0,-0.202869304262115,0,0,0,0,0,0,0,0,0,0.201298809429988,0,0,0,0.20774854060863,0,0,0,0,0,0,0,-0.208357579216023,0,0,0,0,0,0,0,0,0,0,0,0,0,0,0,0,0,0,0,0,0,0.229944334293314,0,0,0,0,0,0,0,0,0,0,0,0,0,0,0,0,0,0,0,0,0,-0.116414261981845,0,0,0,0,0,0,0,0,0,0,0,0,0.195015578900825,0,0,0.219432781764896,-0.19914401818917,0,0,0.236340112275042,0,0,0,0,0,0,0.201596761358042,0,0,0.184840285378793,0,0,0,0,0,0,0,0,0,0,0,0,0,0,0.204642150702461,0,0,0,0,0,0,0,0,0,0,0,0,0.200920562658681,0,0.190697092923434,0,0,0,0,0,0,0,0,-0.189268053101355,0,0,0,0,0,0,0,0,0
0,-0.217825230312351,0,0,0,0,0,0,0,0,0,0,0,0,0,0,0,0,0,0,0,0,0.222488852599025,0,0,0,0,0,0,0,0,0,0,0,0,0,0,0,0,0,-0.206577277163846,0,0,0,0,0,0,0,0.221935434590342,0,0,0,0,0,0,0,0,0,0,0,0,0,0,0,0.221676653393758,0,0,0,0,0,0,0,0.223471143160126,0,0,0,0,0,0,0,-0.204671909634838,0,0.18138994151655,0,0,0,0,0,0,0,0,0,0,0,-0.217722205523264,0,0,0.178100577455438,0,0,0,0,-0.182999210056674,0,0,0,0,0.20835562362248,0,0,0,0,0,0,0,0,0,0,0,0,0,0,0,0,0,0,0,0,0,0,0,0,0,0,0,0,0,0,0,0,0,0,0,0,0.181004529050154,0,0,0,0,0.189680563875373,0,0,0
-0.23535189698344,0,0.216647156661424,0,0,0,-0.22105598159459,-0.228084034617915,0,0,0,-0.239743462137237,0,0.229341340022458,0,0,0,0,0,0,0,0,0,0,0,0,0,0,0,0,0,0,-0.212200450847566,0,0,0,0,0,0,0,0,0,0,0,0,0,0,0,0,0.2189910200811,0,0,0,0,0,0,0,0,0,0,0,0,0,0.227235392895521,0.232286239784097,0,0,0.220197907369755,0,0,0,0,0,0,0,0,-0.773473719600588,0,-0.216820066983575,0,0,0,0,0,0.188986438724928,-0.18798859441534,0,0,0,0,0,0,0,0,-0.229393316365148,0,0,0,0,0,0,0,0,0,0,0,0.189344305246584,0,0,0,0,0,0,0,0,0,0,0,0,0,0,0,0,0,0,0,0,0,0,0,0,0,0,0,0,0,0,0,0,0,0,0.225842431420515,0,0,0,-0.195953160585862,0,-0.221139221370489,0,0,0,0,0
0,0,0,0,0,0.181517856239683,0.197196055386551,0,0,0,0,-0.213866481681014,0,0,0,0,0,0,0,0,0,0,0,0,0,0,0,-0.189507584879587,0,0,0,0,-0.189296356319053,0,0,0,0,0.2031358803749,0,0,0,0,0,0,0,0,0,0,0,0,0,0,0,0,0,0,0,0,0,0,0,0,0,0,0,0,0,0.196430598369076,0,0,0.203141486037666,0,0,0,0,0,0,-0.673918430693448,0,0,0,0,0,0,0,-0.178439888788212,0,0,0,0,0,-0.183472522329975,0,0,0,0,0,0,0,0,0,0,0,0,0,0,0,0,0,0,0,0,0,0,0,0,0,0,0,0,0,-0.190300355424063,0,0,0,0,0,0,0,0,0,0,0,0,0,0,0,0,0,0.171568873114326,0,0.214370975386407,0,0.174373739240326,0,0,0,0,0,0,0,0,0
0,0,0,0,0,0,0,0,0,0,0,0,0,0,0,0,0,0,0,0,-0.222926699252785,0,0,0,-0.215754163148504,0,0,0,0,0,0,0,0,0,0,0,0.198025145082603,0,0,0,0,0,0,0,0,0,0,0,0.218880004579811,0,0,0,0,0,0,0,0,0,0,0,0,0,0,0,0,0,0,0,0,0,0,0,0.220394570739145,0,0,0,0,0,0,0,0.230340123233835,0,0,0,0,0,0,0,0,-0.211540115919007,0,-0.206463795338617,0,0,0,-0.20533140835696,-0.214244218615923,0,0,0,0,0,0,0,0,0.209642209882858,0,0,0,0,0,0,0,0,0,0,0,0,0,0,0,0,0,0,0,0,0,0,0,0,0,0.198069629750586,0,0,0,0,0,0,0,0,0,0,0.199917955126143,0,0,-0.209307885782941,0,0,0,0,-0.203083115558306,0,0
0,0,0,0,0,0,0,0,0,0,0,0,0.209721467031628,0,0,0,0,0,0,0,0,0,0,0,0,-0.179533323966938,0,0,0,0,0,0,0,0,0,-0.199807354924059,0,0,0,0,0,0,0,0,0,0,0,0,0,0,0,-0.20109034044516,0,0,0,0,0,0,0,0,0,0,-0.204602542776428,-0.199018635624497,0,0,0,0,-0.204193804553941,0,0,0,0,0,0,0,0,0,0,0,0,0,0,0,0,0,0.204273002773521,0,0,0,0,0,0,0,0,0,0,0,0,0,0,0,0,0,0,0,0,0,0,0,0,0,0,0,0,0,0,0.190411162706931,0,0,0,0.198898372228191,0,0,0,0,0,0,0,0,0,0,0,0,0,0.191797600309398,0,0,0,0,0,0.224056534010732,0,0,0,0,0,0,0,0,0,0.202440085191375,0
0,0,0,0,0,0,0,0,0,0,-0.217391992039754,0,0,0,0,0,0,0,0,0,0,0,0,0,0,0,0,0,0,0,0,0,0,0,0,0,0,0,0,0,0,0,0,0,0,0,0,-0.197858055863641,0,0,0,0,0,0,0,0,-0.206860572539945,-0.203380261751872,0,0,0,0,0,0,0.217608278459082,0,0,0,0,0,0,0,0,0,0,0,0,0.200293923920274,0,0,0,0,0,0,0,0,0,0,0,0,0,0,0,0,0,0,0,0,0,0,0,0,-0.204831794901957,0,0,0,0,0,0,0.214505034309397,0.201630613536646,-0.198269149458287,0,0,0.200955458613632,0,0,0,0,0,0,0,0,0,0,0,0,0,0,0,0,0,0,0,0,0,0,0,-0.193458675955321,-0.192020756420823,-0.237557933856373,0,0,0.195159976871463,0,0,0,0,0,0,0.201981047342459,0,0
0,0,0,0,0,0,0,0,0,0,0,0,0,0,0,-0.222219467203187,0,0,0,0,0,0,0,0,0,0,0,0,0.199212666717077,0,0.211348765863568,0,0,0,0,0,0,0.20582934858018,0,0,0,0,0,0,0,0,0,0,0,0,0,0,0,0,0,0,0,0,0,0,-0.195608505152484,0,0,0,0,0,0.203860052005345,0,0,-0.202720782362357,0,0,0,0,0,0,0,0,-0.203897742814997,0,0,0.0529456709045917,0,0,0,0,0,0,0,0,0,0,0,-0.171692400868255,0,0,0,0,0,0,0,0,0,0,-0.164614791392211,0,0,0,0,0,0,0,0,0,0,0,0,0,0,-0.182249907691411,0,0,0,0,0,0,0,0,0,0,0,0.170142760431388,-0.178935541246785,0,0,0,0,0,0,0,0,0,0,0,0,0,0,0,0,0,0,0,0
0,0,0,0,0,0,0,0,0,0,0,0,0.217067258938264,0,0,0,0,0,0,0,0,0,0,0,0,0,0,0,0,0,0,0,0,0,0,0,0,0,-0.198639234538483,0,0,0,0,0,0,0,0,0,0,0,0,0,0,0,0,0,0.20016816003843,0.196800445261966,0,0,0,0,0,0,0,0,0,0,0,0,0,0,0,0.19584934029789,0,0,0,0,0,0,0,0,0,0,0,0.176993199646229,0,0,0,0,0,0,0,0.176176204877987,-0.215976172209808,0,0,0,0,0,0,0,0,0,0,0,0,-0.206684706046496,0,0,0.178694600849774,0,0,0,0,0,0,0,0,-0.187009424494412,0,0,0,0,0,0,0,0,0,0,0,0,0,0,0,0,0,0,0,-0.170177890259974,0,0,0,0,0,0,0,0,0,0,0,0,0
0,0,0,0,-0.225075379172974,0,0,0,0,0,0,0,0,-0.227050304821891,-0.20407369898774,0,0,0,0,0,0,0,0,-0.230520208204742,0,-0.202939715037599,0,0,0,0,0,0.22541742970645,-0.210080646792962,0,0,0,0,0,0,0,-0.214301800442102,0,0,0.207198425027373,0,0,0,0,0,0,0.21230755348261,0.227307195594895,0,0,0,0,0,0,0,0,0.214245084539639,0,0,0,0,0,0,0,0.230815269237988,0,0,0,0,0,0,0,0.237279182125094,0,0,0,0,0,0,0.867222452536225,0,0,0,0,0,0,0,0,0,0,0,0,0.181034390206155,0,0.175995690972311,0,0,0,0,0,0,0.177145735239892,0,0,0,0,0.171305631967774,0,0,0,0,0,0,0,0,0,0,0,0,0,0,0,0,0,0,0,0,0,0,0,0,0,0,0,0,0,0,-0.203840666714273,0,0.165808170626361,0,0,0,0,0,0,0,0,0
0,0,0,0.22469029166055,0,0,0,0,0.23031155370859,0,0,0.24253384727559,0.242242701565972,0,0,0,0,0,0,0,0,0,0,0,0,0,0,0,0,0,0,0,-0.214670261615786,0,0,0,0,0,0,0,0,0,0,0.211725072185444,0,0,0,0,0,0,0,0,0,0,0,0,0,-0.219625344526066,0,0,0,0,0.236329992398702,-0.22988019604298,0,0,-0.228160837753367,0,0,0,0,0,0,0,0,0,0,0,0,0,0,-0.219160401596074,0,0,-0.705773349618539,0,0,0,0,0,0,0,0,0,0,0,-0.186741257195052,0,0,0,0,0,0,0,0,0,0,0.204384401181886,0,0,0,0,0,0,0,0,0,0,0,0,0,0,0,0,0,0,0,0,0,0.199711463415569,0,0,0,0,0,0,0,0,-0.16954405876784,0,0,0,0,0,0,0,0,0,0,0.18606528486965,0,0,0
0,0,0,0,0,0,0,0.196302251941437,0,0,0,-0.206337026546442,0,0,0,0,-0.20244634610328,0.193104681364282,0,0,0,0,0,0,0,0,0,0,0,0,0,0,0,0,0,0,0,0.195984210391447,0,0,0,0,0,0,0,0,0,0,0,0,-0.184567868733467,-0.197607687293932,0,0,0,0,0,0,0,0,0,0,0,0,0,0,0,0,0,0,0,0,0,0,0,0,0,0,0,0,0,0,0,0,0,-0.377313694451004,0,0,0,0,0,0,-0.170236890866749,0,0,0,0,0,0,0.175684642223112,0,0,0,0,0,0,0,0,0,0,0,0,0,0,0,0,0,0,0,0.183951680033219,0,0,0,0,0,0,0,0,0,0,0,0,0,0,0,0,0,0,0,0,0,0,0,0,0,0,0,0,0,0,0,0,0.180737736648221
0,0,0,0,-0.199539642926679,0,0,0,0,0,0,0,-0.210167743696258,-0.201290505061134,0,0,0,0,0,0,0,0,0,0,0,0,0,0,0,0,0,0,0,0,0,0,0,0,0,0,0,0,0.183352965151952,0,0,0,0,0,0,0,0,0,0,-0.191690611469244,0,0,0,0,0,0,0.189938090185251,0,0,0,0,0,0,0,0,0,0,0,-0.205525598624342,0,0,0,0,0,0,0,0,0,0,0,0,0,0,0,0,0,0,0.196066471240858,0,0,0.232687741503831,0,0,0,0,0,0,0,0,0,0,0,0.192063567729706,0.222677330379867,0,0,0,0,0,0,0,0,0,0,0,-0.20147963629647,0,0,0,0,0.214776205881195,-0.190267240489797,0,0,0,0.21758615267346,0,0,0,0,0,0,0,0,0,0,-0.226825649436617,0,0,0,0,0,0,-0.224315105574857,0,0,0,0,0
0,0,0,0,0.224797459108106,0,-0.218577483834301,0,0,0,0,0,0,0,0,0.243090866704776,0,0,0,0,0,0,0,0,0,0,0,0,0.217923210870381,0,0,0,0,0,0,0,0,0,0.216670098118011,0,0.214037183448013,0,0,0,0,0,0,0,0,0,0.212045398957967,0,0,0,-0.21451782105268,0.209525946091814,0,0,0,0,0,0,0,0,0,0,0,0,0,0,0,0,0,0,0,0,0,0,0,0,0,0,0.214828674350405,0,-0.239744486123906,0,0,0.142129145795479,0,0,0,0,0,0,0,0,0,0,0,0,0,-0.182462384677151,0,0,0,0,0,0,0,0,0,0.174032955651265,0,0,0,0,0,0,0,0,0,0,0,0,0,0,0,0,0,0,0,0,0,0,0,0,0,0.166782873908652,0,0,0,0,0,0,0,0.182725326170049,0,0.206211199825008,0,0,0,0,0
0,-0.197228252815351,0.187201968754663,0,0,0,0,0,0,0,0,0,0,0,0,0,0,0,0,0,0,0,0,0,0,0,0,0,0,0,0,0,0,0,0,0,0,0,0,0,0,0,0,0,0,0,0,0,0,0,0,0.198395062013544,0,0,0,0,0,0,0,0,0,0,0,0,0,0,0,0,0,0,0,0,0,0,0,0,0,0,0,0,0,0,0,0,0,0,0,0,0,0,0,0,0,-0.169703417264709,0,0,0,0,0,0,0,0,0.174862090891035,0,0,0,0,0,0,0,0,0,0,0,0.171552915825232,0,0,0,0,0,0,0,0,0,0,0,0,0,0,0,0,0,-0.176862648935699,0,0,0,0,0,0,0,0.202799946374355,0,0,0,0,0,0,0.200555322973958,0,0,0,0,0
0,0,0,0,0,0,0,0,0,0,0,0,0,0,0,0.218578224755588,0,0,0,0,0.210585069045398,0.183961022642102,0,0,0,0,0,0,0,0,0,0,0,0,0,0,0,0,0,0,0,0,0,0,0,0,0,0,0,0,0,0,0,0,0,0,0,0,0,0,0,0,0,0,0.206521317658351,0,0,0,0,0,0,0,0,0,0.189883616500271,0,0,0,0,0,0.199624217209546,0,0,0,0,0,0,0,-0.184127524736849,0,0,0,0,0.182564122636287,0,0,0,0,0,0,0,0,0,0,0,0,0,0,0,0,0,0,0,0,0,0,0.181950232667244,0.187255074661746,0,0,0,0,0,0,0,0,0,0,0,0,0,0,0,-0.175072490103453,0,0,0,0,0,0,-0.218168819916978,0,0,0,0,0,0,0,0,0,0,0,0.190404302826483
0,0,0,0,0,-0.191155370505735,0,-0.214268332154175,0,0,0,0,-0.224951151385178,0,0,0,0,0,0,0,0,0,-0.219015517470482,0,0,0,0,0,0,0,0.21965758650917,-0.213900033386475,0,0,0,0,0,0,0,0.210958612012944,-0.203352342048445,0,0,0,0,0,0,0,0,0,0,0,0,0,0,0,0,0,0,0,0.203298523967713,0,0,0,0,0,0,0,0,-0.210690408373195,0.213927085924489,0,0,0,0,0,0,0,0,0,0,0,0,0,-0.227776323539311,0,0,0,0,0.200181712011727,0,0,0,0,0,0,0,0,0,0,0,0,0,0,0,0,0,0,0,0,0,0,0,0,0,0,0,0,0,0,0,0.210357417975217,0.208847577093736,0,0,0,0,0,0,0,0,0,0,0,0,0,0.202234938788533,0,0,0,0.234627057464939,0.236965006032834,0,0.192752186234964,0,0,0,0,-0.199921862724207,0,0,0,0
0,0,0.212468471781691,0,0,0,0,-0.22368475552534,0,0,0,0,0.234837051265846,0,0,0,0,0,0,0,0,0,0,0,0,0,0,0,0,0,0,0,0,0,0,0,0,0,0,0,0.212289041779082,0.214713003829374,0,0,0,0,0,0,0,0,0,0,0,0,0,0,0,0,0,0,0,0,0,0.222852482383029,0,0,0,0,0,0,-0.223328512590634,0.205524855412428,0,0,0,0,0,0.209680163189297,0,0,0,0,0,-0.232702547259901,0,0,0,0,-0.203104156793242,0.208979072463998,0,0,0,0,0,0,0,0,0,0,0,0,0,0,0,0,0,0,0,0,-0.180730222519543,0,0,0,0,0,0,0,0,0,0,0,0,0,0,0,0,0,0,0,-0.180052986198945,0,0,0,0,0,0,0.170313632698019,0,0,0.212933430564312,0,0,0,0,0,0,0,0,0,0,0,0
0,0,0,0,0,0,0,0,0,0.205387066212783,0,0.231045435098745,0,0.221020707798429,0,0,0,0,0,0,-0.228263667922895,0,-0.224678959173102,-0.224398463676234,0,-0.19755040405344,0,0,0.212398261458431,0,0,0,0,0,0,0,0,0,-0.211176918541575,0,0,0,0,0,0,0,0,0,0,0,0,0,0,0,0,0,0,0,0,0,0,0,0,0,0,0,0,0,0,0,0,0,0,0,0,0,-0.230977944822666,0,-0.217393435883819,0,0,0,0,0,0,0,0,0,0,0,0,0,0,0,0,0.174078143346197,0,0,-0.176578947016697,0,0,0,0,0,0,0,0,0,0,0,0,0,0,0,0,0,0,0,0,0,0,0,0,0,0,0,0.170470798581425,0,0,0,0,0,0.17659966951107,0.162497552216701,0,0,0,0,0,0,0,0,0,0,0,0,0,0,0,0,-0.172172060690747,0,0
0,0,0,0,0,0,0,0,0,0,0,0,0,0.206061951799144,0,0,0,0,-0.202969355053676,0,-0.212814705941131,0,0,0,0,0,0.176631555651927,0,0.19802307553365,0,0,0,0,0,0,0,-0.189042690538906,0,0,0,0,0,0,0,0,0,0,0,0,0,0,0,0,0,0,0,0,0,0,0,0,0,0,0,0.208707928284137,0,0,0,0,0,0,0.188294794614795,0,0,0,0,0,0.192101744498481,0,0,0.20173780257431,0,0,0,0,0,0,0,0,0,0,0,0,0.12251043622382,0,0,0,0,0,0,0,0,0,-0.181331842084687,0,0,0,0,0,0,0,0,0,0,0,0,0,0,0,0,0,0,0,0,0,0,0,0,0,0,0,0,-0.179772692418126,0,0,0,0,0,0,0,0,0,0,0,0,0,0,0,0,0,0,0,0
0,0,0,0,0,0,0,0,0,0,0,0,0,0,0,0,0,0,0,0,0,0,0,0,0,0,0,0,0,0,0.197748004161872,0,0,-0.176000119953328,0,0,0,0,0,0,0,0,0,0,0,0,0,0,0,0,0,0,0.218235560932917,-0.184709359686584,0,0,0,0,0,0,0,0,0,0,0,0,0,0,0,0,0,0,0,0,0,0,0,0,0,0,0,0,0,0,0,0,0,0,0,0,0,0.198788106785773,0,0,0,0,0,0,0.220359281914827,0,0,0,0,0,-0.202747056105518,0,0,0.248083491687245,0,0,0.214486990220251,0,0,0,0,0,0,0,0,0,0,0,0,0,0,0,0,0,0,0,0,0,0,0,0,0.218476988323948,0,0,0,0,0,0,0,0,0,0,0,0,0,0,0,0,-0.22054544814812
0,0,0,0,0,0,0,0,0,0,0,0.245844601956246,0,0,0,0,0,0.230078645216903,0,0,0,0,0,0,0,0,0,0,0,0,0,0.2334864349633,0,0,0,0,0,-0.233509520805999,0,0,0,0,0,0,0,0,0,-0.216578684842417,0,0,0,0,0.264612538734238,0,0,0,0,0,0,0,0,0,0,0,0,0,0,0,0,0,0,0,0,0,0,0,0,0,0,0,0,0,0,0,0,0,0,0,0.212369045705497,0,0,0,0,0,0,0,0.189946679009053,0,0,0,0,0,0,0,0,0,0,0.207892668330938,0,0,0,0,0,-0.17320712574956,0,0,0,0,0,0,0,0,0,0,0,0,0,0,0,0,0,0,0,0,0,0,0,0,0,0,0.211765559730905,0,0,0,0,0,0,0,0.180441955926431,0,0,0,0
0,0,0,0,0,0,0,0,0,0,0,0,0,0.212127649713606,0,0.227394745633061,0,0,0,0,0,0,0,0,0,0,0,0.196492319425515,0,0,0,0,0,0,0,0,0.194607404663636,0,0,0,0,0,0.193224382610058,0,0,0,0,0,0,0,-0.198353851020108,0,0,0,0,0,-0.204239965011574,0,0,0,0,0,0,0,0,0,0,0,0,0,0,0,0,0,0,0,0,0,0,-0.194156796029932,0.207676213608754,0,0,0,0.224264437319576,0,0,0,0.191554450121457,0,0,0,0,0,0,0,0,0,0.192675449795173,0,0,0.193346587149906,0,0,0,0,0,0,0,0,0,0,-0.194193431657161,0,0,0,0,0,0,0,0,0,0,0,0,0,0,0,0,0,-0.186838139221406,0,0.192698061301196,0,0,0,0,0,0,0,0,0,-0.184938835974261,0,0,0,0,0,0,-0.197474264112272,0.187866842543889,0,0
0,0,0,0,0,0,0,0,0,0,0.200891603992854,0,0,0,0,0,0,0,-0.195562320548681,0,0,0,0,0,-0.198451069774067,0,0,0,0,0,0,0,0,0,0,0,0.182143886867936,0,0,0,0,0,0,0.181182763701013,0,0,0,0,0,0,0,0,0,0,0,0,0,0,0,0,-0.187344650525798,0,0,0,0,0,0,0,0,0,0,-0.181423284181834,0,0,0.18489121003014,0,0,0,0,0,0,0,0,0,0,0,0,0,0,0,0,0,0,0,0,0,0,0,0,0,0,0,0,0,0,0,0,0,0,0,0,0,0,0,0,0,0,0,0,0,0,0,0,0,0,0,0,0,0,0,0,0,0,-0.165882988795114,0,0,0,0,-0.168343090963872,0,0,0,0,0,0.176296903092935,0,0,0,0,0,0,0,0
0,0,0,0,0,0,0,0,-0.219281156286705,0,0,0,0,0,0,0,0.226563903385656,0,0,0,0,0,0,0.224274775359148,0,0,0,0,0,0,0.22521342525312,0,0,0,0,0,0,0,0,0,0,0,0,0.201584844078011,0,-0.217850569962105,0,0,0,0,0,0,0,0,0,0,0,0,0.20960255494217,-0.192695254897925,0,0,-0.225011351640596,0,0,0,0,0,0,0,0,0,0,0,0,0,0,0,0,0,0.216263383488418,0,0,0,0,0,0,0,0,0,0,0,0,0.207418040578234,0,0,0,0,0,0,0,0,0,0,0,0,0,0,0,0,-0.182321102936579,-0.179281555382276,0,0,0.181710605413123,0,0,0,0,0,0,0,0,0,0,0,0,0,0,0,0,0,0.187334729103729,0,0,0,0,0,0,0,0,0,0,0,0,0,0,-0.212430252095211,0,0,0,0,0
0.220561298911086,0,0,0,0,0,0,0,0,0,0,0,0,0,0,0,0,0,0,0,0,0,0,0,0,0,0,0,0,0,0,-0.21338277438079,0,0,0,0,0,0.213403872485117,0,0.210448466034175,0,0,0,0,0,0,0.209551444418832,0,0.21794242701059,0,0,0,0,0,0,0,0,0,-0.203937461418584,-0.187487128304005,0,0,0,0,0,0,0,0,0,0,0,-0.196396823079214,0,0,0,-0.214352213868673,0,0,0,0,0,0,0,0,0,0,0,0,0,0,0,0,0,0,0,-0.230327293776761,0,0,0,0.717308473773301,0,0,0,0,0,0,0,0,0,0,0,0,-0.18366533579986,0,0,0,0,0.17936703540741,0,0,0,0,0,0,0,0,0,0,0,0,0,0,0,0,0,-0.180673057591176,0.180127412520099,0,0,0,-0.208978552477306,0,0,0,0.178225472475503,0,0,0,0,0,0,0,0.182383603694015
-0.217216694149546,0,0,0,0,0,0,0,0,-0.196697105199243,0,0,0,0,0.190249178241425,0,0,0,0,0,0,-0.190967695934927,0,0,0,0,0,0,0,0,0,0,0,0,0,0,0,0,0,0.207257212876746,0,0,0,0,0,0,0,0,0,0,0,0,0,0,0.200233031455687,0,0,0,0,0,0.199731525807153,0,0,0,0,0,0,0,0,0.2069937150355,0,0,0,0,0,0,0,0,0,0,0,0,0,0,-0.223779847267732,0,0,0,0,0,0,0,0,0,0.1870787216912,0,0,0,0,-0.207303673192658,-0.590061161667109,0,0,0,0,0.176534562197509,0,0.197454754615344,0,0,0,0,0,0,0,0,0,0,0,0,0.172734509413916,0,-0.179033828992532,0.17041887980739,0,0,0,0,0,0,0,0,0,0,0,0,0,0,0,0,0,0,0,0,0,0,0,0,0,0,0,0,0
0.209023173692218,0,0,0,0,0,0,0.202568364204504,0,0,0,0,0,0,0,0,0,0,0,0,0,0,0.207056332885793,0,0,0,0,0,0,0,0,0,0,0,-0.201118979270046,0,0,0,0,0,0,0,0,0,0,-0.200874248101338,0,0,0,0,0,-0.203915470013604,0,0,0,0,0,0,0,0,0,0,0,0,0,0,0,0,0,0,0,0,0,0,0,0,0,0,0,0,0,0,0,0,0,0,0,0,0,0,0,0,0,0,0.180022020366706,0,0,0,0,0,0,0,0,0,0,0,0,0,0,0,0,0,0,0,0,0,0,0,0,0,0,0,0,0,0,0,0,0,0,-0.206775569823768,0,0,0,0,0,0,0,0,0,0,0,0,0,0,-0.183834997807548,0,0,0,0.183671736400121,0,-0.18327415112825,0.196700360615545,0
0,0,0,0,0,0,0,0,0,0,0,0,0,0,0,0,0,0,-0.200923140320519,0,0,0,0,0,0,0,0,0,0,0.197395529018315,0,0,0,0.185096799264756,0,0,0,0,0,0,0,0,0,0,0,0,0,-0.187852403889136,0,-0.194778606999784,0,0,0,0,0,0,0,0,-0.193553197558839,0,0.192480204777093,0,0,0,0,0.186065641349882,0,0,0.207367045942135,0,0,0,0.208276335049829,0,0,0,0,0,0,0,0,0,0,0,0,0.183470074465862,0,0,0,0,0,0,0,0,0,0,0,0,0,0,0,0,0.806456675985828,0,0,0,0,0,0,0,0,0,0,0,0,0.174961017604377,0,0.182306194779192,0,0,0,0,0,0,0,0,0,0,0,0,0,0,0,0,0,0,0,0,0,0,0,0,0,0,0,0,0,0,0,0,0,0,0.185372193413631
0,0,0,0,0,0,0,0,0,0,0,0,0,0,0,0,0,0,0,0,0.213202419000034,0,0,0,0,0,0,0,0,0,0,0,0,0,0.203836652144194,0,0,0,0,0,0,0,0,0,0.192929574034943,0,0,0,0,0,0.193033043518367,0,0,0,0,0,0,0,0,0,0,0,0,0,0,0,0,0,0,0,0,0,-0.21078074440414,0,0,0,0,0,0,0,0,-0.195003524219009,-0.195566765648592,0,0,0,-0.189350646796666,0.213318735345274,0,0,0,0,0,0,0,0.221227826886523,0,0,0,0,0,0,0,0,0,0,0,-0.212733146931502,0.198899997269816,0,0,0,0,0,0,0,0,0,0,0,0,0,0,0,0,0,0,-0.192066958419561,0,0,0,0,0,0,0,0,0,0,0,0,0,0,0,0,0.184807409582869,0,0,-0.2142977833972,0,0,0,0,0
0,0,0.198354245849831,0,0,0,0,0,0,0,0,0,0,0,0,0,0,0,0,0,0,0,-0.213452030884849,0.213185551399271,0,0,0,0,0,0,0,0,-0.194283003965949,0,0,0.208872954132159,0,0,0.2006246704391,0,0,0,0,0,0,0,0,0,0,0,0,0,0,0,0,0,0,0,0,0,0,0,0,0,0,0,0,0,0,-0.20533839827709,0,0,0,0,0,0,0,0,0,0,0,0,0,0,0,0,0,0,0,0,0,0,0,0,0,0.225020613741344,0,0.189967179350915,0,0,0,0,0,0,0.852922494290397,0,0,0,0,0,0,0,0,0,0,0,0,0,0,0,0,0,0,0,0,0,0,0,0,0,0,0,0,0,0,0,0,0,0,0,0,0,0,0,0,0,0,0,0,0,0,0,0
0,0,0,0,0,0,0,0,0,0,0,0,0,0,0,0,0,0,0,0,0,0,0,0,0,0,0,0,0,-0.213815186023564,0,0,0,0,0,0,0,0,0,0,0,0,-0.201262646170419,0,0,0,0,0,0,0,0,0,0,0,0,0,0,0,0.20965324365406,0,0,0,0,0,0.223789480599461,0.20154286125765,0,0,-0.22461614872321,0,0,0.201901262845462,0,0,0,-0.220359891750132,0,0,0,0,0,0,0,0,0,0,0,0.228317514988341,0,0,0,0,0,0,0,0.236782707338137,0,0,0,0,0,0,0,0.207846173618161,0,0.198607174446806,0,0.212257241871026,0,0,0,0,0,0,0,0,0,0,0,0,0,0,0,0,0,0,0,0,0.178393410852434,0,0,0.179293203240773,0,0,0,0,0,0,0,0,0,0,0,0,0,0,0,0,0,0,0,0,0
0,0,0,0,0,0.201576500542718,0,0,0,0,0,0,0,0,0,0,0,0,0,0,0,0,0,0,0,0,0,0,0,0,0,-0.22556112382269,-0.210214564356123,0,0,0,0,0,0,0,0.214438408812907,0,0,0,0,0,0,0,0,0,0.212442890604981,0,0,0,0,0,0,0,0,0,0,0,0,0,0,0.207237209167731,-0.223425130013094,0,0,0,0,0,0,0,0,0,0,0,0,0,0,0,-0.215231383411828,0,-0.24019390134876,0,0,0,0.205160529441522,0,0,0,0,0,0.20080078063771,0,0,0,0,0,0,-0.210869188802954,0,0,0,0,0.12654315168038,0,0,0,0,0,0,0,0.176447609370311,0.171817064032386,0,0,0,0.18527827798892,0,0,0,-0.176733738352706,0,0,0,0,0,0.200089638946202,-0.176377014850616,0,0,0,0,0,0,0,0,0,0,0,0,0,0,0,0,0,0,0,0,0,0
0,0,0,0,0,0,0,0,-0.186930580806546,0,0,0,0,-0.188309642652015,0,0,0,0,0,0,0,0,0,0,0,0,0,0,0,0,0,0,-0.174235447764405,0,-0.185937306440196,0,0,0,0,0,0,0,0,0,0,0,0,0,0,0,0,0,0,0,0,0,-0.181307598884516,0,0,0,0,0,0,0,0,0,0,0,0,0,0,0,0,0,0,0,0,0,0,0,0,0,0,0,0,0,0,0,0,0,0,0,0,-0.176817631991827,0,0,0,0,0,0,0,0,0,0,0,0,0,0.548357670893893,0,0,0,0,0,0,0,0,0,0,0,-0.214810506790197,0,0,0,0,0,0,0,0,0,0,0,0.200540307854828,0,0,0,0,0,0,0,0.195476773162969,0.241833535160838,0,0,0,0,0,0,0,0,0,0,0,0
0,0,0,0,0.212388227907811,0,0,0,0,0,0.2167872853889,0,0,0,0,0.229671805921847,0,0,0,0,0,0,0,0,0,0,0,0,0,0,0,0,0,0,0,0,0,0,0,0,0,0.20453095286123,0,0,0,0,-0.208891729504844,0,0,0,0,0,0,0,0,0,0,0,0,0,0,-0.204012804395895,0,0.21228444368238,0,0,0,-0.205709989409552,0,0,0,0,0,0.20183436064183,0,0,0,0,0.210735645283903,0,0,0,0,0,0,0,0.196518314871394,0,0,0,0,0,0,0,0,-0.229602171832483,0,0,0,0,0,0,0,0,0,0,0.22180870558414,0,0,0,-0.191912414445129,0,0,0,0,0,0,0,0,0,0,0,0,-0.191579965438876,0.214096782258423,0,0,-0.200409116940889,0,0.216897840057508,0,0,0,0.18144347856553,0,-0.195482468595853,0,0,0,0,0,0.228361169810227,0,-0.185753649743524,0,0,0.200694567353818,0,0,0,0,0,-0.197333224758882
0,0,0,0,0,0,0,0,-0.219625869526739,0,0,0,-0.231003452111871,-0.221246137626455,0,0,0,0,0,0,0,0,0,0,0.22114474449213,0,0,0,-0.212614896831788,0,0,0,0,0,0,0,0,0,0,0,0,0,0,0,0,0,0,0,0,0,0,-0.221496461409827,0,0,0,0,0,0,0,0,0,0,0,0,0,0,0,0,0.224914856926417,0,0,-0.202169763413176,0.225901091883051,0,0,0,0,0,0,0,0,0,0,0,0,0,0,0,0,-0.205567592073326,0,-0.226753889793178,0,0,0,-0.237097595370283,0,0.200162823638684,0,0,0,0,0,0.208122580089459,0,0.222756009790117,0,0,0.216000839805885,0,0,0,0,0,0,-0.183223601111331,0,0,0,0,0,0,0,0,0,0,0.187253105942377,0,0,0,0,0,0,0,0,0,0,0,0,0,0,0,0,0,0,0,0,0,0,0,0,0,0
0.241144867601396,-0.233868661023638,0,0,0,0,0,0,0,0,0,0,0,0,0,0,0,0,0,0,0,0,0,0,-0.234878676270947,0,0,0,0,0.227395927576196,0,0,0,0,0,0,0,0,0,0.230088269017613,0,0,0,0.214440606188996,0,0,-0.229107534139213,0,0,0,0,0,0,-0.223779458600667,0,0,0,0,-0.222969634181264,0,0,0,0,0,0,0,0,0,0,0.229795744760721,0,0,0,0,0,0,0,0,0,0,0,0,0,0,0.248431005050128,0,0,0,0,0,0,0.240836170880856,0,0,0,0,0,0.21259369813594,0.236532805965038,0,0,0,0,0,0.224837485994239,0,0,0,0,0,0,0,0,0,0,0,0,0,0,0,0,0,0,0,0,0,0,0,0,0,0,0,0,0,0,0,0,0,0,-0.16900449299766,0,0,0,0,0,0,0,0,0,0,0,0,0
0,0,0,0,0,0,0,0,0.211849100353285,0,0,0.223091618823283,0,0,0,0,0,0,0,0,0,0,0,0.216673471612168,0,0,0,0,0,0,0,0,0,0,0,0,-0.19578567312119,0,0,0,0,0,0,0,0,0,0,0,0,0,0,0,0.240122578073389,0,0,0,0,0,0,0,0,0,0,0,0,0,0,0,0,0,0.211904000169155,0,0,0,0,0,0,0,0,0,-0.208933608373883,0,0,0,0,0,0,0,0,0,0,-0.218724723357074,0,0,0,0,0,0,0,0,0,0,0,0,0,0,0,0,0,0,0,0,0,0,0,0,0,0,0,0,0,0.184330848870164,0,0,0,0,0,0,0,0,0,0,0,0,0,0,0,0,0,0,0,0,0,0,0,0,0,0,0,0,0,0,0
0,0,0,0,0,0,0,0,0,0,0,0,0,0,0,0,0,0.224262090512,0,0,0,0,-0.233026462672614,-0.232735545918899,0,0,0,0,0.220289499860725,0.22182772320332,-0.233709606399621,0,0,0,0,0,0,0,0,0,0,-0.21883173625292,0,0,-0.214232969898065,0,0,0,0,0,0,0,-0.257922942202147,0,0,0,0.220708597938646,0,0,0,0,0,0.233499909555867,0,0,0,0,-0.220093210916611,0,0,0,0,0,0,0,0,0,0,0,0,0,0,0,0,0,0,-0.210258855430958,0,0,0,0,0,0,0,0,0,0,0,-0.230740868446448,0,0,0,0,0,0,0,0.237317547686403,0,0,0,0.245456010984057,0,0,0,-0.183142201412724,0,0,0,0,0,0,0,0,0,-0.204999199468605,0,0,0,0,0,0,0,0,0,0,0,0,0,0,0,0,0,0.18120794113668,0,0,0,-0.192166482892631,0.214103870970688,0,0,0,0,0
0,0,0,0.228384528533533,0,0,-0.227305647713268,0,0,0.21914442522858,0,0,0,0,0,0,0,0,0,0,0,0,0,-0.239429255460313,0,0,0,0,0,-0.228207712738196,-0.240431330905007,0,0,0,0,0,0,0,0,0,0,0,0,0,0,0,0,0,0,0,0,0,0,0,0,0,-0.227056400299737,0,0,0,0,0.224555236368586,0,0,0,0,0,0,0,0,0,0,0,0,0,-0.235192961785194,0,0,0,0,-0.230876525498871,0,0,0,0,0,0,0,0,0,0,0,0,0.221433493557874,0,0,0,0,0,0,0,0,0,0,0,0,0.244143040229975,0,0,0,0,0,0,0.443014025455341,0,0,0,0,0,0,0,0,0,0,0,0.169010996521162,0,0,0.166242951799493,0,0,0,0,0,0,0,0,0,0,0,0,0,0,0,0.171834816711054,0,0,0,0,0,0,0.183860368354641,0
0,0,0,0.19812777835121,0,0,0.197191829399688,0,0,0,0,0,0,0,0,0,0,0,0,0,0,0,0,0,0,0,0,0,0,0,0,0,0,0,0,-0.203507465965639,0,0,0,0,0,0,0,0,0,0,0,0,0,0,0,0.204814210316311,0,0,0,0,0,0,0,0,0,0,0,0,0,0,0,0,0.207975145591858,0,0,0,0,0,0,0,0,0.190722745731115,0.201225239039048,0,0,0,0,-0.211663650375764,0,0,0,0,0,0,0,0,0,0,0,0.219240327608711,0,0,0,0,0,0,0,0,0.195746968857769,0,0,0,0,0,0,0,0,0,0,0,0,0,0,0,0,0,0,0,0,-0.174797334667643,0,0,0,0,-0.176205486626734,0,0,0,0,0,0,-0.166674250520689,0,0,0,0,0,0,0,0,0,0,0,0,0,0,0
0,0,0,0,0,0,0,0,0,0.181333927090185,0,-0.2039874119401,0,0,-0.175389620407749,0,0,0,0,0,0,0,0,0,0,0,0,0,0,0,0,0,0,0,0,0,0,0,0,0,0,0,0,0,0,0,0,0,0,0,0,-0.195357475995638,0,0,0,0,0,0.184719807686959,0,0,0,0,0,0,0,0,0,0,0.198372463755827,0,0,0,0,0,0,0,0,0,0,0,0,0,0,0,0,0,0,0,0,0,0,0,0,0,0,0,0,0,0,0,0,0,0,0,0,0.196468384002482,0,0,0,0,0,0,0,0.209693246641681,0,0,0,0,0,0,0,0,0,0.17192831949064,0,0,0,0,0.167422414297387,0,0,0,0,0,0,0,0,0,0,0,0.202914678687451,0,0,0,0,0,0,0.200668785410808,0,0,0,0.185164823111826,0
0,0,0,0,0,0,0,0,0,0,-0.202395606055176,0,0,0.2000284699061,0,0,0,0,0,0,0,0,0,0,0,0,0,0,0,0,0,0,0,0,0.197508499203219,0,0,0,0,0,0,0,0,0,0,0,0,0,-0.2028334802867,-0.191001058360036,0,0,0,0,0,0,0,0,0,0,0,0,0,0,0,0,0,0.192053689419379,0,0,0,0,0.204237010617449,0,0,0,0,0,0,0.183082624467729,0,0,0,0,0,0,0,0,0,0,0,0,0,0,0,0,0,0,0,0,0,0,-0.185927790914817,0,0,0,0,0,0,0,0,0,0,0,0,0,0,0,-0.174631533729868,0,0,0,0,0,-0.194530013679535,0,0,0,0,0,0,0,0,0,0,0,0,0,0,0,0,0,0,0,0,0,0,0,0.175055116892891,0,0,0,0
0,0,0,0,0,0,0,0,0,0,0,0,0,0,0,0,0,0,0,0,0,0,0,0.200705656892535,0,0,0,0,0,0,0,0,0,0,0,0,0,0,0,0,0,0.188715338691244,0,0.180400218818483,0,0,0,0,0,0.188762908418692,0,0,0,0,-0.187003863634839,0,0,-0.187131641055172,0,0,0,0,0,-0.195869281045121,0,0,0,0,0,0.193317876567901,0,0,0,0,0,0,0,0,0,0,0,0,0,0,0,0.177803637665447,0,0,0,0,0,-0.202605741041509,0,0,0,0,0,0,0,0,0,0,0,0,0,0,0,0,0,0,0,0,0,-0.212431151015187,0,0,0,0,0,0,0,0,0.188202306772351,0,0,0,-0.177992619105927,0,0,0,0,0,0,0,0,0,0,0,0,0,0,0,0,0,0.180319067599876,0,0,0,0,0,0,0,0
0,0,0,0,0,0,0,0.207224708875948,0,0,0,0,0,0,0.187281096922782,0,-0.21371066668541,0,0,0,0,0,0,0,0,0,0,0,0,0,0,0,0,0,0,0,-0.191157383699373,0,-0.19908680652328,0,0,0,0,0,0,0,0,0,0,0,0,0,0,0,0,0,0,0,0,0,0,0,0,0.206453679311526,0,0,0,0,0,0.203764401856056,0,0,0,0,0,0,0.217754202162023,0,0,0,0,0,0,0,0,0,0,0,0,0,-0.204564207201002,0.213554164616665,0,0,0,0,0,0,0,0,0,0,0,0,0,0,0,0,0,0,0,0,0,0,0,0,0,0,0.222045081434771,0,0,0,0,0,0.19826987766858,0,0,0.185594060220748,0,0,0,0,0,0,0,0,-0.180484881828185,0,0,0,0,0,0,0,0,0,0,0,0,0,0,0.191076710247157,0
0,0,0,0,0,-0.217012029656259,0,0,0,0,0.247486788417288,0.255686135934509,0,0,0,0,0,0,0,0,0,-0.220670774278579,0,0,0,0,-0.20965886856829,0,0,0,-0.249369602076236,0,0,0.221944489726452,0,0,0,0,0,-0.239493959522434,0,0,0,0,0,0,0,0,0,0,0,0,0,0,0,0.225993041129714,0,0,0.232084324730401,0,0,0,0,0,0,0,0,0,0,0,0,0,0,0,0,0,0,0,0,0,0.239459587382746,0,0,0,0,0,0,0,0,0,0,0,-0.246337721459928,0,0,0,0,0,0,0,0.235915131395599,0,0,0,0,0,0,0,0,0,0,0,0,0,-0.228016851951315,0,0,0,0,0,0,0,0,0,0,0,0,0,0,0.209899192012862,0,0,0,0.175588837292295,-0.181117182260422,0,0,0,0,0,0.218812272562168,0,0,0,0,0.191745213105583,0,0,0,0,0,0,0
0.218991713452717,0,0,0,-0.211542788775468,0,0,0,0,0,0,-0.223078004619672,0.222810214351696,0,0,0,0,0,0,0,0,0,-0.216931071894753,0,0,0,0,0,0,0,0,0,0,0,0,0,0,0,0,0,0,0,0,0,0,0,0,0,0,0,0,0,0,0,0,0,0,0,0,0,0,0,0.217371817287749,0,0,0,0,0,0,0,0,0,0,0,0,0,0,0,0,-0.19532041604729,0,0,0,0,0,0,0,0,0,0,0,0.218711375643994,0,0,0,0,0,0,-0.2148033461433,0,0,0,0,0,0,0,0,0,0,0,-0.228502097809339,0,0,0,0,0,0,0,-0.202617299686972,0,0,0,0,0,0,0,0,0,0,0,0,0,0,0,0,0.182902531841856,0,0,0,0,0,0,0,0,0,0,0,0,0,0,0,0,0
0,0,0,0,0,0,0.203710833283914,0,0.209798315120306,0,0,0,0,0,0,0.226556926868455,0,0,0,-0.192049988618649,0,0,0,0,0,0,0,0,0,0,0,0,0,0,0,0.210235259734467,0,0,0,0,0,0,0,0,0,0,0,0,0.214309799288187,0.201807898888843,0,0,0,0,0,0,0,0,0,0,-0.199426550492798,0,0,0,0,0,0,0,0,0,0,0,0,0,0,0,0,0,0.207877584214269,0,0,0,0,0,0,0,0.193853073571341,-0.218391081290782,0,0,0,0,0,0,0,0,0,0,0,0,0,0,0,0,0,0,0,0,0.206335493871904,0,0.226303915039835,0.205526690740312,0,0,0,0,0,0,0,0,0,0,0,0,0,0,0,0,0,0,0,0.183146056431515,0,0,0,0,0,0,0,0,0,0,0,0,0,0,-0.196034224273488,0.218413146912515,0.188189164648113,0,0,0,0.192750935658335
0,0,0,0,0,0,0,0,0,0,0,0.201122806258366,0,0,0,0,0,0,0,0,0,0,0,0,0,0,0,0,0,0,0,0,0,0,0,0,0,-0.191031609963547,0,0,0,0,0,0,0,0,0,0,0,0,0,0,0,0,0,0,0,0,0,0,0,0,0,0,0,0,0,0,0,0,0,0,0,0,0,0,0,0,0,0,0,0,0,0,-0.203404250394575,0,-0.176471827994432,0,0,0,0,0,0,0,0,0,0,0,0,0,0,0,0,0,0.184086927032442,0,0,0,0,0,0,-0.187098765825043,0,0,0,0,0,0,0,0,0,0,0,0,0,0,0,0,0,0,0,0,0,0,0,0,0,0.175383846186378,0,0,0,0,-0.183528321500014,0,0,0,0,0,0,0.195968142878437,0,0,0
0,0,0,0,0,0,0,0,0,0.205781398057756,0,0,0,0.221445055373425,0,0,0,0.216643692351056,0,0,0,0,0,0,0,0,0,0,0,0,0.225770267068909,0,0,0,-0.218655277237839,-0.220281154126838,0,0,0.211582366583848,0,0,0,0,0,0,0,0,0,-0.224550391725529,0,0,0.221695604217645,0,0,0,0,0,0,0,0,0,0,-0.225567693827922,0,0.224288561436143,0,0,0,0,0.216553548289523,0,0,0,0,-0.206219501541205,0,0,0,0,0.202684857471542,0,0,-0.209784182145765,0,0,0,0,0,0,0,0,0,0,0,0,0,0,0,0,0,0,0,0,0,0,0,0,0,0,0,0,0,0,0,0,0,0,0,-0.210256865817751,0,0,0,0,0,0,0.175080787550185,0,0,0,0,0,0,0,0,0,0,0,0,0,0,0,0,0,0,0,0,0,0,0,0,0,-0.190463453582249,0
0,0,0,0,0,0,0,0,0,-0.204217885664009,0,0,0,0,0,0,0,0,0,0,0.226964260684414,0,0,0,0,0,0,0,0,0,0,0,0,0,0,0,0,0,0,0,0.207423223829305,0,0,0,0,0,0.214264565681286,0,-0.222844273855804,0,0.205492987440267,0,0,0,0,0,0,0,0,0,0,0,0,0,0,0,0,-0.211000989084719,0.223406649666984,0,0,0,0,0,-0.20465266046842,0.219173311521521,0,0,0,0,0,0,0,0.227368837041384,0,0,0,0,0,0,0,0,0,0,0,0,0,0,0,0,0,0,0,0,0,0,-0.227513775097602,0,0,0,0,-0.213711394943832,0,0,0,-0.195410453277644,0,0,0,0,0,0,0,0,0,-0.195658419521559,0,0,0,0,0,0,0,0.187176753750127,0,0,0,0,0,0,0,0,0,0,0,0.204399363249297,0,0,0,0,0,0,0
0,0.237536421465908,0,0,0,0,0,0,0,0,0,0,0,0,0,-0.255849157399111,0,-0.233496786214666,0.23508964952697,0,0,0,0,0.242319162752436,0,0,0,0,0,0,0.243333333231754,0,0,0,0,0,0,0.236978632273004,0,0,0,0,0,0,-0.223054685070568,0,0,0,0,0,0.223174310862286,0,0,0,0,0.220522627968355,0.229796967427543,0,0,0,0,-0.22726561448766,0,0,0,0,-0.234711311251665,0,0,0,0,0,0,0,0,0,0,0,0,0,-0.233663201476861,0,0,0,0,0,0,-0.246627524940652,0.215524085761897,0,0,0,0,0,0,-0.255771586610574,0,0,0,0,-0.230204542992969,0,0,0,-0.228363610586818,0,0,0,-0.233013234149788,0,-0.255563432905672,0,0,0,0,0,0,0,0,0,0,0,0,0,0,-0.38720644172281,0,0,0,0,-0.174727400402572,0,0,0,0,0,0,0,-0.168276398952356,0,0,0,0,0,0,0,0,0,0,0,0,0,0
0,0,0,0,0,0,0,0,0,0,0,0,0,0,0,0,0.224450460684674,0,0,0,0,0,0,0,0,0,0,0,0,0,0,0,0,0,0,0,0,0,0,0,0,0,0,0,0,0,0,0,-0.221907064731056,0,0,0,0,-0.208401505693666,0,0,-0.210701072597157,0.20715614759277,0,0,0,0,0,0.216828781409073,0.221648316614301,0.199614547581623,0,0,0,0,0,0,0,0,0,0,0,0,0,0,0,0,-0.20731467769548,0.22641259910414,-0.231359016762243,0,0,0,0,0,0,0,0,0,0,0,0,0,0,0,0,0,0,0,0,0,0,0.187780746045066,0,0,0,0,0,0,-0.204008137841016,0,0,0,0,0,0,0,0,0,-0.219145294742594,0,0,0,0,0,0,0,0,0,0,0,0,0,0,0,0,0,0,0,0,-0.181724688907534,0,0,0.176702736673833,0,0,0,0
0,0,0,0,0,0,0,0.208833548915075,0,0,0,0,0,0,0,0,0.215369862054615,-0.20543185583754,0,0,0,-0.189447899265768,0,0,0,0,0,0,0,0,0.214086108178708,0,0,0,0,0.208881070144349,0,0,0,0,0.198194436122332,0,0,0,0,0,0,0,0,0,0,0,0,0,0,0,0,0,0,0,0,0,0,0,0,0,0,0,0,0,0,0,0,0,0,0,0,0,-0.206538581133066,0,0,0.198354421875621,0.198927341922009,0,0,0,0,0,0,0,0,0,0,0,0,0.225029357190451,0,0,0,0,0,0,0,0,0,-0.211417756536482,0,0,0,0,0,0,0,0,-0.195754574843867,0,0,-0.189154043300343,0,0,0,0,0,0,0,0,0,0,0,0,0,0,0.190415504760157,0,0,0,0,0,0,0,0,0,0,0,0,0,-0.193799877587163,0,0,0,0,0.199241149535069,0
0,0,0,0,0,0,0,0,0,0,0,0,0,0,0,0,0,0,0,0.186157874341769,0,0,0,0,0,0,0,0,0,0.198244589097757,0,0,0,0,0,0,0,0,0,0,0,0,0,0.186950093227006,0,0.202034952331095,0,0,0.207734751629274,0,0,0,0.230502423039718,0,0,0,0,0,0,0.178705874602497,0,0,0,0,0,0,0,0,0,0,0,0,0.209172196888558,0,0,0,0,0,-0.20149987760464,0,0,0,0,0,0,0,0,0,0,-0.190344475472165,0,0,0,0,0,0.219539553736516,0,0,0,0,0,0,0,0,0,0.206260020921236,0,0,0,0,0,0,0,0,0,0,0,0,0.194511608122189,0,0,0,0,0,0,0,0,0,0,0,0,0,0,0,0,-0.175721335310409,0,0,0,0,0,0,0,0,0,0,0,0,0,0,0,0,0
0,0,0,0,0,0,0,0,0,0,0.218137139762399,0,0,0,0,0.231101887446863,0,0,0,0,0,0,0,0,0,0,0,0,0,0.208622124804553,0,0,0,0,0,0.214452791199479,0,0,0,0,0,0,-0.196374456224228,0,0,0,0,-0.198536247725035,0,-0.205856368990989,0,0,0,0,0,0,0,0,0,0,0,0,0,0,0.218354167539912,0,0,0,0,0,0,0,0.220121761524643,0,0,0,0,-0.200980465130317,0,0,-0.211061890674676,0,-0.204233555925328,0,0,0,0,0,0,0,0,0.220952741918039,0,0,0,0,0,0,0,0,0,0,0,0,0,0,0,0,0,0,0,0,0,-0.231667893734533,0,0,0,0,0,-0.240280375510815,0,0,0.189004629581978,0,0,0,0,0,0,-0.583809281699359,0,0,0,0,0,0,0,0,0,0,0.236304380034126,0,0,0,0,0,0,0,0,0,0,0.215633777766096,0
0,-0.201552975478018,0,0,0,0,0,0,0,0,0,0,0,0,0,0,0,0.198125288474446,0,0,0,0.18270983115,0,0,0,0,0,0,0,0,0,0,0,0,0.199964925860883,0,0,0,0.19349659784972,0,0,0,0,0,0,0,0,0,0,0,0,0,0,0,0,0,0,0.191705413595536,0,0,0,0,0,0,0,0,-0.19915582995305,0,0,0,0,0,0,0.190778932101715,0,0,0,0,0,0,0,0,0,0,0,0,0,0,0,0,0,0,0.203961415556551,0,0,-0.217025768115706,0,0,0,0,0,0,0,0,0,0,0,0,0,0,0,0,0,0,0,0,0,0,0,0.225713640267764,0,0,0,0,0,0,0,0.193777246326126,0,0,0,0,0,0,0,0,0,0,0.169632018826675,0,0,0,0,0.171123785001606,0,0,0,0.205994448477981,0,0,0,0,0
0,0,0,0,0.202585627485286,0,0,0,0,0,0,0,0,0,0,0,0,0,0,0,0,0,0,0,0,0,0,0,0,0,0,0,0,0,0,0,0,0,0,0,0,0,0,0,0,-0.201543090492049,0,0,0,0,0,0.204594438630816,0,0,0,0,0,0,0,0,0.192837506468201,0,0,-0.202486633333685,0,0,0,0,0,0,0,-0.186742528482707,0,0,0,0,0,0,0,0,0,0,0,-0.211436529039168,0,0,0,0,0,0,0,0,0,0,0,0,0,0,0,0,0,0,0.189956966780664,0,0,0,-0.211571310920146,0,0,0,0,0,0,0,0,0,0,0,0,0,0,0,0,0,0,0,0,0,0,0,0,0,0,0,0,0,0,0,0,0,0,0,0,0,0,0,0,0,0,0,0,0,0
0,0,0,0,0,0,0,0,0,0,0,0,0,0,0,0,-0.207402508528855,0,0,0,0,0,0,0,0,0,0,0,0.194327737885261,0,0,0,0,0,0,0,0,0,0,0,0.190862467181269,0,-0.184196532818984,0,0,0,0,0,0,0,0,0,0,0,0,0,0,0,-0.191875647618347,0,0,0,0,0,0.204813199031865,0,0,0,-0.205569769637906,0,0,0,0.206471177822383,0,0,0,0,0,0,0,0,0,0,0,0,0,0,0,0,0,0,0,0,0,0,0,0,0,0.203547382109577,0,0,0,0,0,0,-0.203596606483824,0,0,0,0,0,0,0,0.217301290666097,0,0,0,0,0,0,0,0,0,0,0,0,0,0,0,0,0,0,0.528641630662605,0,0,0,0,0,0,0,0,0,-0.179812564469567,0,0,0,0,0,0,0,0,0,0
0,0,0.191796178878331,0,0,0,0,0,-0.201547353016336,0,-0.205436955174339,0,0,0,0,0,0,0,0,0,0,0,0,0,0,0,0,0,0.195113488955685,0,0,0.201574089535828,0,0,0,0,0,0,0,0,0,0,0,0,0,0,0,0,0,0,0,0,0,0,0,0,0,0,0,0,0,0,0,0,0,0,0,0,0,0,0.201599583177102,0,0,0,0,0,0,0,0,0,0,0,0,0,0,0,0,0,0,0,0,0,0,0,0,0.217580892708092,0,0,0,0,0,0,0,0,0,-0.204419835597797,0,0,0,0.204691685516596,0,0,0,0,0,0,0.185061601958964,0,0,0,0,0,0.178000571830494,0,0,0,0,0,0,0,0,0,0,0,0,0,0,0,0,0,0,0,0,0,0,0,0,0.195489873314197,0,0,0,0,0
0,0,0,0,0,0,0,0,0,0,0.226591347216913,0,0,0,0,0,0,0,0,0.203495186292649,0,0,0,0,0,0.200160792326947,0,0,0,0,0,0,0,0,0,0,0,0,-0.213967364627663,-0.219273357117556,0,0,0,0,0,0,0,0.206230795417998,0,0,0,0,0,0,0,0,0,0.211986683940306,0,0,0,0,-0.228110337230649,-0.221884867467631,0,0,0,0,0,0,0,0.204632476232013,-0.228652885748649,0,0,0,0.234030037383513,0,0,0,-0.219241887035907,0,0,0,0,0,0,0,-0.202222288171491,0,0,0,0,0.210274720982055,0,-0.239985778437703,0,0,0,0,0,-0.207849190001015,0,0,0,0,0,0,0,0,0,0,0,0,0,0,0,0,0,0,0.217761741217769,0,0,0,0,0,0,0,0,0,0,0,0,0,0,0,0,0,0,0,0,0,0,0,0,0,0,0,0,0,0,0,0
-0.230196788636136,0,0,0.217240244168586,0,0,0,0,0,0,0,0,0,0,0,0,0,0,0,0,0,0,0,0,0,0,0,0,0,0,0,0,0,0,0,0,0,0,0,0,0.211722802390301,0,0,0,0,0,0,0.206577665645899,0,0,0,0,0,0,0,0,0,0,0,0,0,-0.213597806695928,0,0,0,0,0,0,0,0,0,0,0,0,0,0,-0.234423664592477,0,0,0,0,0,0,0,0,0,0,0,0,0,0,0,0,0,0,0,0,0,0,-0.219691400922303,0,0,-0.208504964359715,0,0,-0.225848720906301,0,0,0,0,0,-0.218141318049728,0,0,0,0,0.20446120587602,0,0,0,0,0,0,0,0,0.243960744978226,0,0,0,0,0,0,0,-0.207533594256944,0,0.445226704701781,0,0,0,0,0,0,0,0,0,0,0,0,0,0,0,0,0
0,0,0,0,0,0,0,0.256048499433239,0,0,0,-0.269137442399258,0.268814360847827,0,0,0.275989677614954,0,0,0,0,0.265897050730241,0,0,0,0,0,0,0,0,0,-0.262488604122474,0,0,0,0,-0.256106764685685,0,0,0,0,0,0,0,-0.23494924547599,0,0,0,0,0,0,0,-0.257751255055284,0.289683569763237,0,0,0,0,0,-0.244293971398192,0,0,-0.245156029877282,-0.26225308521226,0,0,0,0,0,0,0.25177291654147,0,0,0,0,0.239758183418642,0,0,0,0,0,0,0,0,0,0,0,0,0,0,0,0,0,0,0,0,0,0,0,0,-0.252149928322821,0,0,0,0,0,-0.259216967752256,0,0,0,0,0,0.250370826894302,0.268930897012218,0,0,0,0,0,0,0.286950937991269,0.250355547972424,0,0,0,0,0,0,0,0,0,0,-0.239754973799882,0,0.238195854260918,0,0,0.929605431389064,0,0,0,0,0,0,0,0,0,0,0,0,-0.189763299775968,0,0,0
0,0,0,0,0,0,0,0,0,0,0,0,0,0,0,0,0,0,0,0,0,0,0,0,0,0,-0.174943058681444,0,0,0,0,0,0,0,0,0,0,0,0.19500229096318,0,0,0,0,0,0.190737784726523,0,0,0,0,0,0,0,0,0,0,0,0,0,0,0,0,0,0,0,0.206712799478739,0.186163750654973,0,0,0.2074763871221,0,0,0,0.208386155682755,0,0,0,0,0,0,-0.186802010907811,0,0,0,0,0,0,0,0.210895313608331,0,0,0,0,0,0,0,0,0,0,0,0,0,0,0,0,0,0,0,0,0,-0.205758189621266,0,0,0,0,0,0,0,0,0,0,0.198460351631148,-0.19655116948548,0,0,0,0,0,0,0,0,0,0,0,0,0,0,0,0,0,0,0,0,0,0,0,0,0,0,0,0,0,0,0
0,0,0,0.19700258546199,0,0,0,0,0,0,0,0,0,0,0,0,0,0,0,0,0,0,0,0,0,0,0,0,0,0,0,0,0,0.184585320980964,0,0,0,0,0,0,0,0,0,0,0,0,0,0,0,0,0,0,0,0,0,0,0,0,0,0,0,0,0,0.201552958217676,0,0,0,0,0.206794028249798,0,0,0,0,0,0,0,0,0,0.200082455276052,0,-0.199152161216037,0,0,0,0,0.182963091313329,0,0,0,0,0,0,0,0,0,0,0.196629207486546,0,0,0.199225397444654,0,0,0,0,0,0,0,0,0,0,0,0,0,0,0,0,0,0,0,0,0.197807645153973,0,0,0,0,0,0,0,0,0,0,-0.18943205838814,0,0,0,0,0,0,0.228876280365512,0,0,0,0,-0.164805830389631,0,0,0,0,0,0,0,0,0
0,0,0,0,0,0,-0.216253890563856,0,0,0,0,0,0.234253871068796,0,0,0,0,0,0,0,-0.23171162895793,0,0,0,0,0,0,0,0,0,0,0.222745740726304,0,0,0,0,0,0,0,0,0,0,-0.20436600357123,0,0,0,0.218746296849827,0,0,0,0,0,0.252440001300675,0,0,0,0,0,0,0,0,0,-0.228536154902392,0,0,0,0,0.215414456642301,0,0,0,0,0,0,0,0,-0.234466905466065,0,0.220677200238526,0,0,0,0,0,0,0,0,0,0,0,0,0,0,0,0,0,0,0,0,0,0,0,0,0,0,0,0,0,0,0,0,0,0,0,0,0,0,0,0,0.250058694108716,0,0,0,0,0,0,-0.223729115192624,0,0,0.220404041179054,0,0,0,0,0,0,0,0,0,0,0,0,0,0,0,0,0,0,0,0,0,0,0
0,0,0,-0.211562904138284,-0.216555412188946,0,0,0,0,0,0,0,0,0,0,0,0.224057942152433,0,0,0,0,0,0,0.221794133543567,0,0,0,0,0,0,0,0,0,0,0,0,0,-0.216905959133858,0,0,0,0,0,0,0,-0.215440984521519,0,0,0,0,0,0,0,0,0,0,0,0,0,0,0,0,0,0,0,0,0,0,0.222078025384204,0,0,0,0,0,0,0,0,0,0,0,0,0,0,0,0,0,0,0,0.197268665492073,0,0,0,0,0,0,0.234107104006926,0,0,0,0,0,0,0,0,0,0,0,0,0,0,0,0,0,0,0,0,0,0,0,0,0.212427465210115,0,0,0,0,0,0,-0.209028772729237,0,0,0,0.203432844881218,0,0,0.222921726149926,0.223296669716415,0,0.203162979458794,0,0,0.325870682951063,0,0,0,0,0,0,0,0,0,0,0,0
0,0,0,0,0,0,0,0,0,0,0,0,0,0,0,0,0,0,0,0,0,0,0,0,0,0,0,0,0,0,0,0,0,0,0,0,0,0,0,0,0,0,0,0,0,0,0,0,0,0,0.178874373878549,0,0,0,0,0,0,0,0,0,0,0,0,0,0,0,0,0,0,0,0,0,0,0,0,0,0,0,0,0,0,0,0,0.197916526845441,0,0,0,0,0,0,0,0,0.192660612733819,0.179621277527335,0,0,0,0,0,0.187350098211513,0,0,0,0,0,0,0,0,0,0,0,0,0,0,0,0,0,0,0,0,0,0,0,0,0,0,0,0,0,0,0.176530528814858,0,0,0,0,0,0,0,0,0,0.190424626662877,0,0,0,0,0,0,0.246039684143071,0,0,-0.211533854943489,-0.227030300201276,0
0,0,0,0,0,0,0,0,0,-0.188916852167301,0,0,0,0,0,0,0,-0.198888941309339,0,0,0,-0.183414066745541,0,0,0,0,0,0,0,0,0,0,0,0,0,0,0,0,0,0.199059260206101,0,0,0,0,0,0,0,0,0,0,0,0,0,0,0,0,0,0,0,0,0,0,0,0,0,0,0,0,-0.206667897236818,0,0,0,-0.207574120629324,0,0,0,0,0,0,0,0,0,0,0,0,0,0,0,0,0,0,0,0,0,0,0,0,0,0.204634706371186,0,0,0,-0.188965739280159,0,0,0,0,0,0,-0.20495639517405,0,0,0,-0.218462086560259,0,0,0,0,0,0,0,0,0,0,-0.203582022990313,0,0,0.194524140095388,0,0,0,0,0,0,0,0,0,0,0,0,0,0,0.963381722103804,0,0,0,0,0,0,0,0,0,0
0,-0.206866348912848,0,0,0,0,0,0,0,-0.193152623766296,0,0,0,0.207855004724213,0,0.222814592966236,0,0,0,0,0,0,0,-0.211031555333122,0,0,0,-0.192534599037904,0,0,0,0,0,0,0,0.206762531926841,0,0,0,0,0,0,0,0,0,-0.204986693379536,0.202654938410128,0,0,0,0,0,0,0,0,0,0,0,0,0.181316776625021,0,0,0,0,0,0,0,0,0,0,0,0,0,0,0,0,0,0,0,0,0,0,0,0,0,0,0,0,0,0,0,0,0,0,0,0,0,0,0,0,0.200481143136783,0.192918895888564,0,0.195525762988675,0,0,0,0,0,0,0,0,0,0,0,0,0,0,0,0,0,0,0,0,0,0,0,0,0,0,0,0,0,0,0,0,0,0,0,0,0,0,0,0,0,0,0,0,0,0,0,0,0
0,0,0,0,0,0,0,0,0,0,0,0,-0.213743510402524,0,0,0,0,0,0,0,0.211423857153719,0,0,0,0,0,0,0,0,0,0,0,0,0,0,0,0,0,0,0,0.193220808919466,0,0,0,0,0,0,0,0,0,0,0,0,0,0,0,0,0,0,0,0,0,0,0,0,0,0.201318339345319,0,0,0,0,0,0,0.192850481966031,0,-0.204166359792944,0.213937892333977,0,0,0,0,0,0,0,0,0,0,0.211539203173132,0,0,0,0,0,0,0,0,0,0,0,0,0,0,0,0,0,0,-0.211935745926196,0,0,0,0,0,0,0,0,0,0,0,0,0,0,0,0,0,0,0,0,0,0,0,0,0,0,0,0,0,0,0,0,0,0,0.178447364122538,0,0,0,0,-0.186474829658744,0,0,-0.187759615751481,0,0,0
0,0,0,0,0,0,0,0,0,0,0,0,0,0,0,0,0,0,0,0,0,0,0,0,0,0,0,0,0,0,0,0,0,0,0,0,0,0,0,0,0,-0.187090393611757,0,0,0,0,0,0,0,0,0,0,0,0,0,0,0,0,0,0,0,0,0,0,0,0,0,0,0,0,0,-0.17908429117161,0,0.184623742512349,0,0,0,0,0,0,0,0,0,0,0,0,0,0,0,0,0,0,0,0,0,0,0,0,0,0,0,-0.181899401049723,0,0,0,0,0,0,0,0,-0.209852841711692,0,-0.204714211819176,0,0,0,0,0,0,0,0,0,0,0,0,0.213143962241306,0,0,0,0,0,-0.18250506370393,0,0,0,-0.200325433954703,0,0,0,0,0,0,0,0,-0.182819431628891,0.250069846399128,0,0,-0.183936420656317,0,0,0,0
0,0,0,0,0,0,0,0.22916938073927,0,-0.214133283404708,0,-0.240884290065799,0,0.230432669077018,0,0,0,0.225436436966138,0,0,0,0,0,0,0,0,0,0,0,0.22298932211457,-0.234933424687175,0.228775469050725,0,0,0,0,0,0,0,0,0,0,0.209898192318202,0,0,0,0,0,0,0,0,0,0.259273553408546,0,0.217982651184686,0,0.221864336560343,0,0,0,0,0,0,0,0,0,0,0,0,0,0,0,0,0,0,-0.229814840547325,0,0,0,0,0,0,0,0,0,0,0,0,0,0,0,0,0,0,0,0,0,0,0,0,0,0,0,0,0,0,0,0.197729656173838,0,0,0.24674133921536,0.224087731353827,0,0,0,0,0,0,0,0,0,0,0,0,0,0,0,0,0,0,0,0,0,0,0,0,0,0,0,0,0,0,0,0,0,0,0,0,0,0,0,0,0
0,0,0,0,0,0,0,0,0,0,0,0,-0.220453919298877,0,0,-0.226338376879697,0,0,0,0,0,0,0,0,0,0,0,-0.195579508771339,0,0,0,0,0,0,0,0,0,0,0,0,0,0,0,0.192681231159434,0,0,0,0,0,0,0,0,0,0,-0.199734428886623,0,0,0,0,0,0,0,0,0,0,0,0,0,0,0,0,0,0,0,0.196625027963218,0,0,-0.196837822333155,-0.20767705340587,0,0,0,0.200023859879275,0,0,0,0,0,0,0,0,0,0,0,0.186612874819812,0,0,0.191021729613409,0,0,0,0,0,0,0.202023135366351,0,0,0,0,0,0,0,0,0.226892716551563,0.196833604023363,0,0,0,0,0,0,0,0,0,0,0,0,0,0,0.207419986212155,0,0,0,0,0,0,0,0,0,0,0,0,0,0,0,0.18855898899893,0,0,0,-0.2177210835749,0,0,0
0,0,0,0,0,0,0,0,0,-0.232207672723632,0,0,0,0,0,0,0,0,0,0,0.258071630668418,0,0,0,0.249768326960679,0,0,0,0,0,0,0,0,0,0.246734804677967,0,0,0,0,0,0,0,0,0,-0.233532292967808,0.24643456599672,0,0,0,0,0,0.250165567900313,0.281158106196869,0.237965497210053,0,0,0,0,0,0,0,0,0.254534908013007,0,0,0,0,0,0.254026418995958,0,0.248117140258637,0,0,0,0,0,0,0,0.245781902155794,0,0,0,0,0,0,0,0,0.25821242620456,0,0,0.245322334973924,0,0,0,0,0.267786014350177,0,0.226070638462489,0,0,0,0,0,0,0,0,0,0,0,0,0,0,0,-0.268523279509137,0,0,0,0,0,0.278505896495892,0,0,0,0,-0.25023340810848,0,0,0,0,0,0,0,0,0,0,0,0,0,0,0,0,0,0,0,0,0,0,0,0.141879016067833,0,0,0,0
0,0,0,0,0,0,0,0,0,0,0,0,0,0,0,0,0,0,0,0,0,0,0,0,0,0,0,0,0,0,0,0,0,0,0,0,0,0.200678146914575,0,0,0,0,0,0,0,0,0,0,0,0,0,0,0,0,0,0.186742880186936,0.194596572474191,0,0,0,0,0,0,0,0,0,0,0,0,0,0.200683684754637,0,0,0,0,0,0,0,0,0,0,0,0,0,0,0,0,0,0,0,0,0,0,0,0,-0.216592388698067,0,0,-0.203441925456293,-0.197943340123465,0,-0.187588418131887,0,-0.190123255755425,0,0,0,0,0,0,0,0,0,0,0,0,0,0,0,0,0,0,0,-0.203944937082049,0,0,0,0,0,0,0,0,0,0,-0.20624384451862,0,0,0,0,0,-0.201191710083115,0,0.187230895953896,0,0,0,0,0,0,-0.573714662110433,0,0,0.192140185537539
0,0,0,0,0,0,0,0,0,0,0,-0.233947392140381,0,0,0,0,-0.22953609205254,0,0.220437990844113,0,0,0,0,0,0,0,0,0,0,0,0,0,0,0,0,0,0,0,0,0,0,0,0,0,0,0,0,0,0,0,0,0,0,0,0,0,0,0,0,0,0,0,0,0,0,0,0,0,0,0,0,0,0,0,0,0,0,0,0,0,0,-0.211401439385818,0,0,0,0,0,0,0,0.207937458915236,0,0,0.225393791144449,0,0,0,-0.216324776315151,0,0,0,0,0,0,0,0.214131143591206,0,0,0,0,0,0,0,0,0,0,0,0,0,0.212489747454523,0.249431751364072,0,0,0,0,-0.224110720884574,0,-0.223168185503554,0,0,0,0,0.20840671730082,0,0,0,-0.228756206732376,0,0,0.207445744407206,0,0,0,0,0,0,0,0,0,-0.254826989123969,0,0.884145022137091,0,0
0,0,-0.206066073502378,0,0,0,0.210259570692635,0,0,0,0,0,0,0,0,0,0,0,0,0,0,0,0,0,0,0,0,0,0,0.21109398816878,0,0.216571473912496,0,0,0,0,0,0,0,0,0,0,0,0,0,0,0,0,0,0,0.203976062722222,0,0,-0.207736782667034,0,0,0,0,0,0,0,0,0,0,0,0,0,0,0.221757488431474,0,0,0,0,0,0,-0.217555400283165,-0.227967740864151,0,0,0,0,0,0,0,0,0,0,0,0,0,0.214159082645761,0,0,0,0,0,0,0,0,0,0,0,0,0,0,0,0,0,0,0,0,0,0,0,0,0,0.19883043496886,0,0,-0.243127342283511,0,0,0,0,0,0,0,0,0,0,0,0,0.201005459151828,0,0,0,0,0,0,0,0.217147178490841,0,0,0,0,0,0,0,0,0,0.222456362279331,0,0
0,0,0,-0.186693048936153,0,-0.171038084938594,0,0,0,0,0,0,0,0,0,0,0,0,0.189882277442196,0,0,0,0,0,0,0,0,0,0,0,0,0,0,0,0,0,0,0,0,0,0.181951441174395,0,0,0,0,0,0,0,0,0,0,0,0,0,0.182360027679987,0,0,0,0,0,0,0,0,-0.191005291648922,0,0,0,0,0,0,0,0,0,0,0,0,0,0,0,0,0,0,0,0,0,0,0,0,0,0,0,0,0,0,0,0,0,0,0,0,0,0,0,0,0,0,0,0,0,0,0,0,0,0,0,0,0,0,0,0.214857107134944,0,0.185652657824961,0,0,0,0,0,0,0,0,0,0,0,0,0,0,0,0,0,0,0,0,0,-0.182585992660409,0,0,0,0,0,0,0,0,0
