1,2,3,4,5,6,7,8,9,10,11,12,13,14,15,16,17,18,19,20,21,22,23,24,25,26,27,28,29,30,31,32,33,34,35,36,37,38,39,40,41,42,43,44,45,46,47,48,49,50,51,52,53,54,55,56,57,58,59,60,61,62,63,64,65,66,67,68,69,70,71,72,73,74,75,76,77,78,79,80,81,82,83,84,85,86,87,88,89,90,91,92,93,94,95,96,97,98,99,100,101,102,103,104,105,106,107,108,109,110,111,112,113,114,115,116,117,118,119,120,121,122,123,124,125,126,127,128,129,130,131,132,133,134,135,136,137,138,139,140,141,142,143,144,145,146,147,148,149,150
0,0,0,0,0,0.110254009577013,0,0.222245566766855,0.0158162373837022,0,0,0,0,0,0,0,0,0,0,0,0,0,0,0,0,0,0,0,-0.149111204857925,0,0,0,0,0,0,0,0,0,0,0,0,0,0,0,0,0,0,0,0,0,-0.294393128239622,0,0,0.137512893507669,0,0,0,0,0,0,0,0.173255774792859,0,0,-0.223597735530586,0,0,0,0,0,0,0,0,0,0,0,0,-0.106662157491843,0,0,0,0,0,0,0,0,0,0,0,0,0,0,0,0,0,0,0,0,0,0,0,0.0105635796045621,0,0,0,0,0,0,0,0,0,0,-0.0712252746436742,0,0,0,0,0,0,0.221675039823707,0,0,0,-0.373926002139038,0,-0.139638896314604,0,0,0,0,0,0,0,0,0,0,-0.114882878591993,0,0.314843200281424,0,0,0,0,0,0,0,0.179785120026256,0,0,0
0.305795746719141,0.231764125060364,0,0,0.226807532630422,0,0,0,0,0.161610456093453,0,0,0,0,0,0,0,0,0,0,0,0,0,0,0,-0.095985519146296,0,0,0,0,0,0,0,0,0,0,0,0,0,0,0,0,0,0,0,0,0.0736305926150056,0,0,0,0,0,0,0,0,0,0,0,0,0,0,0,0,0,0,0,-0.455623497306378,0.389898954159204,0,0,0.391305817540984,0,0,0,0,0,0.192449130324151,0,0.380680810517469,0,0,0,0,0,0,0.256417627303971,0,0,0.31120249812249,0,-0.154886838611832,0.164635037218928,0,0,0,0,0,0,0,0,-0.00318193631722172,0,0,0,0,0,-0.254785698931937,0,0,0,0,0,0,0,0,0,0,0,0,0,0,0,0,0,0,0,0,0,-0.0602123929526602,0,0,0,0,0,0,0,0,0,0,0.0689362380352436,0,0,0,0,0,0,0,0,0,0
0,0,0,0,-0.373699938335282,0,0,0,0,0,0,0,0,0,0,0,0,0,0,0,0,0,0,0,0,0,0.096214004208202,0,0,0,0,0,0,0,0,0,-0.546574935216128,0,0,0,0,0,0,0,0,0,0,0,0,0,0,0,0,0,0,0,0,0,0,-0.0536079644021927,0,0,-0.189966587592068,0,0,0,0,0,0,-0.231133976239363,0,0,0,0,0,0,0,0,0,0,0,0,0.271685131733281,0,0,0,0.154990737991958,0,0,0,0,0,0,0,0,0,0,0,0,0.349434998898136,0,0,0.0859282101118106,0,0,0,0,0,0,0,0,0,0,0,0,-0.00106557340790938,0,0,0,0,0,0,0,0,0,0,0,0,0,-0.50931019393564,0,0,0,0,0,0,0,0,-0.0330315258573644,0,0,0,0,0,0,0,0,0,-0.20316192872131,0
0,0,0,0,-0.310192684601373,0,0,0,0,0,0,0,0,0,0,0,0,0,0,0.274042887264564,0,0,0,-0.255501448548418,0,0,0,0,0,0,0,0,0,0,0.215987657064623,0,0,0,0,0,0,0,0,0,0,0,0,0,0,0,0,0,0,0,0,0,0,0,0,0,0,-0.237074124693537,0,0,0,0,0,0,0,0,0,0,0,0,0,0,0,0.348006652131229,0,0,0.0449638036448081,0,0,0,0.164116453302123,0,-0.0771129709254946,0,0,0,0,0,0,0,0,0,0,0,0,0,0,0,0,0,0,0,0,0,0,0,0,0,0,0,0,0,0,0,0,0,-0.100428795450234,0,0,0.320104480503956,0,0,0,0,0,0,0.809002910110086,0,0,0,0,0.340098929918415,0,0,0,0,0,0,-0.342262849147934,0,0,0,0,0,0,0
0,0,0,0,0,0,0,0,0,0,0,0.208047710882998,0,0,0,0,0,0,-0.125973620388874,0,0,0,0,0,0,0,0,0,0,0,0,0,0,0,0,0.212361692406643,0,0,0.598901131522594,0,0,0,-0.112383831267489,0,0,0,0,0,0,0,0,0,0,0,0,-0.342326374469584,0,0,0.0243215608479146,0,0,0,0,0,0,0,0,0,0,0,0,-0.866661651229702,0,0.0193957955993645,0,0,0,0,0,0,0,0,0,0,0,0,0,0,0,0,0,0,-0.194485419371602,0,0,0.381697517474519,0,0,0,-0.050009558395226,0,0,0,0,0,0,0,0,0.0933199076310991,0,0,0,0.00250289738204302,0,0,0,0,0,0,0,0,0,0,0,0,0,0,0,0,0,0,0,0,0,0,0.13254930080803,0,0,0,0,0,0,0,0,0,0,-0.310235587616485,0,0,0
0,0,0,0,0,0,0,0,0,0,0,0,0,0,0,0,0,0,0,0,0.114120338374283,0,0,0,0,0,0,0,0.450260634424902,0,0,0,0,0,0,0,0,-0.355119332826984,0,0,0,0,0,0,0,0,0,0,0,0,0,0,0,0,0,0,0,0,0,0,0,0,0,0,0,0,0,0,0,0,0,0,0,0,0.0856904072725057,0,0,0,0,0,0,0,0,0,0,0,0,0,0,0,0,0,0,0,0,0,0,0,0,0.115011798738717,0,-0.251158779759677,0,0,0,0,0,0,0,0,0,0,0,0,0,0,0,0,0,0,0,0,0,0,0,0,0,0,0,0,0,0,0,0,0,0,0,0,0.200492821605106,0,0,-0.165866476168815,0,0,0,0,0,0,0,0
0,0,0,0,0,0,-0.155999721271826,0,0,0,0,0,0,0,0,0,0,0,0,0,0,0,0,0,0,0,0,0,0,0.243526653721379,0,0,0.245428226843272,0,0,0,0,0,0,0,0,0,0,0,0,0,0,0,0,0,-0.568882841405232,0,-0.243993759147022,0,0,0,0.13341616760832,0,0,0,0,0,0,0,0,0,-0.0238088893193179,0,0,0,0.330294544373464,0,0,0,0,0,0,0,0,0,0,0,-0.403925118452852,0,0,0,0,0,0.164273297375154,0,0,0,0,0,0,0,0,0.137265908552711,0,0,0,0,0,0,0,0.176976506024887,0,0,0,0,0,0,0,0,0,0,0,0,0,0.0647652608713552,0,0,-0.240762688231558,0,0,0,0,0,0,0,0,0,0,0,0,0,0,0,0,-0.540281016364507,0,0,0,0,0,0.196461979701663,0,0,0,-0.173448375089641
0,0,0,0,0,0,0,0,0,0,0.229745044586172,0,-0.192912608382131,0,0,0,0,0,0,0,0,-0.0689625516139872,0,0,-0.590649274142127,0,0,0.153610214058738,0,-0.501082633345433,0,0,0,0,0,0,0,0,0,0,0,0,0,0,0,0,0,0,0,0,0,0,0,0,0,0,-0.269921720748428,0,0,0,0,0.83213687596423,0,0,0,0,0,0,0,0,0,0,0.404220210442301,0,0,0,0,0,-0.242461073457176,0,0,0,0,0,0,0,0,0,0,0,0,-0.186603749110361,0,0.24553550072047,-0.197920524590599,0,0,0,0,0,0,0,0,0,0,0,0,0,0,0,0,0,0.208848704810865,0,0,0,0,0,0,0,0,0,0,0,0,0,0,0,0,0,0,0,0,0,0,0,0,0,0,0,0,0.152175875171359,0,0,0.029218273620644,-0.305423605305271,0,0,0,-0.280524986064062
0,0,0,0,0,0,0,0,0,0,0,0,0,0,0,0,0,0,0,0.644659744268376,0,0.203135101106516,0.191816297261804,0,0,0,0,0,0,0,0,0,0,0,0,0,0,0.15115736638793,0,0,0,0,0,0,0,0,0,0.167333729860501,0,0,0,0,0,0,0,0,0,0,0.371735705924215,0,0,0,0,0,0,0,0,0,0,0,0,0,0,0,0,0,0,0,0,0,0,0,0,0,0,-0.0492488612501403,0,0,0,0,0,-0.130761228220491,0,0,0,0.329806273331906,0,0,0,0,-0.601582540987883,0,0.127861088206162,0,0,0,0,0,0,0,0,0,0,0,0,0,0,0,0,0,-0.318324691867188,0,0,0,0,0,0,0,0,0,0,0,-0.281530798809523,0,0,0,0,0,0,0,0,0,0,0,0,0,0,0.0866704296324841,0.334418366580885,0
0,0,0.237833098179708,0,0,0,0,0,-0.16851638847903,-0.035211720808869,0,0,-0.150156422769611,0,0.160796985568031,0,0,0,0,0,0,0,0,-0.120744067231827,0,0,-0.427262609503769,0,0,0,0,0,0,0,0,0,0.0788616018216426,0,0,0,0,0,-0.364868525592955,0.351537700264188,0,0,0,0,0.0338851880428099,0,0,0,0,0,0.341949107444812,0,0,0,0,0,0,0,0,0,0,0,0,0,0,0,0,0,0,0,0,0,0,-0.230508866203632,0,0,0,0,0,0,0,0,0,0,0,0,0,0,0,0,0,0,0,0,0,0.281079340130109,-0.187736449166847,0,0,0,0,0,0.0853692956705457,0,0,0,0,0.149456138512275,0,0,0,0,0,0,0,0,0.0360512448541799,-0.08957247615712,0,0,0,0,0,0,0,0,0.0269028304064019,0,0,0,0,0,0,0,-0.106372860941197,0,0,0,0,0,0,0,0,0.16210882869456,0,0
0,0,0,0,0,0,0,0,0,0,-0.443080612094815,0,0,0,0,0,0,0,0,0,0.00201673099029082,0,0,0,0,0,0,0,0,0,0,0,0,0,0,-0.111313410137284,0,0,-0.712029715940724,0,0,0,0,0,0,0,0,0.060524706459397,0,0,0,0,-0.223426093222308,0,0,0,0,0,0,0,-0.0705434564565716,0,0,0,0.000661914906572539,0,0,0,0,0.185778559307943,0,0,0,0,0,0,0,0,0,0,0,0,0,0,0,0,0,0,0,0,0,0,0,0,0,0,0,0,0,0,0,0,0,0,0,0,0,0,0,0,0,0,0,-0.178241036797615,0,0,0,0,0,0,0,0,0,0,0,0,0.164107328544605,0,0,0,0,0,0,0,0,0,0,0,0,0.238069622101925,0,0,0,0,0,0,0,0,0,0
0,0,0,0,0,0,0,0,0,0,0,0,0,0,0,0,0,0,0,0,0.255501279703987,0.0429561062281831,0,0,0,0,0,0,0,0,0,0,0,0,-0.374584243880916,-0.0102658807510368,0,0,0,-0.457197653128608,0,0,0,0,0,0,0,0,0,0.135523970988514,0.075876452373052,0,0,0,0,0,0,0,0,0,0,0,0,0,0,0,0,0,0,0,0,0,0,0,0,0,0,0,0,0,0,0,0,0,0,0,0,0,0,-0.522549487485077,0,-0.0922407274412819,-0.17741275876589,0,-0.245582835481004,0,0,0,0,0,-0.0458811565461405,0,0,0,0,0,0,0,0,0,-0.098490777590704,0,0,0,0,0,-0.479297368573721,0.174811300273283,0,0,0,0.0778069652980905,0,0,0,0,0,0,0,0,0,0.0173545880367357,0,0,0,0,0,0,0,0,0,0,0,0,0,0,0,0,0,0
0,0,0,0,0,0,0,0,0,0,0,0,0,0,0,0,0,0,-0.291277821922341,0,0,-0.287485630616062,0,0,0,0,-0.194601035682517,0,0,0,0,0,0,0,0,0,0,0.418407391971675,0,0,-0.424903651357476,0,0,0,0,0,0,0,0,0,0,0,0,0,0,0,0,0,0,0,0,0,0,0,0,0,0,0,0,0,0,0.62841717811876,0,0,0,0,0,0,0,0,0,0.0519716812623262,0,0,0,0,0,-0.247636837783039,0,0,0,0,0,0,-0.306224635652043,0.0468303559146932,0,0,0,0,0,0.454098569878774,0,0,0,-0.00783203280220508,0,0,0,0,0,0,0,0.476241534955886,0,0,0,0,0,0,0,0,0,0,0,0.015685045724295,0,0,0,0,0,0,0,0,0,0,0,0,0,0,0,0,0,0,0,0,0,0,0,0
0,0,0,0,0,0,0,0,0,0,0,0,0,0,0,0,0,0,0,0,0,0,0.356016242630725,0,0,0,0,0,0,0,0,0,0,0,0,0,0.0910806022115392,0,0,0,0.0520460084367824,0,0,0,0,0,0,0,0,0,0,0,0,0,0,0,0,0,0,0,0,0,0,0,0,0,0,0,0,0,0.0839241119637081,0,0,0,0,0,0,0,0,0,0,0,-0.0100106075335618,0,0,0,0,0,0,0,0,0,0,0,0,0,-0.227108406192135,0,0,0,0,0,0,0,0,0,0,0,0,0,0,0.0576359712206416,0,0,0,0,0,0,0,-0.343858162943888,0,0,0,0,0,0,-0.329604041809773,0,0,0,0,0,0,0,0,0,0,0,0,0,0,0,0,0,0,0,0,0,0,0
0,0,0,0,0,0,0,0,0.10806169024134,0,0,0,0,0,0,0,0,0,0,0,0,0,0,0,0,0,0,0,0,0,0,0,0,-0.197369426227598,0,0,0,0,0,0,0,0,0,0,0,0,0,0,0,0,0,0,0,0,0,-0.596498839783132,0,0,0,0,0,0,0,0,0,0,-0.0116947357090985,0,0.0691899977513545,0,0,0,-0.219252473332456,0,0,0,0,0,0,0,0,0,0,0,0,0,0,-0.199940676925272,0,0,0,0,0,0,0,0,0,0,0,0,0,0,0,0,0,0,0,0,0,0,0,0,0,0,0,0,0,0.025891293880631,-0.387236769492419,0.196934303969909,0,0,0,0,0,0,0,0,0,0,0,0,0,0,0,0,0,0,0,0,0,0,0,0,0,0,0,0,0,0
0,-0.727309885790411,0,-0.155317144246184,-0.145069418895116,0,0,0,0,0,0,0,0,0,0,0,0,0,0,0.0180112552385449,0.0875907366524759,0,0,0,0,0,0,0,0,0,0,0,0,0,0,0,0,0,0,0,0,0,0,0,0,0,0,0,0,0,0,0.0320963640694142,0,-0.0518296217710379,0,0,0,0,0,0,0,0,0,0,0,0,0,0,0,0,0.0642581586987975,0,0,0,0,0,0.585175954913718,0,0,0,0,0,0,0,0,0,0,0,0,0,0.10575482720703,0.281406143582867,0,0,0,0,0,0,0,0,-0.617417902391865,0,0,0,0,0,0,0,0,0,0,0,0,0,0,0,0,0,0.252653379998685,0,0,0,0,0,0,0,0,0,0,0,0,0,0,0,0,0,0,0,0,0,0,0,0,0,0,0,-0.40279198800873,0.60351134132156,0,0
0,0,0,0,0,0,0,0,0,0.27535578347588,0,0,0,0,0.47889657365857,0,0,0,0,0,0,0,0,0,0,0,0,0,0,0,0,0,0,0,0,0,0,0,0,0,0,0,0.265842114026533,0,0,0,0,-0.238880426612166,0,0,0,0.332060927650072,0,0,0,0,0,0,0,0,0,0,0,0,0,0,0,0.096207124336188,0,0,0,0,0,0,0,-0.0386702247817858,0.297935093333353,0,0,0,0,0,0,0,0,0,0,0,0,0,0,0,0,0,0,0,0,0,0,0,0,-0.24444077287927,0,-0.383382324802495,0,0,0,0,0,0,0,0.107470064333287,0,0,0,0,0,0,0,0,0,0,0,0,0,0,-0.0474487075768133,0,0,0,0,0,0,0,0,0,0,0,0,0,0,0,0.145850415989962,0,0,0,0,0,0,0
0,0,0,0,0,0,-0.383561667308566,0,0,0,0,0,0,0,0,0.0150173476262557,0,0,0,0,0,0,0,0,0,-0.0153675506642497,0,0,0,0,0,0,0,0,0,0,0,0,0,0,0,0,0,0,0,0,0,0,0,0,0,0,0,0.09432547827961,0,0,0,0,0.144784229005167,0.22591992998358,0,0,0,0,0,0,0,0,0.475372928197659,0,0,0,0,0,0,0,0,0,0.0138480453136683,0,0,0,0,0,-0.35702801439225,0,0,0,0,-0.259008455180086,0,0,0,0,0,0,0,0,0,0,-0.148747088797579,0,0,0,-0.0768882775419839,0,0,0,0,0,0.413280400149289,0,0,0,0,0,0,0,0,0,0,0,0,0,0,0,0,-0.0547216339271342,-0.0386215894473779,0,0,0.0617497138589982,0,0,0,0,0,0,0,0,0,0,0,0,0,0,0,0,0,0
0,0,0,0,0,0,-0.321535868797391,0,0,0,0,0,0,0,0,0.00565308264747756,0,0,0,0,0,0,0,0,-0.564809448871891,0,0,0,0,0,0,0,0,0,0.198107205590675,0,0,0,0,0,-0.0604369494976778,0,0,0,0,0,0,0,0,0,0,-0.167844823480165,0,-0.310209900506834,0,0,0,0,0.268947886507205,0,0,0.0723142953160506,0,0,0,0,0,0,0,0,0,0,0,0,0,0,0,0,0,0,0,0,0,0,0,0,0,0,0,0,0,0,0,0,0,0,0,0,0,0,0.538686388201079,0,0,0,0,0,0,0,0,0,0,0,0,0,0,0,0,0,0,0,0,0,0,0,0,0,0,0,0,0,0,0,0,0,0,0,0,0,0,0,0,0,0,0,0,0,0,0,0,0
0,0,0,-0.23495814139043,0,0,0,0,0.523721493764996,0,0,0,-0.293576438389259,0,0,0,0,0,0,0,0,0,0,0,0,0,0,0,0,0,0,0,0,0,0,0,0,0,0.131778307896374,0,0,0,0,0,0.0110286694155159,0,-0.0188533996013836,0,0,0,0,0,0,0,0,0,0,0,0,0,0.199191902729897,0,0,0,0,0,0,-0.0580297126306618,0,0,0,0,0,0,0,0,0,0,0,0,0,0,0,0,0,0,0.130479421943524,0,0,0,0,0,0,0,0,0,0,0,0,0.14505883421582,0,0,0,0,0,-0.118291826955628,0,0,0,0,0,0,0,0,0,0,0,0,0,0,0,0,0,0,0,0,0,0,0,0,0,0,0,0,0,0,0,0,0,0,0,0,0,0,0,0.554735254056106,0,0,0,0
0,0,0.173863795059333,0,0,0,-0.120718091041043,0,0,0,0,0,0,0,0,-0.126823250225607,0,0,0,0,0,0,0,0,0,0,0,0,0,0,0,0,0,0,0,-0.167698498012006,-0.186175378298921,0,0.0251326895664164,0,0.4347450138194,0,0,0,0,0,0,0,0,0.00772105319778677,0,0,0,0,0,0,0,0,0,0,0,0,0,0,0,0,0,0,-0.301933832894103,0,0,0,0,0,0.24171282379996,0,0,0,0,0,0,-0.0522238723646132,0,0,0,0,0,0,0,0,0,0,0,0,0,0,0,0,0,0,-0.682561661939121,0,0.164195676643463,0,0,0,0,0,0,-0.0572350271305654,0,0,0,0,0,0,0,0,0,0,0.13805403559495,0,0,0,0.315550055875273,0,0,0.150598407474089,0,0,0,0,0,-0.0642901326074367,0,0,0,0,0,0,0,0,0,0,0,0,0,0.1029183520202,0,0
0,0,0,0,0,0,0.0299503964609268,0,0,0,0,0,0,0,0,0,0,0,-0.663367005864519,0.0561062198306466,0,0,0,0,0,0,0,0,0,0,0,0,0,0,0,0,0,-0.45855747139374,0,0,0,0.232316549801258,0,0.293712787882148,0,0,-0.07579819922596,0,0,0,0,0,0,0,0,0,0,0,0,0,0,0,0,0,0,-0.145118302103027,0,0,-0.224905301668781,0,0,0,0.465721909139332,0,0,0,0,0,0,0,0,0,0,0,0,0,0,-0.182949834485971,0,0,0,0,0,0,0,0,0,0,0,0,0,0,0,0,0,0,0,0,0,0.364111124042391,0,-0.13104732883373,0,0,0,0,0,0,-0.203421846671773,0.0289246898225087,0,0,0,0,0,0,0,0,0,-0.117815853975883,0,0,0,0,0,0,0,0,-0.107598505044646,0,0,0,0,0,0,0,-0.0252530207364899,0,0,0
0,0,0,0,0,0,0,0,0,0,-0.463860048727333,0,0,0,-0.5340683649219,0,0,0,0,0,0,0,0,0,0,0,-0.697972766637654,0,0.223721509691384,0,0,0.214680327382874,0,0,0,0,0,0,0,0,0,0,0,0.347388226828694,0,0,0,0,0,0,0,0,0,-0.113085481236361,0,0,0,0,-0.239561606358508,0,0,0,0,0,0,0,0,0,0,0,0,0,-0.268372835795272,0,0,0,0,0,0,-0.458049257211543,0,0,0,0,0,0,0,-0.131969338920337,0,0,0,0,0,0,0,0,0,0,0,0.359089409447231,0,0,0,0,0,0,0,0,0,0,0,0,0,0,0,0,0,0,0,0,0,0,0,-0.000976700609071043,0,0,0,0,0,0,0.205431761722545,0,0,0.307387450757123,0,0,0,0,0,0,0,0,0,0,0,0,0,0,0,0
0,0,0,0,0,0,0,0,0,0.14992808927117,0,0,0,0,0,0,0,0,0,0,0,0,0,0,0,0,0,0,0,0.0891835957826055,0,0,0,0,0,0,0,0,0.340295688791068,0,0,0,0.333780417408845,0,0,0,0,0,0,0,0,0,0,0.0619991761906306,0,0,0,0.0183640957931962,0,0,0,0,0,0,0,0,0,0,0,0,0,0,0.0381927336778814,0,0,0,0,0,0,0,0,0,0,0,0,-0.0805931405023325,0,0,0,0,0,0,0,0,0,0,0.49592509953369,0,0,0,0,0,0,0,0,0,0,0,0,0,0,0,0,0,0,0,-0.589914546395714,0,0,-0.116499621095485,0,0,0,0,0,0,0,0,0,0,0,0,0,0,0,0,0,0,0,0.201976583651575,-0.186811210731581,0,0,0,-0.136888217529587,0,0,0,0,0
0.123912371460085,0,0.177692583333236,0,0,0,0,0,0,0.1211800624382,0,0,0,0,0,0,0,0,0,0.3123671464112,0,0,-0.0932050174580217,0,0,0,0.137617683575292,0,0,0,0,0,0,0,0,0,0,0,0,0,0,0,0,0,0,0,0,0,0,0,0,0,-0.0953672834521476,0.1222012410704,0,-0.530385094220745,0,0,0,0,0,0,0,0,0.249712545796691,0,0,0,0,0,0,0,0,0,0,0,0,0,0,0,0,0,0,-0.321488830548128,0,0,0,0,0,0,-0.0633414790380662,0,0,0,0,0,0,0,0,0,0,0,0,0,0,0,0,0,0.186061269224082,0,0.0714830132397666,0,0,0,0,0,0,0,0,0,0,0,0,0,0,0,0,0,0,0,0,0,0,0,0,0,-0.370225172730978,0,0,0,0,0,0,0,0,0,0,0,0,-0.167124512907053
0.626856389584674,0,0,0,0,0,0.350309312319778,0,0,0,0,0,0,0,0,0,0,0,0,0,0,0,0,0,0,0,0,0,0,0,0,0,0,0,0,0,0,0.0507751327768124,0,0,0,0.263539310871162,0,0,0,0,0,-0.0332336663966647,0,0,0,0,0,0,0,0,0,0,0,0,0,0,0,0,0,0.0117569922147272,0,0,0,0,0,0,0,0,0,0,0,0,0,0,0,0,0,0,0,0,0,0,0,0,0,0.0490533015633121,0,0,0,0.0318048708739829,0,-0.282944695878832,0,0,0,0,0,0,0,0,0,0,0,0.618597635691484,0,0,0,0,0,0,0,0,0,0,0,0,0,0,0,0,0,0,0,0.0559298888101524,0,0,0,-0.143781806072778,0.116601163212326,0,0,0,0,0,0,0,0,0,0,0,0,0,0,0
0,0,0,0,-0.212539222813449,0,0,0,0,0.512057464163385,-0.148005794845551,0,0,0,0,0,0,0,0,0,0,0.139733508243625,0,-0.11127538269914,0,0,0,0,0,0,0,0,0,0,0,0,0,0,0,0,0,0,0,-0.085090579939461,0,-0.28665742058568,0,0,0,0,0,0,0,0,0,0,0,0,0,0,-0.131195869868836,0,0,0,0,0,0,0,0,0,0,0,0,0,0,0,-0.0411657718800736,0,0,0,0,-0.202056970405736,0,0.0955719424097166,0,0,-0.114820883893112,0,0,-0.113520263965439,0,0,0,0,0,0,0,0,0,0,0,0,0,0,0,0,0,0,0,0,0,0,0,0,0,0,0,0,0,0,0,0,0,0,0,0,0,0,0.775494455195614,0,0,0,0,0,0,0,0,0,0,0,0,0,0,0,0,0,0.193233650815033,0,0.167255795806439,0
0.151036372346726,0,0,0,0,0,0,0,0,0,0,0,0,0,0,0,0,0,0.122723809744504,0,0,0,0,0,0,0,0,0,0,0,0,0,0,0,0,0,0,0,-0.0087743836842781,0,0,0,0,0,0,0,0,0,0,0,0,0,0,0,0,0.443817887508171,0,0,0,0,-0.0788537376282313,0,0,0,0,0,0,0,0,0,0,0,0,-0.139558595250401,0,0,0,0,0,-0.128865841720172,0,0,0,0,0,0,-0.125677192106767,0,0,0,0,-0.189245455061344,0,0,0,0,0,0,0,0.24875136295659,0,0,0,0,0,0,0,0,0.175853464154144,0,0,0,0.333532694406051,0,0,0,0,0,0,0,0,0,0,0,0,0,0,-0.286872580300561,0.200348539682591,0,0,0,0,0,0,0,0,0,0,0,-0.073056027815286,0,0,0,0,0,0.00360154092030155,0,0,0
0,0,0,0,0,0,0.152796656524135,0,0,0,0,0,0,0,0,0,0,0,0,0,-0.446662664605583,0,0,0,0,0.249191863336483,0,0,-0.0209596532597192,0,0,0,0,0,-0.502021971906657,0,-0.41026129172794,0,0,0,0,0,0,0,0,0,0,0,0,0,0,0,0,0,0,0,0,0,0,0,0.368626572671212,0,0,0,0,0,0,0,0,0,0,0,0,0.247921714847756,0,0,0.122450809357928,0,0,0,0,0,0,0,-0.129938523374085,0,0.0598347066063244,0,0,0,0,0,0,0,0,0,0,0,0,0,0,0,0,-0.308956673899558,0,0,0,0.0248577121754779,0,0,0,0,0,0,0,0,0,0,0,0,0,0,0,0,0,0.32443087671461,0,0,0,0,0,0,0.10430919323677,0,0,-0.4937109487654,0,0,0,0,0,0.234702518596117,0,0.0944064193044017,0,0,0,-0.00216891869903323,0,0
0,0,-0.140452193762643,0,0,0,0,0,0,-0.00201395913942597,0,0,0,0,0,0,0,0.54248551310741,0,-0.247959999796787,0,0,0,0,0,0,0,0,0,0,0,0,0,0,0,0,0,0,0,0,0,0,0,0.414269602979454,0,0,0,0,0,-0.0256280408051562,0,0,0,0,0,0,0,0,0,0,0.252930620099502,0,0,0,0,0,0,0,0,0,0,0,0,0,0,0.0727654605260752,0,-0.237174486802911,0,0,0.279184181044118,0,0.432035856569838,0.0439501487119194,0.253196322573519,0,0,0,0,-0.130433268503011,0,0,0.430324339171656,0,0,0,0,0,0,0,0,0,0,0,0,0,0,0,0,0,0,0,0,0,0,0,0,0,0,0,0,0,0,0,0,0,0,0,0,0,0,0,0,0,0,0,0,0,0,0,-0.0890222704648521,0,0,0,0,0,0,0,0,0
0,0,0,0,0,0,0,0.0395004369368983,0,0,0,0,-0.28417820967309,0,0,0,0,0,0,0,0,0,0,0,0,0,0,0.376384983703338,0,0,0,-0.0539397392383459,0,0,0,0,0,0,0.0746778716501664,0,0,0.468937760177851,0,0,0,0,0,0,0,0,0,0.525346021027243,0,0,0,0,0,0,0,0,0,0,0,0,0,0,0,0,0,0,0,0,0,-0.290874259645159,0,0,0,0,0,0,0,0,0,0,0.0849033598039355,-0.0808262921362004,0,0.0208485065317029,0,0,0,-0.352685537553918,0,0,0,0,0,0,0,0,0,0,0,0,0,0,0,0,0,0,0,0,0,0,0,0,0,0,0,0,0,0,0,-0.189620209823303,0,0,0,0,0,0,0,0,0,0,0,0,0,0,0,0,0,0,0,0,-0.00438068415528455,0,0,0,0,0
0,-0.0671789662196234,-0.22116091104528,0,0,0,0,0,0,0,0,0,0,0,0,-0.0789622093432004,0,0,0,0,0,0,0,0,-0.161210696990631,0,0,0,-0.115717067002928,0,0,0,-0.27234644016051,0,0,0,0,0,0,0,0,0,0,0,0.301734562660015,0,0,0,0,0,0,0,0,0,0,0,0,0,0,0,0,0,0,0,0,0,0,0,0,0,0,0,0,0,0.0871514242028505,0,0,0,0,0,0,0,0,0,0,0,0,0,0.180111449472119,0,0,0,0,0,0,0,0,0,0,0,0,0,0,0,0,0,0,0,0.108534109959902,0,0,0,-0.0281406849560191,0,0,0,0,0,0,0,0,0,0,0,0,0,0,0,0,0,0,0,0,0,0,0,0.0336239717306169,0,0,0,0,0,0,0.1075309011693,0,0,0,0,0,0
0,0,0,0,0,0,0,-0.0308869531034346,0,0,0,0.0482888299099005,0,0,0,0,0,0,0,0,0,0,0.268030957371672,0,0,0,-0.146525553633387,0,0,0,0,0,0,0,0,0,0,0,0,0,0,0.0464872645378807,0,0,0,0,0,0,0,0,-0.320836681043565,0.324236185584416,0,-0.522356955626787,0,0,0,0,0.352722219008546,0,0,0,0,0,-0.0824996833596152,0,0,0,0,0,0,0,0,0,0,0,0,0,0,0,0,0,0,0,0,0,0,0,0,0,0,0,0,0,0,0,0,0,0.179534779405726,0,0,0,0,0,0,0,0,0,0,0,0,0,0,0,0,0,0,0,0,0,0.211754895969547,0,0,0,0,0,0,0,0,0,0,0,0,0,0,0,0,0,0,0,0,0,0.0666161098528547,0,0,0,0,0,0,0
0,0,0,0,0.394552199904592,0,0,0,0,-0.165011385059862,-0.197840197521914,0,0,0,0,0,0,0,0,0,-0.339460911948514,0,0,0,0,0,0,0.278575853554381,0,0,0,0,0,0,0,-0.190247030667455,0,0,0,0,0,0,0,0,0.317399158868308,0,0,0,0,0,0,0,0,0,0,0,0,-0.236979453989054,0,0,0,0,0,0,0,0,0,0.333266589327606,0,0,0,0,0,0,0,0,0,0,0,0,-0.0459990711637564,0,0,0,0,0,0,0,0,0,0,0.0823353301969092,0,0,0,0,0.0893290738920707,0,0,0,0,0,0,0.0752492014989312,0,0,0,0,0,0,0,0,0,0,0,0,0,0,0,0,0,0,0,0.254519104028948,0,0,0,0,0,0,0,0,0,0,0,0,0,0,0,0.0107740721506735,0,0,0,0,0,0,-0.255388533922866,0,0,0
0,0,0,0,0,0,-0.31931146596,-0.526302243981255,0,0,0,0,0,0,0,-0.25056840074498,0,0,0,0,0,0,-0.117082921938716,0,0,0,0,0,0,0,0,0,0,0,0.0582796866199036,0,0,0,0,0,0,0,0,0,0,0.2801796181483,0,0.507976399169145,0,-0.207086605989284,0,0,0,0,0,0,0,0,-0.0240195001876677,0,0,0,0,-0.308209531737768,0.38077447954358,0,0,0,0,0,0,-0.0164873425068834,0,0,0,0,0,0,-0.115028476620098,0,0,0,0,0.523783531597252,0,-0.0928813849669738,0,0,0,0,0,0,0,0,0,0,0,0,0,0,0.173214796550098,0,0,0,0,-0.344177508979423,0,0,0,0,0,0,0,0,0,0,0,0,0,0,0,0,0,0,0,0,0,0.0946927651396131,0,0,0,0,0,0,0,0,0,0,0,0,0,0.115833869367265,0,0,0,0.0475666613568891,0,0,0,0
0,0,0,0,0,0,0,0,0,0,0,0,0,0,0,0.265651644826512,0,0,0.0908886011325022,0,0,0,0,0,0,0.359184316098529,0.0648168523871919,0,0,0,0,0,0,0,0,-0.312024035045592,0,0,0,0,0,0,0,0,0,-0.464397034107835,0,0,0.375002885615328,0.0803167955954562,0,0,0.584345421938276,0,0.301721101177515,0.244056542096358,0,0,0,0,0,0,0,0,0,0,0,0,0,0,0,0,0,0,0.106236089411049,0,0,0,0,0,0,0,0,0,0,0,0,0,0,0,0,-0.336602270410397,0,0,0,0,0,0,0,0,0,0,0,0,0,0,0,0,0,0.171928107309339,0,0,0.337772477462357,-0.0347107621206463,0,0,0,0,0,0,0,0,0,0,0,0,0,0,0,0,0,0,0,0,0,0.0639907214484213,0,0,0,0,0,0,0,0,0,0,-0.294624454055355,0,0,0
0,0,0,0.16636323206188,0,0,0,0,0,0,0,0,0,0,0,0,0,0,0,0,0,0,0,0,0.327309239465346,-0.19858501758097,0,0,0,0,0,0,0,0,0,0,0,0,0,0.188858525356395,0,0,0,0,0,0,0,0,0,-0.534587510486672,0,0,0,0,0,0,0,0,0,-0.250533103890598,0,0,0,0.410774277914365,0,0,0,0,0,0,0,0,0,0,0,0,0,0,0,0,0,0,0,0,0,0,0,0,0,0,0,0,0,0,0,0,0,0,-0.0808470309843406,0,0,0,0,0,-0.291962104300684,0,0,0,0,0,0,0,0,0,0,0,0,0,0,0,0,0,0,0,0,0,0,0.194648035850122,0,0,0,0,0,0,0,0,0,0,0,0,0,0,0,0,-0.0571704862257367,0,0,0,0,0
0,0,0,0,0,-0.0537722990267231,0,0,0,0,0,0,0,0,0.143409618735723,0,0,0,0.244291920268668,0,0,0,0,0,0.0543242874909664,0,0,0,0,0,0,0,0,0,0,0,-0.232876276109161,0,0,0,0,0,0,0.235004429961845,0,0,0,0,0,0,0,0,0,0,0,0,0,0,0,0,0,0,0,0,0,0,0,0.403204497313167,0,0,0,0,0,0,0,0,0,0,0,0,0,0,0,0,0.0970656911806607,-0.083238743231802,0,0,0,0,0,0,0,0,0,0,0,0,0,0,0,0,0,0,0,0,0,0,0,0,0,0,0,0,0,0,-0.223079010171037,0,0,0,0,0,0,0,0,0,0,0,-0.0823464271355553,-0.313106115792785,0.177527477579346,0,0,0,0,0,0,0,0,0,0,0,0,0,0,0,0,0,-0.0136202514076103,0
0,0,0,0,0,0.285621671349776,0,0,0.0413176081829585,0,0,0.374052079689088,0,0,0,0,0,0,0,0,0,-0.276248348870944,0,0,0.00951190075235003,0,0,0,0,0,0,0,0,0,0,0,0,0,0,0,0,0,0,0,0,0,0,0,0,0,0,0,-0.225831868830722,0.0255955373319061,0,0,0,0,0,0,-0.088837436897284,0,-0.0553626171502888,0,0,0,0,0.321219649922976,0,0,0,0,0,0,0,0.163833357511301,0,0.0470911059300723,0,0,0,0,0,0,0,0,0,0,0,0,0,0,0.289454246319881,0,0,0,-0.414379371409115,0,0,0,0,0,0,0,0,0,0,0,0,0,0,0,0,0,0.123637431102917,0,0,0,0,0,0,0,0,0,0,0,0,0,0,0,0,-0.105231786778755,0,0,0,-0.263583930288567,0,0,0,0,0,0,0.0825421168981995,0,0,0,-0.368677781258059,0,0,0
0,0,0,0,0,0,0,0,0,0,0.0618205704937707,0,0,0.076136531726761,-0.174033504804175,0,0,0,0,0,0,0,0,0,0,0,0,0,0.0581543485834537,0,0,0,0,0,0,0,0,0,0,0,0,0,0,0,0,0,0,0,0,0,0.0483873261027992,0,0,0,0,0,0,0,0,0,0,0,0,0,0,0,0,0,0,0,0,0,0,0,0,0,0,0,0,-0.133253966465606,0,0,0,0,0.0863115569109948,0,0.0685739253927483,0,0,0,0,0,0,0,0,0,0,0,0,0,0,0,0,0.376632137861495,-0.19265150423518,0,0,0,0,0,0,0,0,0.218440832671697,0,0,0,0,0.300904501599044,0,0,0,0,0,0,0,0,0,0,-0.0491993162661603,0,0,0,0,0,0,0,0,0,0,0,0,0,0,0,0,0,0,0,0
0,0,0,0,0,0,0,0,0,0,0,0.374074100386978,0,0,0,0,0,0,0,0,0,0,0,-0.260149241338411,0,0,0.281145499242343,0,0,0,0.11810669836357,0,0,0,0,0,0,0,0,0,0,0,0,0,0,0,0,0,0,0,0,0,0,0,0,-0.364008536421669,0,0,0,0,0,0,0.0697557348000174,0,0,0,0,0,0,0,0,0,0,0.243656231195611,0,0,0,0,0,0,0,0,0,0,0,0,0,0,0,0,-0.351267526274982,0,0,0,0,-0.110196290497042,0,0.13697518502745,0,0,0,0,0,0,0,0,0,0,0,0,-0.0606488572141244,0,0.244586829080679,0,0,0,0,0,0,0,0,0,0,0,0,0,0,0,0,0,0,0,0.080811260029077,0,0,0,0,0,0.586345426383812,0,0,0,0,0,0,0,0,0,0,0
0,0,0,0,0,0,0,0,0,0,0,0,0,0,0,0,0,0,0,0,0,-0.167292083028629,0,0,0,0.450126825512091,0,-0.339592231770696,0,-0.118943598043644,0,0,0,0,0,0,0,0,0,0,0,0,-0.26585756556725,0,0,0,0,0,0,0,0,0,0,0,0,0,0,0,0,0.0218413041075467,0,-0.282567161662509,0,0,0,0,0,0,0,0,0,-0.136828706522678,0,0,0,0,0,0,0,0,0,0,0,0,0,0,0,0,0,0,0,0,0,0,0,0,0,0,0,0,0,0,-0.102621599840142,0,0,0,0,0,0,0,0,0,0,0,0,0,0,0,0,0,0,0,0,0,0,0,0,0,0,0,0,0,0,0,0.135613342143608,0,0,0,0,0,0,-0.00283236230635892,0,0,0,0,0,0,0,0
0,0,0,0,0.0748920729182815,0,0.286754643533029,0,0,0,0,0,0,0.229917057947801,0,0,0,0.159236025596188,0,0,0,0,0,0,0,0,0,0,0,0,0,0,0,0,0,0,0,0,0,-0.148892782487492,0,0,0,0,0,0,0,0,0,0,0,-0.175214386047423,0,0,0,0,0,0,0,0,-0.505845663474564,0,0,0,0,0,0,0,0,0,0,0,0,0,0,0,0,0.241684984436802,0,0,0,0,0,0,0,0,0,0,0,0,0,0,0,0,0,0,0,0,0,0,0,0,0,0,0,0,0,0,0,0,0,0,0,0,0,0,0,0,0,0,0,0,0,0,0,0,0,0,0,0,0,0,0,0,0,0,0,0,0,0,0,0.25393739877062,0,0,0,0,0,0,0,0
-0.203738068055114,0,0,0,-0.0565358745247742,0.383302543120263,0,-0.222537479831084,0,0,0,0,0,0,0,0,0,0,0,0,0,0,0,0,0,0,0,0,0,0,0,0,0,0,0.0179975206247693,0,0.00703791809151567,0,0,0,0,0,0,0,0,0,0,0,0,0,0,0,0.0904617435816289,0,0,0,0,0,0,0.0508828276718357,0,0,0,0,0,0,0,0,0,0,0,0,0,0,0,0,0,0,0,0,0,0,0,0,0,0,0,0,-0.0438404479442763,0,0,0,0,0,0,0.0249532098866791,0,0,0,0,0,0,0,0,0,0,0,-0.0624323736683485,0.511686518531532,0,0,0,0,0,0.351152218125097,0,-0.245177230394905,0,0,0.319770321559436,0,-0.125271299978067,0,0,0,0,0,0,0,0,0,0,0,0,0,-0.221590040166556,0,0,-0.0964800890361553,0,0,0,-0.0777392333135192,0.171633355353916,0,0,-0.427093161175602,0,0,0
0,0,0,0,0,0,0,0,0.624526135411489,0,0,0,0,0.00767277219219919,0.530836423432437,0,0,0,0,-0.0835207152756798,0,-0.264147302733198,0,0,0,0,0,0,0,0,0,0,0,-0.257494011673848,0,0,0,0,0,0.116649677748901,0,0,0,0,0,0,0,0,0,0,0,0,0,0,0,0,0,0.432343467033977,0,0,0,0,0,0,0,0,0,0,0,0,-0.370713032884775,0,0,0,0,0,0,0,0,0,0,0,0,0,0,0.390774005317116,0,0,0,0,0,0,0,0,0,0,0,0,0,0,0,0,0,0,-0.0977717709292455,0,0,0,0,0,0,0,0,0,0,0.0899981285688293,0,0,0,0,0,0,0,0,0,0,0,0,0,0,0.190470233056401,0,0,0,0,0,0,0,0,0,0,0,0,0,0,0,0,0,-0.0147736112927479,0
0,0,0,0,0,-0.456287770324696,0,0.50228332276908,0,0,0,0,0,0,0,0,-0.218891040185915,0.705309888445802,0,0,0,0,0,0,0,0,0,0,0,0,0,0.321123403586216,0,0.580147285908535,0,0,0,0,0,0,0,0,-0.231359789065387,0,0,-0.10256210373103,0,0,0,0,0,0,0,0,-0.524947704479066,0,0,0,0,0,0,0,0,0,0,0,0.0869279375803869,0,0,0,0,0,0,0,0,0,0,0,0,0,0,0,-0.111440395650382,0,0,0.357046451045634,0,0,0,0,0,0,0,0,0,0,0,0,0,0,0,-0.02659706567505,0,0,0,0,0,0,0,0,0,0,0,0,0,0,0,0,0,0,0,0,0,0,0,0,0,0,0,0,0,0,0,0,0,0,0,-0.150746337639817,0,0,0,0,0,0,0.0826333293343235,0,0,0.00551858712877278,0,0
0,0,0,0.140955210692685,0.0991012525664325,0,0,0,0,0,0.493225816234645,0,0,-0.187097692578448,0,0,0,0,0,0,0,0,0,0,0,0,-0.133436908413428,0,0,-0.144185861920867,-0.101478934134177,0,0,0,0,0,0,0.0820258821856121,0,0,0,0,0,0,0,0,0,0,0,0,0,0,0,0,0,0,0.342802353952745,0,0,0,0,0,0,0,0,0,0,0,0,0,0,0,0,0,0,0.179307378770364,0,0,0,0,0,0,0,0,0,0,0,0,0,0,0,0,0,0,0,0,0,0,0,0,0,0,0,0,0,0,0,0,0,0,0,0,0,0,0,0,0,0,0,0.114319613802464,0,0,-0.412326806459668,0,0,0,0,0,0,0,0,0,0,0,0,0,0,0,-0.397569012214506,0,0,0,0,0,0,0,0,-0.357839102443995,0,0
0,0,-0.45066656113241,0,0,0,0,0,0,-0.46734528387343,0,0,0,0,0,0,0,0,0,-0.280677341024012,-0.0250835939032541,-0.181040509644011,0,0,0,0,0,0,0.4306322275752,0.4570250832453,0,0,0,0,0,0,0,-0.117496953774403,0,0,0.739789740826043,0,0,0,0,0,0,0,0,0,0,0,0,0,0,0,0,0,-0.0225229940138615,0,0,0,0,0,0,0,0,0,0,0,0,0,0,0,-0.120174627200857,0,0,0,0,0,-0.112407733980209,0,0,0,0,-0.443859833803553,0,0,0,0,0,0,0,0,0,0,0,0,0,0,0,0,0,0,0,0,-0.0749702683938769,0,-0.293163929350776,-0.0839417669036501,0,0,0,0,0,-0.0221749973993195,0,0,0,0,0.091160478413844,0,0,0,0,0,0,0,0,0,0,0,0,-0.161022840856958,0,0,0,0,0,0.0950418451479005,0,0,0,0,0,0,-0.310714245597759,0.318537106231667,0,0
0,0,0,0,0,0,0,0,-0.333625506077103,0,0,0,0,0.317181253954425,0,0,0,0,0.0996241838926356,0.099667777959766,0,0,0,0,0,0,0,0,0,0,0,0,0.117186785235717,0,0,0,0,0.197011376580055,0,0,0,0,0,0,0,0,0,0,0,0,0,0,0,0,0,0,-0.406215106148178,0.301957386918748,0,0,0,0,0,0,0,0,0,0,0,0,0,0,0,0,0,0,0,0,0,0,0,0,0,0,0,0,0,0,0,0,0,0,0,0,0,0,0,0,0.575051993638063,0,0,0,0,0,0,0,0,0,0,-0.0929580388212567,0.217432078674271,0,0,0,0,0,0,0,0.33225724564774,0,0,0,0,-0.250859226089659,0,0,0.135963384748805,0,0,0,0,0,0,0.161056806125208,0,0,0,0,0,0,-0.0374134889227991,0,0,0.24709209117947,0,0.324414933973619,0,0,0,0
0,0,0,0,0,0,0,0,0,0,0,0,0,0,0,0,0,0,0,0,0,0,0.225260978911231,0,0,0,0,0,0,0,0,-0.119663520336649,0,0,0,0,0,0,0,0,0,0,0,0,0,0,0,0,0,0,0,0,0,0,0,-0.123994584612919,0,0,0,0,0,0,0,0,0,0,0,0,0,-0.0143139360028243,0,0,0,0.164864346855837,0,0,0,0,0,0,0,0,0,0,0,-0.191579927018903,0.108281829882781,0,-0.415428805907884,0,0,0,0,0,0,0,0,0,0.0314766049361661,0,0,-0.0598866122229208,0,-0.146400022361515,0,0,0,0,0,0,0,0,0,0,0,0,0,0,0,0,0,0.187481497426478,0,0,0,0,0,0,0,-0.0367892420646132,0,0,0,0,0,0,0,0,0,0,0,0,0,0,0,0,0,0,0,0
0,0,0,-0.108250752962005,0,0,0,0,0,0,0,0,0,0,0,0,0,0,0,0,0,-0.105126587242525,-0.153893725659511,0,0.0710277755301289,0,0,0,0,0,0,0,0,0,0,0,0,0.210237856909525,0.192945895771128,0,0,0.0619202663702102,0,0,0,0,0,0,0,0,0,0,0,0,0,0,0,0,-0.735609326668866,0,0,0,0,0,0,0,0,0,0.101642041591928,0,0,0,0,0,0,0,0,0,0,0,0,0,0,0,0,0,0.700015234846936,0,0,0,0,0,0,0,0,0,0,0,0,0,0,0,-0.280332793149612,-0.181038100608013,0,0,0,0,0,0,0,0.0865547740244506,0,0,0,0,0,0,0,0,0,0,-0.0796117094899759,0,0,-0.392022031016105,0,0,0,0,0,0,0,0,0,0,0.0880135638954231,0,-0.0944442666959957,0,0,0,0,0,0,0,0,0,0,0
0.413555250040436,0,0,0,0,0,0,0,0,0,0,0,-0.36345004232912,0,-0.255440648434006,0,0,0,0,0,0,0,0,0,0,0,0,0,0,0,0,0,0,0,0,0,0.385420585986852,0,0,0,0,0,0,0,0,0,0,0,0,0,0,0,0,0,0.225743757892549,0,0,0,0.399813550519887,0,0,0,0,0,0,-0.234989669072189,0,0,0,0,0,0,0,0.00449080036972204,0,0,0,0,0,0,0.414856626934671,0,0,0,0,0,0,0,0,0,0,0,0,0,0,0,0,0,0,0,0,0,0,0,0.114521655283246,0,0,0,-0.031958100116561,0,0,0,0,0,0,0,0,0,0,0,0,0,0,0,0,0,0,-0.417892063412438,0,0,0,0,0,0,-0.124757131292645,0,0,0,0,0,0,0,0,0,0,0,0,0,0,0.514201285616157
0,0,0,0,0,0,0,0,0,0,0,-0.186779868583345,0,0,0,0,-0.0345391082327177,0,0,0,0,0,0,0,0.149338860947152,0,0,0,0,0,0,0,0.00771426768377916,0,0,0.0201694774443986,0,0.2384865791288,0,0.121241175025234,0,0,0,0,0,0,0,0,0,0,0.1554743791702,0,0,0,0,0,0,0,0,0,0,0,0,0,0,0,0,0,0,0,0,0,0,0,0,0,0,0,0,0,0,0,0,0,0,0,0,0,0,0,0,0,0,0,0,0,0,0,0,0,0,0,0,0,0,0,0,0,0.00853339377344613,0,-0.0900259730133811,0,0,0,0,0.244942556227087,0,0,0,0,0,0,0,0,0,0,0,0,0,0,0,0,0,0,-0.16634193198763,0.352580787685069,0,0,0,0,0,0,0,0,0,0,0,0,0,0
0.208081165918022,0,0,0,0,0,0.442720481485837,0,0,0,0,0,0,0.205789951935711,0,0,0,0,0,0,0,0,0,0,0,0,0,0,0,-0.0409269002557146,0,0,0,0,0,0,0,0,0,0,0,0.0860245981582522,0,0,0,0,0,0,0,0,0,0.307967432000796,0.0122570495933313,0,0,0,0,0,0,0,0,0,0,0,0,0,0,-0.241481194405261,0,0,0,0.156202284175137,0.314011269565547,0,0,0,0,-0.136466499292614,0,0,0,0,0,0,-0.038502047854356,0,0,0,-0.309117176888181,0.138112155207128,0,0,0,0,0,0,0,-0.0247918805453175,0,0,0,0,0,0,0,0,0,0,0,0,0,0,0,0,0.189113391057996,0,0,0,0,0,0,0,0,0,0,0.362161120727202,0,0,0,0,0,0,0,0,0,0,0,0,0,0,0,0,0.0594666893278182,0,0.0277841769926997,0,-0.471419627681965,0,0,0
0,0,0,-0.193559493857377,0,0,0,0.223758442630042,0,0,0,0,0,-0.00759982376466602,0,0,0,0,0,0,0,0,0,0,0,0,0,-0.519614789243672,0,0,0,0,0,0,0,0,0,0,0,0,0,0,0,0,0,0,0,0,0,0,0,0,0,0,0,0,0,0,0,0,-0.304160308440193,0,0,0,0,0,0,0,0,0,0,0,0.0816542209432146,0,0,0,0,0,0,0,0,0,0,0,0,0,0,0,0,0,0,0,0,0,0,0,0,0,0,0,0,0,0,0,0,-0.490522160180171,0,0,0,0,0.343945956662714,0,0,0,0,0,0,0,0,0,0,0,0.151918127464761,0,0,0,0,0,0,0.180392686912424,0,0,0,0,0,0,0,0,0,0,0,0,0,0,0.365292941409958,0,0,0,0,0
0,0,0,0,0,0,0,0,0,0,0,0,0,0,0,0,0,0,0,0,0,0,0,0,0,0,0,0,0,0,0,-0.164013788600633,0,0,0,0,0,0,0,0,0,0,0,0,0,0,0,0,0,0,0,0,0,0,0,0,0,0,0,0,0.0561963949548728,0,0,0,0,0,0,0,0,0,0,0.447679410206119,0,0,0,0,0,0,0,0,0,0,0,0,0,0,0,0,0,0,0,0,0,0,0,0,0.150432293050561,0,-0.0547930851367821,0.466398823782978,0,0,0,0,0,0,0,0,0,0,0,0,0,0,0,0,0,0,0,0,0,0,0,0,0,0,0,0,0,-0.416591523448087,0,0,0,-0.0661218126363519,-0.0443578412601337,0,0,0,-0.296860629148834,0,0,0,0,-0.505007234610187,0,0,0,0,0,0
0,0,0,0,0,0,0,0,0,0,0,0.109464753739525,0,0,0,0.470049451667051,0,0,0.117940681499472,0,0,0,0,0,0,0,0,0,0,0,0,0,0,0.40584598460504,0,0,0,0,0,0,0,0,0,0,0,0,0,0,0,0,0,0,0,0,0,0.103104135673115,0,0,0,0,0,0,0,0,0,0,0,0,-0.228733718873576,0,0,0,0,0,0,0,0,0,0,0,0,0,0,0,0,0,-0.198956355479523,0,0,0,0,0,0,0,0,0,0,0,0,0,0,0,0,0,0,0,-0.0492084549654076,0,0.218720066881251,0,0,0,0,0,0,0,0,0,0,0,0,0,0,0.0792627252223762,0,0,0,-0.130756144567719,0,0,0,0,0.172798611223178,0,0,0,0,0,0,0.245463323257117,0,0,0,0,0,0,0,-6.84949420313224e-05,0,0
0,0,0,0.124918542183774,0,0,0,0,0,0,0,0,0,0,0,0,0,0,0,0,0.446798810041509,0,0,0,0,0,0,0,0,0,0,0,0,0,0,0,0,0,0,0,0,0,0,0,0,0,0,0,0,0,0,0,0,0,0,0,0,0,0,0,0,0,0,0,0,0,0,0,-0.174619475527355,0,0,-0.310181686585629,0,0,0,0,0,0,-0.222322380325773,0,0,0.156411255681405,0,0,0,0,0,0,0,0,0,0,0,-0.231155129583608,0,0,0,0,0,-0.020417399478478,-0.0336480621953709,0,0,0,0,0,0,0,0,0,0,0,0,0,0,0,0,0,0,0,0,0,0,0,0,0,0,0,0,0.192918029456806,0,0,0,0.211995562784378,0,0,0,0,0.385093142726561,0,0,0.062091079441956,0,0,0,0,0,-0.150512613391544,0.459551946075975,0
0,0,0,0,0,0,0,0,0,0,0,0,0,0,0,0,0,0,0,0,-0.0996163898892635,0,0,0,-0.0445642505362931,-0.301507599854127,0.00730615315672933,0,0,0,0,0,0,0,0,0,0,0,0,0,0,0.00666522971268679,0,-0.00178519293261756,-0.123606127364262,0,0,0,0,0.4240132525915,0,0,0,0,0,0,0,0,0.433623128940818,0,0,0,0,0,0,0,0,0,0,0,0,0,0,0.107000324715601,0,0,0,0,0,-0.38398012691042,0,0,0,0,0,0.0923820621200998,0,0,0.094202272373381,0,0,0,0,0,0,0,0,0,0,0,0,0,0,0,0,0,0,0,0,0,0,0,0,0,0,0,0,0,0,0,0.188826842637057,0,0,0,0,0,0,0,0,0,0,0,0,0,0,0,0,0,0.0353097411725288,0,0,0,0,0,0,0,0,-0.341235838848661,0.385068399217579,-0.1531552239622
0,0,0,0,0,0,0,0,0,0,0.114007141622979,0,0,0,-0.274308178840933,0,0,0,0,0,0,0,0,0,0,0,0,0,0,0,0,0,0,0,0,0,-0.0190026380584355,0,0,0,0,0,0,0,0,0,0,0,0,0,0,0,0,0,0,0.0145142243547312,0,0,0,0,0,0,0.511250956542496,0,0,0,0,0,0,0,0,0,0,0,0,0,0,0,0,0,0,0.783615792932563,0,0,0,-0.00583291347535428,0,0.0686288057472802,0,0,0,0,0,0,0,0,0,0,0,0,0,0,0,0,0,0,0,0,0,0,0,0,0,0,0,0,0,0,0,0,0,0,0,0,0,0,0.0378502176298723,0,0,0,0,0,0,0,0,0,0,0,0,0,0,0,0,-0.121958044231568,0,0,0,-0.180864842053008,0,0
0,0,0,0,0,0,0,0,0,0,0,0.35270950258383,0,0,0,0,0,0,0,0,0,0,0,0.0491268187368032,0.151718315150031,-0.101676657697567,0,0,0.140397002697161,0.0631004088888514,0,0.371561339033467,0,0,0,0,0,0,0,0,0,0,0,0,0,0,0,0,0,0,0,0,0,-0.235172765809755,-0.29688323948014,0,0,0,0,0.208072574154216,0,0,0,0,0,0,0,0,0,0,0,0,0,0,0,0,0,0,0,0,0,0,0,0,0,0,0,0,0,0,0,0,0,0,0,0,0,0,0,0,0,0,0,0,0,-0.0471905164340793,0,0,0,0,-0.0929634331080628,0,0,0,0,0,0,0,0,0,0,0,0,0,0,0,0,0,0,0,0,0,0,0,0,0,0,0,0,0,0.0730176873386654,0,0,0,0,-0.313990383338737,0,0,0,-0.279542525751729
0,0,0,0,0,0,0,0.0934207297196966,0,0,0,0,0,0,0,0,0,0,0,0,-0.0825436704790049,0,0,0.230470435994953,0,0,0.37015067163739,0,0.219021381448155,0,0,0,0,0,0,0,0,0,0,0,0,0,0,0,0,0,0,0,0,0,-0.329155163396746,0,0,-0.182775714629977,0,0,0,0,0.261932433258622,0,0,0,0,0,0,0,0,0,0,0.289413748176795,0,0.269253162226958,0,0,0,0,0,0,0,0,0,-0.303086454470671,-0.0926444923464053,0,-0.113289944354282,0,0,0,0,0,0,0,0,0,0,0,0,0,0,0,0,0.151814278269689,0,0,0,0,0,0,0,0,0,0,0,0,0,0,0,0,0,0,0,0,0,0,0,0,0,0,-0.148679303537789,0,0,0,0.343529542065177,0,0,0,0,0,0,0,-0.276405734878021,0,0,0,0,0,0,0,0,0
0,0,0.204082238689242,0,0,0,0,0,0,0,0,0,0.268214148947187,0,0,0,0,0,0,0,0,0,0,0,0,0,0,0,0,0,0,0,0,0,0,0,0,0,0,0,0,0,0,0,0,0,0,0.381059888745058,0,0,0,0,0,0,0,0,0,0.328181213485647,0,0,0,0,0,0.393948312512491,0,0,0,0,0,0.206262572845355,0,0,0,0,0,0,0,0,0,0,0,0,-0.0561841587285535,0,0,0,0,0,0,0,-0.435027238163945,0,0,0,0,0,0,0,0,0,0,0,0.100719770240128,0,0,0,0,0,0,0,0,0,0,0,0,0,0.20105133691974,0,0,0,0,0,0,0,-0.3268446577622,0,0,0,-0.0182405243481936,0,0,0,0,0,-0.00852396828572852,0,0,0,0,0,0,-0.119824877792653,0,0,0,0,0,0,0.0389556382159038,0
0,0,0,0,0,0,0,0,0.0686295315493964,0,0,0,0,0,0,0,0,0,0,0,0,0,0,0,0,0,0.00481642189818062,0,0,0,0,0,0,-0.0854568748676456,0,0,0,0,0,0,0,0,0,0,0,0.401069895477289,0,0.0134823119331777,0,0,0,0,0.254207571506518,-0.177902105551009,0,0,0,0,0,0,0,0,0,-0.0555187295553225,-0.343208656885231,0,0,0,0,0.382798223678718,0,0,0,0,0,0,0,0,-0.0393549250520928,0,0,0,0,0,0,0,0,0.0145881885320526,0,0,0,0,0,0,0,0,0,0,0,0,0.188409828105057,0,0,0,0,0,0,0,0,0.274939474961424,0,0,-0.12480817709703,0,0,0,0,0,0,0,-0.00551036666111296,0,0,0,0,0,0,0,0,0,0,0,0,0,0,0,-0.340229958501708,0,0,-0.0125343108223633,0,0.00484894286990806,0,0,0.106368702118956,-0.204225649407303,0,0,0,0
0,0,0,0,0,-0.143582069678322,0,0,-0.0393023692247955,0,0,0,0,0,0,0,0,0,0,0,0,0,0,0,0,0,0,0,-0.263580580947751,0,0,0.241521885265603,0,0,-0.0592812141320469,0,0,0,0,0,0,0,0,0,0,0,0,0,0,0,0,0,0,0,0,0,0,0,0,0,0,0,0,0,0,0,0,0,0,0,0,0,0,0,0,0,0,-0.296906446891361,0,0,-0.130791381605311,0,0,0,0,-0.0316467370444136,0.122907564828393,0,0,0,0,0,0,0,0,0,0.481896476225135,0.409509129025694,0,-0.0242383633941201,0,0,0,0,0,0.0262969149401542,0,0,0,0,0,-0.14330800090714,-0.110601334230376,0,0,-0.191494884667333,0,0,-0.412951849077993,0,0,0,0.11366020372178,0,0,0,0,0,0,0.039709148798814,0,0,0,0,0,0,0,0,0,0,0.403377724163641,0,0,0,0,0,0,0,0,0
0,-0.0558471907174463,0,0,0,0,0,0,0,0,0,0,0,0,0,0,0,0,0,0,-0.0512245052597659,0,0,0,0,0,0,0,0,0,0,0,0,0,0,0,0,-0.152061773331631,0,0,0,0,0,0,0,0.025035621055343,0,0,0,0,0,0,0,0,0,0,0,0.267172305763246,0,0,0,0,0,0,0,0,0,0,0,0,0,0.178343959251418,0,0,0,0.257985275868568,0,0,0,0,0,0,0,0,0,0,0,0,0,-0.109209504670369,0,0,0,0,0,0,0,0,0,0,0,0,0,0,0,0,0.227667740497352,0,0,0,0.0720251510360042,0,0,0,0,0,0,0,0,0,0,0,0,0,0,0,0,0,0,0,0,0,0,0,0,0,0,0,-0.119097184709221,0,0,0,0,0,0,0,0,0,0,0
0,0,0,0,0,0.109453363418715,0,0,0,0,0,0,0,0,0,0,0,0,0,0,0,0,0,0,0,0,0,0,0,0,0,0,0,0,0,0,-0.291729447744709,0,0,0,0,0,0.0854515811951323,0,0,0,0,0,0,0,0,0,0,0,0,0,0,0.12185273912968,0,0,0,0,0.138930650048706,0,0,0,0,0,0,0,0,0,0,0,0,0,0,-0.0642283526801561,0,0,0,-0.115047522283653,0.61907546735715,0,0,0,0,0,0,0,0,0.361450679758868,0,0,0,0,0,0,0,0,0,0,0,0,0,0,0,0,0,0,0,0,0,0,0,0,0,0,0,0,0,0.172274582776905,0,0,0,0,0.138775807309051,0,0,0,0.10684163433513,0,0,0,0.0895648932481026,0,0,0,0,0,0,0,0,0,0,0,0,0,0,-0.547630420109653
0,0,0,0,0,0,0,0,0,0,0,0,0,0.271128639446189,0,0,0,0.145773844835221,0,0,0,0,0,0,0,0,0,0,0,0.246621179174325,0,0,-0.331098839799381,0,0,0,0,0,0,0,0,0,0,0.398728117714384,0,0,0,0,0,-0.00772325137849686,0.0130746170209524,0,0,0,0,0,-0.129136603863583,0,0,0,0,0,0,0,0,-0.0635332932974936,0,0,0.18814411089326,0,0,0,0,-0.111145391942944,0,0,0,0,0,0,0,0,0,0,0,0,0.342396655355762,0,0,0,0,0,0,0,0,0,0,0.308253578614303,0,0,0,0,0,0,0,0,0,0,-0.254401277796349,0,0,0,0,0,0,0,0,0,-0.0691065396936004,0,-0.516416026942695,0,0,0,0,0,0,0,0,0,0,0,0,0,0,0,0,0,0,0,0,0,0,0,0,0,0,0,0,0
0,0,0,0,0,0,0,0.485220683130335,0,0,0,0,0,-0.188780954179741,0,0,0,0,0,0,0,0,0,0,0,0,0,0,-0.0537269912963887,0,0,0,0,0,0,0.403258631775856,0,0,0,0,0,0,0,0,0,0,0,0,0,0,0,0,0,0,0,0,0,0,0,0,0,0,0,0,0,0,0,0,0,0,-0.133041892552056,0,0,0.204104676246466,0,0,0,0,0,0,0,0,0,0,-0.0891782112122065,0,0,0,0,0,0,0,0,0,0,0,0,-0.0291948923295621,0,0,0,0,0,0,0,0,0,0.0140869345729958,0,0,0,0,0,0,0.162289567923364,0.126853369084506,0,0,0,0,0,0,0.145109387390393,0,0,0,0,0,0,0,0,0,0,0,0,0,-0.353063432105011,0,0,0,0,0,0,0,0,0,0,-0.130167966568983,0,0
0,0,-0.0474693932195908,0,-0.0913408931865995,0,0,0,0,0,0,0,0,0,0,0,0,0,0,0,0,0,0,0,0,0,-0.0782168859121551,0,0,0,0,0,0,0,0,0,-0.187465699781529,0,0,0,0,0,0,0,0,0,0,0,0,0,0,0,0,0,0,0,0,0,0,0,0,0,0,0,0,0,0,0,0.187894666023389,0,0,0,0,0,0,0,0,0,0,0,0,0,0,0,-0.505423411483779,0,0,0,0,0,0,0,0,0,0,0,0,0,0,0,0,0,0,0,0,0,0,0,0.252069168419719,0,0,0,0,0,-0.199116318653835,0,0,0,0,0,0.0520106461190612,0,0,0,0,0,0,0,0,0,0.021768248140191,0,0,0,0,0,0,0,0,0,0,0,0,0,0,0,0.0150490317901905,0,0,0.121652397979918
0,0,0,-0.247481226099892,0,0,0,0,0,0,0,0,0,0,0.062320425946439,0,0,0,0,0.131414498582492,0,0,0,0,0,0,-0.162421970218375,0.204243240112645,0,0,0,0,0,0,0,0,0,0,0,0,0,0,0,0,0,0,0,0,0,0.12992361506466,0,0,0,0,0,0,0,0,0,0,0,0,0,0,0,0,0,0,0,0,0,0,0,-0.310692016824952,0,-0.495224578542223,0,0,0,0,0,0,0,0,0,0,0,0.0844549986211365,-0.0603161784365556,0,0,0,0,-0.174482362541833,0,0,0,0,0,-0.102669250593062,0,0,0,0,-0.24863497894074,0,0,0.229128398330115,0,0,0,0,0,0,0,0,0,0,0,0,0,0,0,0,0,0,0,0,-0.0850066892110635,0,0,0,0,0,0,0,0,0.13877180784675,0,0,0,0,0,0,0,0,0,0,-0.0692257418445292,0
0,0,0,0,0,0.315864630770007,0,0,0,0,0,0,0,-0.0134373828739715,0,0,0,0,0,0,0,0,0,0,0,0,0,0,0,0,0,0,0,-0.143317761542262,0,0,0,0,0.156182520746156,0,0,0,0,0,0,0,0,0,-0.232190027100754,-0.450948193614126,0,0,0,-0.451950806194801,0,0,0,0,0,0,0,0,0,-0.213546223888875,0,0,0,0,0,0,0,0.775078387703726,0,-0.186980402139837,0,0,0,0.0228925868839952,0,0,0,0,0,0,0,0,0,0,0,0,0,0,0,0,0,0,-0.115418156577353,0,0,0,0,0,-0.0960071526363773,0,0,0,0,0,0,0,0,0,0,0,0,0,0,0,0,0,0,-0.318841255412405,0,0,0,0,0,0,0,0,0,0,0,0,0,0,0,0,0,0,0,0,0,0,0,0,0,0,0,0
0,0,0,0,0,0,0,0,0,0,0,0,-0.0742613653965964,0,-0.0349351419662055,0,0,0,0,0.237456176703087,0,0,0,0,0.146215906464934,0,0,0,0,0.232722961138329,0,0,0,0,0,0,0,0,0,0,0,0,0,0,0,0,0,0.296197108357649,0,0,0,0,0,0,0,0,0,0,0,0,0,0,0,0,0,0,0,0,0,0,0,0,0,0,0,0,0,0,0,-0.101482902059267,0,0,-0.355907739911499,0,0,0,0,0,0,-0.296894016895461,0,0,0,0,0.208930790814272,0,0,0.0208068575203771,0,0,0,0,0,0.0548729214396577,0,0,0,0,0,0,0,0,0,0,0,0,0,0,0,0,0,0,0,0,0,0,0,0,0,0,0,0.0584537229740571,-0.292687221181056,-0.0258347363704131,0,0,0,0,0,0,0,0,0,0,0,0,0.123448657605703,0,0,0
0,0,0,0,0,-0.106091496802252,0,0,0,0,0,0,0,0,0,0,-0.240775790873161,0,0,0.111195074307511,0,0,0,0.331026496861434,0,0,0,0,0,0,0,0,0,0,0,0,0,0,0,-0.201090285686264,-0.0779003148692908,0,0,0,0,0,0.0147478221086274,0,0,0,0,0,0,0,0,0,-0.0503947785809132,0.342278738685046,0.0996296451511372,0,0,0,0,0,0,0,0,0,0,0,0,0,0,-0.2948138485311,0,0,0,0,0,0,0,0,0,0,0,0,0,0,0,0,0,0,0,0,0,0,0,0,0,0.307006495889282,0,0,0,0,0,0,0,0,0,0,0,0,0,0,0,0,0,0,0,0,0,0,0,0,0,0,0,0,0,0,0,0,0,0,0,0,0,0,0,0,0,0,0,0,0,0,0,0,0,0
0,0.0353567650044693,0.556934043211487,0,0,0,0,0.183612741312865,0,0,0,0,0,0.119402788328762,0.0697975542684502,0,0,0,0,0,0,0,0,0,0,0,0,0,0,-0.229152158057282,0.270771250313738,0,0,0,0,0,0,0,0,0,0,0,0.213944831324224,0,0,0,0,0,0,0,0,0,0,0,0,0,0,0,0,0,0,0,0,0,0,0,0,0,0,0,0,0,-0.332913101318287,0,0,0,0,0,0,0,0,0,0,0,0,0,0,0,0,0,0,0,0,0,0,0,-0.045602149368866,0,0,0,0.0289877889289748,0,0,0,0,0,0,0,0,0,0,0,0,0,0,0,0,0,0,0,0,0,0,0,0,0,0,0,0,0,0,0,0,-0.0111903830888801,-0.247705174062958,0,0,0,0,0,0,0,0,0,0,0,0,0,0,0
0,0,0.0473206697227191,-0.375492982232889,0,0,0,0,0,0,0,0,-0.0350810867402984,0,0,0,0,0,0,0,0,0,-0.306675604609529,0,0,0,0,0.200360262689623,0,0,0,0,0,0,0,0,0,0,0,0,-0.463468317959332,0,0,0,0.130481580840541,0,0,0,0,0,0,0,0,0,0,0,0,0,0,0,-0.353850976981217,0,0,0,0,-0.00381636709296554,0,0,0,0,0,0,0,0,0,0,0.492089567412221,0.0605399611211855,0,0,0,0,0,0,0,0,0,0,0,0,-0.335620693298278,0,0,0,0,0,0,0,0,0,0,0,0,0,0,0,0,0,0,0,0,0.162306879686342,0,0.027491034928368,0,0,0,0,0.0983972612319172,0,0,0,0,0,0,0,0,0,0,0,0,0,0,0,0,0,0,0,0,0,0,0,0,0,-0.270864883416629,0,0,0,0,0
0,0,0,0,0,0,0,0,0,0,0,0,0,-0.103782790330101,0,0,0,0,0,0.25210635534055,-0.172439645683956,0,0,0,0,0,0,0,0,0,0,0,0,0,0,0,0,0,0,0,0,0,0,0,0,0,0,0,0,0,0,0,0.21236432945255,0,0,0,0,-0.717428082046034,0,0,0,0,0,0,0,0,-0.317345769881285,0,0,0,0,0,0,0,0,-0.162073497446535,0,0,0,0,0,0,0,0,0,0,-0.217825662136005,0,0,0,0,0,0,0,0,0,0,0,0,0,0,0.314605129926166,0,0,0,0,0.259280529735982,0,0,0,-0.462610353991263,0,-0.494261194189037,0,0,0,0,0,-0.270613104926943,0,0,0,0,0.104332928367487,0,0,0,0,0,0,0,0,0,0,0,0,0,0,0,0,0,0,0,0,0,0,0,0,0,0
0,0,0,0,0,0,0,0,0,0,0,0,0,0,0,0,0,0,0,0,0,0,0,0,0,0,0,0,0,0,0,0.101326750984875,0,0,0,0,0,0,0,0,0,0,0,0,0,0,0,0,0,0,0,0,0,0,0,-0.327704739841515,0,0,0,0,0,0,0,0,0,0,0,0.131536426131161,0,0,0,0,0,0.151963086460634,0,0,0,0,0,0,0,0,0,0,0,0,0,0,0.0477054904144306,0.281291919174475,0,0,0,0,0,0,0,0,0,0,0,0,0,0,0,0,0,0,0,0,0,0,0,0,0,0,0,0,0.339271265910698,-0.206561418049946,0,0,0,0,0,0,0,0,0,0,0,0,0,0.33672079872795,0,0,0,0,0,0,0,0,0,0,0,0.549542013040212,0,0,0,0
0,0,0,0,0,0,0,0,0,0,0,0,0,0,0,0,0,0,0,0,0,0,0,0,0,0,-0.11204277763968,0,0,0,0,0,0,0,0,0,0,0,0,0.232093064441041,0,0,0,-0.0716210524859925,0,0,0,0,0,0,0,0,0,0,0,0,0,0,0,-0.177905497186093,0,0,0,0,0,0,0,0,0,0,0,0,0,0,0,0,0,0,-0.191885783814112,0,0,0,0,0,0,-0.057647091698101,0.168227703445027,0,0,0,-0.476730605347436,0,0.298311825527367,0,0,0,0,0,0,0,0,-0.238261460442063,0,0,0,0,0,-0.459136311775432,0,0,0,0,0,-0.086847010884519,0,-0.0734259763004452,0,0,0,0,0,0,0,0,0,0,0,0,0,0,0,0,0,0,0,0.196756963159682,0,0,0.224411319015668,0,0,0,0,0,-0.00765773954187189,0,0,0,0,0
0,0,0,0,0,0,0,0,0,0,0.0594119580415423,-0.33286391746514,0,0,0,0,0,0,0,0,0,0,0,0,0,0,0,0,0,0,0,0,0,0,0,0,0,0,0,0,0,0,0,0,0,0,0,0,0,0,0,0,0,0,0,0,0,0,0,0,0,0,0,0,0,0,0,-0.0349395983645324,0,0,0,0,0,0,0,0,0,0,0,0.413421706564842,0,0,0,0,0,0.203008160778389,0,0,0,0,0,-0.075107651816778,0,0,0,0,0,0,0,0,0,0,0,0,0,0,0,0,0,0,0,0,0,0,0,0,0,0,0,0,0,0,0,0,0,0,0,0,0,0.0253328910805832,0,0,0,0,0,0.133085503557205,0,0,0,0,0,0,0,0.147175053215596,0,0,0,0,0,0
0,0,0,0,0,0,0,0,0,0,-0.386712268583179,-0.656527239884482,0,0,0,0.0940179206310556,0,0,0,0.363596206879941,0,0,0,0,0,0,0,0,-0.0905268374183282,0,0,0,0,0,0,0,0,0,0,0,0,0,0,0,0,0,-0.21803175389088,0,0,-0.280596292261117,0,0,0,0,0,0,0,0,0,0,0,0,0,0,0,0,0,0,0,0,0,0,0,0,0,0.424058582769452,0,-0.0756676328664808,0,0,0,0,0,0,0,0,0,0,0,0,0,0,0,0,0,0,0,0,-0.0753955191374606,0,0,0,0,0,0,0,0,0,-0.0649608721355317,0,0.0700171241113047,0,0,0,0,-0.172984048817173,0,0,0,0,0,0,0,-0.0818830997547273,0,0,0,0,0,0,0,0,0,0,0,0,0,-0.300121883645156,0,0,0,0.0205737404067104,0,0,0,0,-0.375788449110726,0,0,0
0,0,0,0,0,0,-0.150387129017772,0,0,0,0,0,0,0,0,0,-0.0776799695461168,0,0,0,0,0,0,0,0,0,0,0,0,0.311076011977265,0,0.0806769489111265,0,0,0,0,0,0,0,0,0,0,0,0,0,0,0,0,0,0,0,0,0,0,0,-0.108162227659598,0,0,0,0,0.272124481039728,0,0,0,0,0,0,0,0,0,0,0,0,0,0,0,0,0,0.326118073964872,0,0,0,0,0,0,0,0,0,0,0,0,0,0,0,0,0,0,0,0,0,0,0,0,0,0,0,0,0,0,0,0,0.373315940843159,0,0,0,0,0,0,0,0,0,0,0,0,0,0,0,-0.0317357942997108,0,0,0,0,0,0,0,0,0,0,0,0,0,-0.00130667055958832,0,0.278444320682845,0,0,0,0,0,0
0,0,0,0,0.326018711668648,0,0,0,0,0,0,0,0,0,0,0,0,0,0,0,0,0,0,0,-0.114970486963595,0,0,0,0,0,0,0,0,0,0,0,0,0,0,0,0,0,0,0,0,0,0,0,0,0,0,0,0,0,0,0,0,0,0,0,0.115797294532911,0,0,0,0,0,0,0,0,0,0,0,0,0,0,0,0.0481451131534089,0,0,0,-0.0638887408842518,0,0,0,0,0,0,0,0,0,-0.284817269682378,0,-0.10250960264793,0,0,0,0,0,0,0,0,0,0,-0.114673619996336,0.219875857228893,0,0,0,0,0,0,0,0,0,0,0,0,-0.380675910861724,0,0,0,0,0,0,0,0,0,0,0,0,0,0,0,0,0,0,-0.216035145443057,0,0,0.256855120058514,0,0,0,0,0,0,0,0,0,0
0,0,0,0,0,0,0,0,0,0,-0.124258285577975,0,0,0,0,0,0,0,0,0,0,0,0,-0.0736348050422259,0,0,0,0,0.0263871097726228,0,0,0.0998567710980843,0,0,0,0,0,0,0,0,0,0,0,0,0,0,0,0,0,0,0,0,0.0680201576392828,0,0,0,0,0,0,0,0,0,0,0,0,0,0,0,0,0,0,0,0,0,0,0,0,0,0,0,0,0,0,0,0.467113090288115,0,0,-0.140019865713153,0,0,0,0,0,0,0,0.00898266863548482,0,0,0,0,0,0,0,0,0,0,0,-0.314886620551076,0,0.333765468463489,0,0,0,0,0,0,0,0,0.122415049882889,0,0,0,0,0,0,0,0,0,0,0,0,0,0,0,0,0,0,0,0,-0.357499893265937,0,0,0,0,0,0,0,0,0,0
0,0,0,0,0,0,0,0,0,0,0,0,0,0,0,0,0,0,0,0,0,0,0,0,0,0,0.410927888306592,0,0,0.105879365161096,0,0,0,0,0,0,0,0,0,0,0,0,-0.601119888996154,0,0,0,0,0,0,-0.326235038597183,0,0,0,0,0,0,0,0,0,0,-0.130412741812649,0,0,0,0,0,0,0,0,0.189127852238872,0,0,0,0,0,0,0,0,0,0,0,0,0,-0.196260856586859,0,0,0,0,0.171646948526501,0,0,0,0,0,0,0,0,0,0,0.0697262306441009,0.26353906140771,0,0,0,-0.390778425243922,-0.0227945272771161,0.482334233566967,0,0,0,0,0,0,0,0,0,0,0,0,0,0,0,0,0,0,0,-0.101277079716975,-0.0481757737440598,0.00588608417622764,0,0,0,0,0,0,0,-0.0965444449998868,0.35647208739448,-0.157677400369519,0,0,0,0,0,0,0,0,0,0,0
0,0,0,0,0,0,0,0,0,0,0,0,0,0,0,0,0,0,0,0,0,0,0,0,0,0,0,0,0,0,0,0,0,0,0,0,0,-0.0870863170422432,0,0,0,0.42156717851642,0,0,0,0,0,0,0,0,0,0,0,0,0,0,0,0,0,0,0,0,0,0,0,0,0,0,0,0,0,0,0,0,0,0,0,0,0.301066018319538,0,0.162046099529555,0,0,0,0,0,0,0,0,0.331524491428796,0,0,0,0.0161677694262733,0,0,0,0,0,0,0,0,0,0,0,0,0,0,0,0,0,0,0,0,0,0,0,0,0,0,0,0,0,0,0,0,0,0,0,0,0,0,0,0,0,0,0,0,0,0,0,0.101134578954352,0,0,0.231408438000927,-0.139981433771403,0,0,0,0
0.449368603541037,0,0,0,0,0,0,0,0,0,0,0,0,0,0,0,0,0,0,0,0,0,0,0,0,0,0,0.447843121643956,0,0,0,0,0,0,0,0,0,0,0,0,0,0,0,0,0,0,0,0,0,0,0.0126185353847456,0,0,0,0,0,0,0,0.163576562016817,0,0,0,0,0,0,0,0,0,0,0,0,0,0,0.202056986519405,0,0,0,0,0,0,0,0,0,0,0,0,0,0.319357288924028,-0.188145051590128,0,0,0,0,0.0248559043434654,0,0,0.140210152003362,0,0,0,0,0.104601234775129,0,0,0,0,0,0,0,0,0,0,0,0,0,0,0,0,0,0.14716018968334,0,0,0,0,0,0,0,-0.0393552615550269,0,0.121421834910004,0,0,0,0,0,0,0,0,0,0,0,0,0,0,0,0,0,-0.26618767765904,0,0
-0.192353450248885,0,0,0,0,0,0,0,0,0,0,0,0,-0.0993378690835922,0,0,0,0.0591166950642829,0,0,0,0,0,0,0,0,0,0,0,0,0,0.154519308803125,0,0,0,0.30838526832264,0,0,0,0,0,0,-0.230980658165824,0,0,0,0,0,0,0,0,0,0,0,0,0,0,0,0,0,0,0,0,0,0,0,0,-0.0601923619739942,0,0,0,0,0,0,0,0,0,0,0,0,0.623934351861964,0,0,0,0,0,0,0,0,0,0,0,0,0,0,0,0.294950736345979,0,0,0,0,-0.240133990453963,0,0,0,0,0,0,0,0,0,0,0,0,0,0,0,0,0,0,0,0,0,0,0,0,0,0,0,0,0,0,0,0,-0.379555697635583,0,0,0,0,0,0,0,0,0,0,0,0,0,0,-0.0982880491039705
0,0,0,0,0,0,0,0,0,0,0,0,0.212995574123196,0,0,0,0,0,0,0,0,0,0,0,0.354650862097222,0,0,0,0,0,0.217310054204076,0,0,0,0,0,0,0,0,0,0,0,0,-0.205178795889805,0.4768536726052,0,0,0,0,0,0,0,0,0,0,0,0,0,0,0,0,0,0,0,0,0,0,0,0,0,0,0,0,0,0,0,0,0,0,0,0,0,0,0,0,0,0,0,0,0,0,0,0,0,0,0,0,0.548849987583686,0,0,0,0,-0.279808767601209,0,0,0,0,0,0,0,0,0,0,0,0,0,0,0,0,0,0,0,0,0,0,0,0,0,0,0,0,0,0,0,0,0,0,0,0,0,0,0,0,0,0,0,0,0,0,0
0,0,-0.311111575901792,0,0,0,0,0,0,0,0,-0.166609545409791,0,-0.118723832376975,0,0.221125772074537,-0.208856641408409,0,0,0,0,0,0.500327405162165,0,0,0,0,0,0,0,0,0,0,0,0,0.379494642213437,0,0,0,0,-0.0342256300662805,0,0,0,0,0.243576487900422,0,0,0,0,0,0,0,0,0,0,0,0,0,0,0,0,0,0,0,0,0.131979076369493,0,0,0,0,0,0,0,0,0,0,0,0,0,0,0,0,0,0,0,0.636154395627303,-0.0973176727559544,0,0,0,0,0,0,0,0,0,0,0,0,0,0,0,0,-0.292255750290225,0,0,0,0,0,0.133221987538275,0,0,0,0,0.298740624820363,0,0,-0.119941507211483,0,0,0,0,0,0,0,0,0,0,0,0,0,0,0,0,-0.152523551231167,0,0,0,0,-0.404028319335479,0,0,0,0,0,0,0,0,0
0,0,0,0,-0.0836270273080712,0,0,0,0,0,0,0,0,0,0,0,0,0,0,0,0,0,0.0432190695201405,0,-0.119657448839864,0,-0.046126889203481,0,0,0,0,0,0,0,0,0,0,0,0,0,0,0,0,0,-0.0404471594862295,0,0,0,0,0,0,0,0,0,0,0,0,0.178793291625862,0,0,0,0,0,0,0,0,0,0,0,0,0,0,0,0,0.00452327498660441,0,0,-0.120851507808985,0,0,0,0,0,0,0,0,0,0,-0.283503851137955,0,0,0,0,0.205036089702975,0,0,0.093552399769785,0,0,-0.198904969578054,0,0,0,0,-0.180439278439861,0,0,0,0,0.176676785091619,0,0.101901380773796,0,0,0,0,0,0,0,0,0,0,0,0,0,0,0,-0.397707331640912,0,0,0,0,0,0,0,0,0,0,-0.0282272193609817,0,0,0,0,0,0,0,0,0,0,0
0,0,0,0,0,0,0,0,0,0,0,0,0,0,0,0,0,0.617105834516056,0,-0.0405092560321658,0,0,-0.0760811143243331,-0.147965042879112,0,0,0,0,0,0,0,0,0,0,0,0,0,0,0.418055870620854,0,0,0,0,0,0,0,0,0,0,0.124469934723841,0,0,0,0,0,0,0,0,0,0,-0.259486127996242,0,0,0,0,0,0,0,0,0,0,0,0.170621752260257,-0.281851297344385,0,0,0,0,0,0,0.451623219270661,0,0,0,0,0,0.323319582971525,0,0,0,0,0,0,0,0,0,0,0,0,0,0,0,0,0,0,0.108862531396935,-0.486731821296466,0,0,0,0,0,0,0,0,0,0,0,0,0,0,0,0,0,0,-0.0953126099889881,0,0,0,0,0,0.12908207807197,0,0,0,0,0,-0.0451916713642524,0,0,0,0,0,0,0,0,0,0,0,0.251297380064358
0,0,0,-0.223273915434094,0,0,0,0,0,0,0,0,0,0,0,0,0,0,-0.0129208302608482,-0.0501658811453506,0,0,0,0,0,0,0,0,0,0,0,0,0,0,0,0,0,0,0,-0.26721638888677,0,0,0,0,0,0,0,0,0,0,0,0,0,0,0,0,0,0,0,0,0,0,0.107282201965372,0,0,0,0,0,0,0,0,-0.052808769020604,0,0,0,0,0,0,0,0,0,0,0,0,0,0,0,0,0,0,0,0,0,0,0,0,0,0,-0.113909172746089,0,0,0,0,0.017593512518456,0,0,0,0,0,0,0,0.344544904127061,0.167580452509636,0,0,0,0,0,0,0,0,0,0,0,-0.339030540056759,0,0.0852315879172142,0,0,0,0,0,0,0.654094122087057,0,0,0,0,0.120485041921155,0,0,0,0,0,0,0,0,0,0,0
0,0,0,0,0,0,0,0,0,0,0,0,0,0,0,0,0.219034970880104,0,0,0,0,0.199638617197495,0,0,0,0,0,0,0.0936782793403468,0,0,0,0,-0.066676821557363,0,0,0,0,0,0,0,0,0,0,-0.151974971323571,0,0,0,0,0,0,0,0,0,0,0,0,0,0,0,0,0,0,0,0,0,0,0,0,0,0,0,0,0,0,0,0,0,-0.0850936316876569,0,0,0,0,0,-0.472247937234217,0,0,0,0,0,0,0,0,0,-0.067470470637973,0,0,0,0,0,0,0,0,0,0,-0.249789541240521,0,0,0,0,0.017493366807144,0,0,0,-0.0776006832993929,0,0,0,-0.143432265307828,-0.433224243728401,0,0,0,0,0,0,-0.477688911285274,0,0,0,0,0,0.22669860220366,0,0,0,0,-0.0240422566899424,-0.200044715910517,0.189070310598801,0,0,0,0,0,0.404385053035111,0,0,0.0641792720880293,0.0671673039959111
0,0,0,-0.184178750904949,0,0,0,0,0,0,0,0,0,0,0,0,0.208137891279308,0,0,0,0,0,0,-0.0651648801219925,0,0,0,0,0,0.199422643012079,0,0,0,0,0,0,0,0.208289385845371,0,0,0,0,0,0,0,0,0,0,0,0,0,0,-0.323433866060008,0,0,0,0,0,0,0,0,0,0,0,0,0,0,0,0,0,0.191663837431452,0,-0.401323065812836,0,0,0,0,0,0,0,0,0,0,0,0,0.103039548834729,0.18075742474695,0,0,0,0,-0.0790688701969898,0,0,0,0,0,0,0,0,0.111101427916015,-0.444128295800985,0,0,0,0,0,0.174177498239301,0,0,0,-0.401437147858004,0,0,0,0.366784420891418,0,0,0,0,0,0,0,0,0,0,0,0,0,0,0,0,0,0,0,0,0,0,0,0,0,0,0,0,0,0,0,0,0,-0.0997106979305001
0,0,0,0,0,0,0,0,0,0,-0.00964270834723615,0,0,0.0512836390538673,0,-0.153057553531279,0,0,0,0,0,0.204870833173006,0,0,0,0,0,0,0,0,0,0,-0.244909202435116,0,0,0,0,0,0,0,0,0.140247406864928,0,0,0,0,0,0.218022275190123,0,0,0,0,0,0,0,0.0322753271627505,0,0,0,0,0,0,0,0,0,0,0.380718280377347,0,0,0,0,0.326622370486277,0,0,0,0,0,0,0,0,0,0,0,0,0,0,0,0,0,0,0,-0.100423608953281,0,0,0,0.49911627649111,0.120083158923359,0,0,0,0,0,0,0,0,0,0,0,0,-0.189319786970535,0,0,0,0,0,-0.212864646854847,0,0,0,0,0,0,0,0,0,0,0,0.470302775008533,0,0,0.0439455580594979,0,0,0,0,0,0,0,-0.312263362696608,0,0,0,0,0,0,0,0,0,0,0
0,0,0,0,0,0,0,0,0,-0.0200737892736545,0.444416903594001,0,0,0,0,0,0.163607722963703,0,0,0,0,0,0,0,0,0,0.112679355012275,0,0.108987038410616,0,0,0,0,0,0,0,0,0,0,0,0,0,-0.0736165653695714,0,0,-0.135758131466094,0,0,0,0,0,0,-0.405200691633905,0,0,0,0,0.360846857607533,0,-0.188748128422854,0,0,0,0,0,0,0,0,0,0,0,0,0,0,0,0,0,0,0,0,0,0,0,0,0,0,0,0,0,0,0,0,0,0,0,0,0,0,0,0,-0.211714655537738,0.192242269137437,0,0,0,0,0,0,0,0,0,0.0525341479378704,0,0,0,0,0,0,0,0,0,0,0,0,0,0,0,0,0,0,0,0,0,0,0,0,0.0352949725154927,-0.183461045295636,0,0,0,0,0,0,0,0,0,0,0,0
0,0,0,0,0,0,0.306287218893357,0,0,0,0,0,0,0,0,0,0,0,0,0.0662403849692281,0,0,0,0.153123019567628,-0.394663642033997,0,0,0,0,0,0,0,0,0,0,0,0,0,0.384563192007454,0,0,0,0,0,0,0.470950387755237,0,0,0,0,0,-0.140583977156782,0,0,0,0,0,0,0,0,0,0,0,0,0.122789765141373,0,0,0,0,-0.140566065690433,0,0,0,0,0,0,0.23652689327081,0,0,0,0,0,0,0,0,0,0,0,0,0,0,0,0,0,0,0,0,0,0,0,0,0,0,0,0,0,0,0,0,0,0,0.347056246970846,0,0,0,0,0,0,0,0,0,0,0,0,0,-0.238342135298636,0,0,0,0,0,0,0,0,0,0,0,0,0,0,0,0,0,0,0,0,0.0962281632950545,0,0.838369508787835,0
0,-0.0283962903631241,0,0,0,0,0,0,0,0,0,0,0,0,0,0,0,0,0,0,0,-0.147478688990759,0,0,0,0,0,0,0,0.294561217426109,0,0,0.0390439994032053,0,0,0,0,0,0,0,0,0,0,0,0,0,0,0,-0.169995899798875,0,0,0,0,0,0.437059074517161,0,0,0,0,0,0,0,0,0,0,0,0,0,0,0,0,0,0.192751982700686,0,0,0,0,0,-0.110225962035831,0,0,0,0,0,0,0,0,0,0.416418780430842,0,0,0,0,0,0,0,0,0,0,0,0,0,0,0,0.0802622527922756,0,0,0,0,0,0,0,0,0,0,0.25257621252776,0,0,0,0,0,0,0.189134173344334,0,0,0,0,0,0,0,0,-0.145457290265674,0,0,0,0,0,0,0,0,0,0,0,0,0,0,0,0,0,0.288349006341606
0,0,0,0,0,0,0,0,0,0,0,0,0,0,0,0,0,0,0,0,0,0,0,0,0.363552396095729,0,0,0,0,0,0,0,0,-0.507408553345554,0,0,0,0,0,0,0,0,0,0,0,0,0,0,0,0,0,0,0,0,0,0,0,0,-0.206211702206702,0,0,0,0,0,0,0,0,0,0,0,0,0,0,0,0,0,0,0,0,0,0,0,0,0,0,0,-0.192468708188528,0,0,0,0,0,0,0,0,0,0,0,0,0,0,0,0.00917969979601208,0,0,0,0,0,0,0,0,0,0,0,0,0,0,0,0.340499062459735,0,0,0,0,0,0,0,0,0,0,-0.104987901206273,0,0,0,0,0,0,0,0,-0.181333048274463,0,-0.159195161960591,0,0,0,0,0,0,0,0,0
0,0,0,0,0,0,0,0,0,0,0,0,0,0.229153143761402,0.231653982618707,0,0,0,-0.257631478038921,0,0,0,0,0,0,0,-0.172072188955139,0.183697669542963,0,0,0,0,0,0,0,0,0,0.239773000739249,0,0,-0.492463174381783,0,0,0,0,0,0.451243222538293,0,0,0,0,0,0,0,0,-0.0324010472126992,0,0,0,0,0,-0.000351590407470952,0,0,-0.0363941543628295,0,0,0,0,0,0,0,0.165429155787602,0,0,0,0,0,0,0,0,-0.0487738548981011,-0.189810950719685,0,0,0,0,0,0,0,0,0,0,0,0,0,0,0,0,0,0,0,0,0,0,0.446813664875468,0.0795383807541625,0,0,0,0,0.148356277704227,0,0,0,0,0,0,0,-0.233044682575214,0,0,0,0,0,0,0,0,0,0,0,0,0,0,0,0,0,-0.325223262334233,0,0,0,0,0,0,0,0,0,0,0,0
0,0,0,0,0,0,0,0,0,-0.00998883871797223,0,0,0,0,0,0,0,0,0,0,0,0,0,0,0,0,0,0,0,0,0,0,0,0,-0.0662449299681514,0,0,0,0,0,0,0,0,0,0,0,0,0.139740940300009,0,0,0,0,0,0,0,0.405267385620025,0,0,0,0,0,0,0,0,0.076678097015141,0,0,0,0,0,0,0,-0.181492345796173,0,-0.0579310241724442,0,0,0,0,0,0,0,0,0,0,0,0,0.532960105739679,0,0,0,0,0,-0.202734352627593,0,0,0,0,0,0,0,0,0,0,0,0,0,0,0,0,0,0,0,0,0,0,0,0,-0.449466114660487,0.192641959749109,0,0,0,0,0,-0.243943912958574,0,0,0,0,0,0,0,0,0,0,0,0,0,0,0,0,0,0,0,0,0,0,-0.381377931659136,0
0,0,-0.0719434620327383,0,0,0,0,-0.328423834005136,0,0,0,0,0,0,0,0,0,0,0,0,0,-0.241527707712065,-0.331268093214365,0,0,0,0,0,0,0,0,0,0,0,0,0,0,0,0,0,0,0,0,0,0,0,0,0.339092136257665,0,0,0,0,0,0,0,0,0,0,0,0,0,0,0,0,-0.152045954904869,0,0,0,0.253264267456808,0,0,0,0,0,0,0,0,0,0,0,-0.325933527978361,0,0,0,0,0,0,0,0,0,0,0,0,0,0,0,0,0,0,0,0,0,0,0,0,0,0,-0.035462039981973,0,0,0,0,0,0,0,0,0.00475000394672989,-0.23107130554028,0,0,0,0,0.313467392025168,0,0,0,-0.141479383588915,0,0,0,0,0,0,0,0,0,0,0,0,0,0,0.00115147629187415,-0.258299060090696,0,0,0,0,0,0,0
0.541021263059367,0,0,0,0,0,0,0,0,0,0,0,0,0,0,0,0,-0.034522733971917,0,0,0,0,0,0,0,0,0,0,0,0,0,0,0.0334552752089176,0,0,0.134183650253914,0,0.52516198834736,0,0,0,0,0,0,0,0,0,0,0,0,0,0,0,0,0,0,0,0,0,0,0,0,0,0,0,0,0,0,0,0,0,0,0,0,0,0,0,0,0,0,0,0,0,0,0.163591758795258,0,0,0,0,0,-0.196321219349832,0,0,0.239195209601177,0,0,0,0.0863188729499975,0,0,0,0,-0.311229593002046,0,0,0,0,0,0,0,0,-0.302831033008593,0,0,0,0,0,0,0,0,0,0.169867366063024,0,0,0,0,0,0,0.367198097808608,0,0,0,0,0,0,0,0,0,0,0,0,0,0,0,0,0,0,0,0,-0.303914827988604
0,0.103220415168453,0,-0.348294125638136,0,0.0218044594316909,0,0,0,0,0,0,0,0,0,0,0,0,0,0,0,0,0,0,0,0,0,0,0,0,0,0,0,0,0,0,0,0,0,0,0,0,0,0,0,0,0,0,0,0,0,0,0,0,0,0,0,0.175230390407911,0,0,0,0,-0.227363541876441,0,0,-0.182470802150051,-0.542263772952068,0,-0.0978174951597657,-0.179119320418558,0,0,0,0,0,0,-0.338763387093322,0,0,0.119050499392359,0,0,0,0,0,0,0,0,0,0,0,-0.122354130125043,0,0,0,-0.35627231964642,0,0,0,0,0,0,0,0,0,0,0,0,0,0,0,0,0,0,0,0,0,0,0,0,0,0,0,0,0,0,0.442050316834694,0,0,0.0339452341882788,0,0,0,0,0,0,0,0,0,0,0,0,0,0,0.239247449854942,0,0,0,0.265208141757745,-0.39790792314566
0,0,0,0,0,0,0,0,0,0,0,0,0,0,0,-0.0994353433064968,0,0,0,0,0,0,0,0,0,0,0,0,0,0,0,0,0.377412794675999,0,0,0,0,0,0,0,0,0,0,0,0,0,0,0,0,0,0,0,0,0,0,0,0,0,0,0,0,0,0,0,0,0.051547065172979,0,0,0.329870076507012,0,0,0,0,0,0.167303651474823,0,0,0,-0.0378594144997385,-0.221662302127812,0,0,0,0,0,0,0,0,0,-0.0361846594162601,0,0,0,0,0,0,0,0.190295319705801,-0.125162129253488,0,0.40043876040763,0,0,0,0,0,0,0,0,-0.10011948187233,0,0,0,0,0,0,0,0,0,0,0,0,0,0,0,0,0,0.385416915668937,0,0,0,0,0,0,0,0,0,0.0706944014922424,0,0,0.0579263391429068,0,0,0,0,0,-0.3339865839314,0,0,0
0,0,0,-0.0966013149092905,0,-0.0842850784043795,0,-0.115462139518906,0,0,0,0,0.00859688534373025,0,0,0,0,0,0,0,0,0,0,0,0,0,-0.188127450074546,0,0,0,0,0,0.11247220207082,-0.500336090088989,0,0,0,0,0,0,0,0,0,0,0,0,0,0,0,0,0,0,0,0.686780775739694,0,0,0,0,0,0,0,0.0527814762588132,0,0,0,0,0.118289851221531,-0.615138883978792,0,0,0,0,0,0,0,0,0,0,0,0,0,0,0,0,0.334615632685511,0,0,0,0,0,0,0,0,0,0,0,0,0,0,0,0,0,0,0,0.0125861607492126,0.426624749777541,0,0,0,0,0,0,0,0,0,0,0,0,0,0,0,0,0,0,-0.299423385630055,0,0,0,0,0,0,0,0,0,0,-0.213381207824725,-0.166889499978546,0,0,0,0,0,0,0,0,0,0,-0.401262967195101,0,0
0,0,0,0,0,0,0,0,0,0,0,0,0.0320403688798489,0,0,0,0,0,0,0,0,0.236416687932262,0,0,0,0,0.437035806512884,0,0,0,0,0,0,0,0,0,0,0,0,-0.00383965957376523,0,0,0,0,0,0,0,0,0,0,0,0,0,0,0,0,0,0,0,0,0,0,0,0,0,0,0,0,0,0,0,0,0,0,0,0,0,0,0,0,0,0,0,0,-0.431451705549907,-0.00236080757921497,0,0,0,0,0,-0.321060942053136,0,0,0,0,0.133809538412162,0,0,-0.0161860858877098,0,0,0,0,-0.080528140870459,0,0.0665319975983099,0,0,0.651198889892096,0,0,0,0,0,0,0,0,0,0,0,0,0,0,0,0,0,0,0,0,0,0,-0.400979402594426,0,0,0,0,0,0,0,0,0,0,0,0,0,0,0,0,0
0,0,0,0,0,0,0,0.0252125431753745,0,0.171700956983308,0,0,0,0,0,0,0,0,0,0,0,0,0,0,0,0,0,-0.127662140361688,0.240239072477963,0,0,0,0,0,0,0,0,0,0,0,0,0,0,0,0,0,0,0,0,0,0,0,0,0,0,0,0,0.182313055860143,0.139378957346847,0,0,0,0,0,0,0,0,0,0,0,0,0,0,0,0,0,0.0424524582001849,0,-0.102560928163834,0,0,0,0,0,0.0942792361251302,0,0,0,0,0,-0.289734148997664,0,0,0,0,0.0554505552892412,0,0,0,0.0248066706781934,0,0,0,0,0,0,0,0,0,0,0.010154044401258,0,0,0,0,0,0.0162094241683326,0.0437872487347917,0,0,0,0,0,0,0,0,0,0,0,0,0,0,0,0,0.272466817251647,0,0,0,0,0,0,0,0,0,0,0.00383638302485543,0,0,0,0
0,0,0,0,0,0,0,0,0,0,0,0,0.037449804616648,0.0807936588386476,0,0,0,0,0,0,0,0.389512043419205,0.226328040062402,0,0,0,0,0.0345525618610911,0,0,0,0,0,0,0,0,0,0,0,0,-0.331614158731629,0,0,0,0,0,0,0,0,0,0,0,0,0,0,0.118058607855532,0,0,0,-0.125796090528657,0,0,0,0,0,0,0,0,-0.45933152783429,0,0,0,0,0.296870956527854,0,0,0,0,0,0,0,0,0,0,0,0,0,0,0,0,-0.155462365165027,0,0,0.302164769108925,0,0,0,-0.0632022373815831,0,0,0,0,0.267441430458566,0,0,0,0,0,0,0,0,0,0,0,0,0,0,0,0,-0.224254838261273,0,0,0,0,0,0,0.208637179441085,0,0,0,0,0.169028044626809,0,0,0,-0.353388339021266,0,0,0,0,0,0,0,0,0,0,0,0,0,0.243493579731918
0,0,0,0,0,0,0,0,0,0,0,0,0,0,0,0,0,0,-0.115709623147404,0,0,0,0,0,0,0,0,0,0,0,0,0,0,0,0,0,0,0,0,0,0,0,0,0,0,0,0,0,0,-0.240563368844451,0,0,0.741996957750287,0,0,0,0.167732969726935,0,0,0,0,0,0,0,0,0,0,0,0,0,0,0,0,0,0,0,0,0.139510511902086,0,0,0,0,0,0,0,0,0,0,0,0.125032347088803,0,-0.238871937205267,0,0,0,-0.350365528741391,0,0,0,0,-0.11263160378386,0.37923688189736,0,0,0,0,0,0,0,0,-0.140213514310534,0,0,0,0,0,0,0,0,0,-0.432173318510344,0,0,0,0,0,0,0,0,0,0,0,0.473125636472491,-0.40298062790253,0,0,0,0,0.35116430420662,0.0166602353861941,0,0,0,0,0.0149629223248318,0.229618063521784,0,0,0.352337754139596,0
0,0,0,0,0,0,0,0,0,0,0,0,0,0,0,0,0,0.227885628891224,0,0,0,0,0,0,0,0,0,0,0,0,0,0,0,0,0,0,0,0,0,0,0,0,0,0,0,0,0,0,0,0,0,0,0,0,0,0,-0.0812656374809494,0,0,0,0,0,-0.125509212365078,0,0,0,0,0,0,0,0,0,0,0,0,0,0,0,0,0,0,0,0,0,0,-0.494370768716362,0,0,0,0,0,-0.326695412841154,0,0,0,0,0,0,0,0,0,-0.105961476770785,0,0,0,0,0,0,-0.163715896189162,0.0104424313097848,0,0,0,0,-0.035407165794377,0,0,0,0,0,0,0,0.603814884157361,0,0,0,0,0,0,0,0,0,0,0,0,0,0,0.419535789169611,0,0,0,0,0,0,0,0,0,0,0,0
0,0,0.382262216657103,0,0,0,0,0,0,0,0,0,0,0,0,0,0,0,0,0,0,0,0,0,0,0,0,0,0,0.051774105390692,0,0,0,0,0,0,0.17837171931354,0,0,0,-0.465201025825163,-0.238024869766295,0,0,0,0,0,0.147180867412228,0,0,0,0,-0.165391988789765,0,0,0,0,0,0,0,0,0,0,-0.137376578609236,0,0,0,0,0,0,0,0,0,0,0,0,0,0,0,0,0,0,0,0,0,-0.12524798794506,0,0,0,0,0,0,0.130806353176352,-0.270962001039169,0,0,0,0,0,0,0,0,0,0,0,0,0,0,0,0,0.0303068521799531,0,0,0,0,0,0,0,0,0,0,0,0,0,0,0,0,0,0,0,0,0,0,0,0,0,0,0,-0.19356941722051,0,0,0,0,0,-0.254675235505457,0,0,0,0,0
0,0,0.166128750543504,0,0,0,0,0,0,0,0,0,0,-0.392136815693957,0,0,0,-0.14299891081141,0.0780956681869886,0,0,0,0.197592713329805,0.0781205534284888,0,0,0,0,0,0,0,0,0,0,0,0,0,0.209830374218609,-0.213871414650116,0,0.0956828371158271,0,0.341696038193653,0,0,0,0,0,0,0,0,0,0,0,0,0,0,0,0,0,0.177725465679136,0,0,0,0,0,0,0,0,0,0,0.18153439613959,0,0,0,0,0,0,0,0,0,0,0,0,0,0,0,0,0,0.0824849071376002,0.410006279370542,0,0,0,0,-0.0703322473253824,0.16902364984468,0,0,0,0,0,0,0,0,0,0,0.124799023223576,0,0,0,0,-0.144944051383819,0,0,0,0,0,0,0,0,0,0,0,0,0,0,0,0.0331587090384851,0,0,0,0,0,0,0,0,0,0,0,0,0,0,0,0,-0.153480019469186,0,0.406269888245895,0,0.0941399451260978
-0.320982130842641,0,0,0,0,0,0,0,0,0,0,0,0,0,0,0,0,0,-0.575810694145889,0,0,0,0,0,0,0,0,0,0,0,0,0,0,0,0,0,0,0,0,0,0,0,0,0,0,0,0,0,0,0,0,0.0645407205086842,0,0,0,0,0,0,0,0,0,0,-0.274148441987709,0,0,0,0,0,0,0,0,0,0,0,0,0,0,0.527883696902728,0,0,0,0,0,0.387494980557035,0,0,0,0,0,0,-0.0976717662210275,0.36024592624402,0.17704478483633,0,0,0,0,-0.0613385999167477,0.250621912202022,0,0,0,0,0,0,0,0,0,0,0,0,0,0,0,0.06699275337983,0,0,0,0,0,0,0,0,0,0,0,0,0,0,0,0,0,0,0,0,0,0,0,0,0,0,0,0,0,0.245784601493257,0,0,0,0,0
0.342662063362443,0,0,0,-0.222410676613766,0,0,0.248552174920679,0,0,0,0,0,0,0,0.222072285172891,0,0,0,0,0,0,0,0,0,0,0,0,0,0,0,0,0,0,0,0.211936485589602,0,0,0,0,0,0,0,0,0,0,0,0,0,0,0,0,0,0,0,0,0,0,0,0,0,0,0,0,0,0,-0.423378675792179,0,0,0,0,0,0.104658366370865,0,0,0,0,0,0,0,0,0,0,0,0,0,0,0,0,0,0,0,0,0,0,0,0,0.0916677887922173,0,0,0,0.381013063566814,0,0,0.145321112286694,0,0,0,0,0,0,0,-0.23854262322536,0,0,0,0,-0.205318642173655,0,0,0.0254151109554725,0,0,0,0,0.0628323931491759,0,0,0,0,0,0,0,0,0,0.089497739634123,0,0,0,0,0,0,0,0,0,0,0,0,0,0
0,0,0,0,0,0,0,0,0,0,0,0,0,0,0,0,0,0,0,-0.0536183220032486,0,0,0,0,0,0,0,0,0,0,0,0,0,0,0,0,0,0,0,0,0,0,0,0,0,0,0,0,0,0,0,0,0,0,-0.0438428278107474,0,0,0,0,0,0,0,0,0,0,0,0,0,0,0,0,-0.109933938064624,0,0,0,0,0,0.0385637149950338,0,0,0,0,0,0,0,0,0,0,0,0,0,0,0,0,0.280217323844554,0,-0.105616510738875,0,0,0,0,0,0,0,-0.163761728412417,0,0,0,0,0,0,0,0,-0.189807547802401,0,0,0,0,0,0,0,0,0,0,0,0,0,0.236118311894796,0,0,0,0,0,0,0,0,0,0,0,0,0,0,0,0,0,0,0,0,0,-0.338731684846271
0.49382328395489,0,0,0,0.202477805784051,0.111009320940211,0,0.417617131079401,0,0,0,0,0,0,0,0,-0.182415241385164,0,0,0,0,0,-0.407921774954137,0,0,0,0,0.251981893934619,0,0,0,0,0,0,0,0,0,0,0,0,0,0,0,-0.273468848327234,0,0,-0.291420007944131,0,0,0,0,0,0,0,0,0,0,0,0,0,0,0,0,0,0,0,0,0,0,0,0,0,0,0,0,0,0,0,0,0.637923766106287,0,0,0,0,0,-0.0490628724392852,0,0,0,0,0,0.347996891300728,0,0.442459377922513,0,0,0,0,0,0,0.216214985125845,0,0,0,0,0,0.35952596329166,0,0,0,0,0,0,0,0,0,0,0,0,0.165141532967099,0,0,0,0,0,0,0,0,0,0,0,0,0,0,0.293074303732489,0,0,0,0,0,0.298651364758565,0,0,0,0,0,0,0,0,0
0,0,0,0,0,-0.036545913858326,0,0,0,0,0,0,-0.165667428556825,0,0,0,0,-0.231403861541182,0,0,0.0587668345230991,0,0,0,0,0.192255289433945,0,0,0,0,0,0,0,0,0,0,0,0,0,0,0,0,0,0,0,0,0,0,0,0,0,0.183169472108764,0,0,0,0,0,0,0,0,0,0,-0.0788857260861918,0,0,0,0,0,0,0.0792790824666693,0,0,0,0,0,0,0,0,0,0,0,0,0.0692243866327335,0,0,0,0,0,0,0,0,0,0,0,0.227600402712411,0,0.580806318203459,0,0,0,0,0,0,0,0,0,0,0,0,0,0.0624005708000041,0,0,0,0,0,0,0,0,0,0,-0.285381202089307,0,0,0,0,-0.263421801826052,0,0,-0.213874022938032,0,0,0,0,0,0,0.0197773147035088,0.284904793031888,0.0800872846741187,0,0,0.245445019444095,0,0,0,0,0,0,0,0
0,0,-0.251120398037313,0,0,0,0,0,0,0,0.56139524330009,0,-0.100277468216829,0,0,0,0,0,0.138962572307195,0,0,0,0,0,0.342454383904635,0,0,0,0,0,0,-0.372552940595295,0,0,0,0,0,0,0,0,0,0,0,0,0,0,-0.464433632212131,0,0,0,0,0,0,0,0,0,0,-0.264890521884759,0,0,0,0,0,0,0,0,0,0,0,0,0,0.161784983561097,-0.257657419649941,0,0,0,0,0,0,0,0,0,0,0,0,0,0,0,0,-0.255887331044293,0,0,0,0,0,0.0018848814083634,0,0,0,0,0,0,0,0,0,0,0,0,0,0,0,0,0,0,0,0,0,0,0,-0.0106460521784781,0,0,-0.0266799491160423,0,0,0,0,0,0,0,0,0,0,0,0,0,0,0,0,0,0,0,0,0,0,-0.0379218902405038,0,0,0,0
0,0.0892932931954965,0,0,0,0,0,0,0,0,0,0,0,0,0,0,0,0,0,0,0,0,0,0,0,0,0,0,0,0,0,0,0,0,0,0,0,0.141926315594207,0,0,0,0,0,0,0,0,0.0274686398562507,0,0,0,0,0.552953467371431,0,0,0,0,0,0,0,0,0.0519916670650022,0,0,0,0,0,0,0,0,0,0.214444640638849,0,0,0,0,0,0,0,0,0,0,0,0,0.00991700425015094,0,0,0,0,0,0,0,0,0,0,0,0,0,0,0,0.0595813031963609,0,0,0,0,0,0,0,0,-0.0140971943906349,0,0,0,0,0,0,0.303938539052881,0,0,0,-0.110393467308925,0,0,0,-0.250057435074925,0.298600110309434,0,0,0,0,0,0,0,0,0,0.218445888966631,0,0,0,0,0,0,0,0,0,0.116969810555058,-0.171443187355974,0,0,0,0
0,0,0,0,0,0,0,0,0,-0.241206037012505,0,0,0.316521933050986,0,0,0,0,0,0,0,-0.0313939917947404,0,0,0.144333884231718,0,0,0,-0.031618905866585,0,0,0,0,0,0,0,0,0,0,-0.168733452671485,0,0,0,0,0,0,0,0,0,0,0,-0.510339153080508,0,0,0,0,0,0,0,0,0,0,0,0,0,0.0624113650369907,0,-0.4018244967206,0,0,0,0,0,0,0,0,0,0,0.225053083129783,0,0,0,-0.110403151662452,0,0,0,0,0,0,0,0,0,0,0,0,0,0,0,0,0,0,0,0,0,0,0.0331541163559618,0,0,-0.147999196905662,0,0,0,0,0,0,0,0,0,0,0,0,0,0,0,-0.0324356020517388,0,0,0,0,-0.0197560314829905,0,0,0,0,0,0,0,0,-0.301065987945361,0,0,0,0,0,0,0,0,0,0,0,0.392051920041786
0,0.106862441284686,0,-0.25555486550852,0,0,0,0,0,-0.0519464735523506,0,0,0,0,0,0,0,0,0,0,0,0,0,0,-0.0880296763190664,0,0,0,0,0,0,0,0,0,0,0,0,0,-0.193561589644362,0,0,0,0,0,-0.232860990616953,0,0,0,0,0,0,0,0,0,0,0,0,0,0,-0.101981590964316,0.0403234874024863,0,0,0,0,0,0,0.293186998452928,0,0,0,0,0,0,0,0,0,0,0,0,0,0,0,0,0,0,0,0,0,0,0,0,0,0,0,0,0,0,0,0,0,0,0,0,0,0.514233078928526,0,0,0,0,0,0,0,0,0,0,0,0,0,0,0,0,0,0,0,0,0,0,0,0,0,0,0,0,0,0,0,0,0,0,-0.242785463933392,-0.11457819711329,0,0.0782948345502788,0,0,0,0,0,0
0,0,0,0,0,0,0,0,0,0,0,0,0,0,0,0,0,0,0,0,0,0,0,0,0,0,0,0,0,0,0,-0.327328430213757,0,0,0,0,0,0,0,0,0,0,0,0,0,0,0,0,0,0,0,0,0,0,0,0,0,0,0,0,0,0,0,0,0,0,0.0746882404256153,0,0,0,0,0,0,0,0,0,0,0,0,0,0,0,0,0,0,0,0,0,0,0,0,0.215394790932016,0.211053618816957,0,0,0,0,0,0,0,0,0,0,0,0,0,0,0,0,0,0,0,0.686511099439397,0,-0.123933004389267,0,0,0,0,0,0,0,0,0,0,0,0,0,0,0,0,0,0,0,0,0,0,0,0,0,0,0,0,0,0,0,0,0,0,0
-0.0903892589378238,0,0,0,0,0,0,0,0,0,0,0,0.0459423906085419,0,-0.000935224399481195,0,0,0,0,0,0,-0.0923021948689953,0,0,0,0,0,0,0,0,0,0,0,0.385962601345048,0,0,0,0,0,0,-0.0471802548718419,0,0.276849061068681,0,0,0,0.088309928302466,0,0.130541871738676,0,0.374583894988264,0,0,0,0,0,0.197808489657064,0,0,0,0,0,0,0,0,0,0,0,0.0247481238130901,0,0,0,0,0,0,0,0,0,0,0,0,0,0,0,-0.17713358281899,0,0,0,0,0,0,0.0360548523961974,-0.307366348392957,-0.0438066659966146,0,0,0,0,0,0,0,0,0,0,0,0,-0.053072884192056,0,0,0,0,0,0.0686255635776406,0,0,0,0,-0.247633177409441,0,0,0,0,0,0,0,0,0,0,0,0,0,0,0,0,0,0,0,-0.398365420531835,0,0,0,0,0,0,0,0,0,0,0,0
-0.320229564258983,0,0,0,0,0,0,0,0,0,0,0,0,0,0,0,0,0,0,0,0,0,0,0,0,0,0,0,0.0476191317756386,0,0,0,0,0,0,0,0,0,0,0,0,0,0,0,0,0,0,0,0.498612077221642,0,0,0,0,0,0,0,0,0,0,0,0,0,0,0,0,0,0,0,0,0,0,0,0,0,-0.361231590032395,0,0,0,0,0,0,0,0,0,0,0,-0.362491624421683,0,0,0,0,0,0,0.047043557820969,0,0,0,0,0,0,0,0,0,0,0,0,0,0,0,0,0,0,0,0,0,0,0,0,0,0,0,0,0,0,0,0,0,0,0,0,0,0,0,0,0,0,-0.244308215377104,0,0.250618567166558,0,0,0,0,0,0,0,0.350720046188726,0,0,0
0,0,0,0,0,0,0,0,0,0,0,0,0,0,0,-0.0314750057256413,0,0.0096714046878266,0,0,0,0.484403236072714,0.0902006205924353,0,0.0292428046486362,0,0,0,0,0,0,0.0272796411395188,0,0,0,-0.460739325577152,0,0,0,0,0,0,0,0,-0.252068109834379,0,0.00646936683849917,0,0,0,0,0,0,0,0,0,0,0,0,0,0,0,0,0,0,0,0,0,0,0,0,0,0,0,0,0,0,0,0,-0.477027602470441,0,0,0.0906976121637332,0,0,0,0,0,-0.332633935498231,0,0,0,0,-0.281589229377817,0,0,0,0,0,0,0,0,0.109633190230215,0,0,0,0,0,0,0.0378118656768526,0,-0.364456642445817,-0.100315537254707,0,0,0,0,0,0,0.0319333876180831,0.202848109460155,0,0,0,0,0,-0.0560830211620768,0,0,0,0,0,0,0,0,0,0,0,0,0.0340234313216456,0,0,0,0,0,0,0,0,-0.415417463795848,0.0357965126820316
0,0,0,0,0,0,0,0,0,0,0.532483523582665,0,0,0,0.0650514310235781,0,0.109471182638069,0,0,0,0,0,0,0,0,0,0,0,0,0,-0.110637542689307,0,0,0,0,0,0,0,0,0,0,0,0,0,-0.0246270862293057,0.332734135501556,0,0,0.288252849316843,0,-0.045553143027518,0,0,0,0,0,0.246157028215309,0.163396763791692,0,0,0,0,0,0,0,0,0,0,0,0,0,0,0,0,0,0,0,0,-0.0160493346999043,0,0,0,0,0,0,0,0,-0.0890841095405505,0,0,0,-0.0544640485674755,0,-0.156226907592941,-0.181606272259542,0,0,0,-0.420977305816825,0,0,0,0.33181773596538,0,0,0,0,0,0,0,0,-0.317962128860025,0,0,0,0,0,0,0.193389646342724,0,0,0,0,0,0,0,0,0,-0.146570411765324,0,0,0,0,0,0,0,0,0,0,0,0,0,0,0,0,0,0,0,0,0
0,0,-0.0601279540448053,0,-0.0431972394195059,0,0,0,0,0,0,0,0,0,0,0,0,0,0,0,0,0,0,0,0,0,0.348266102163216,0,0,0,-0.340495137256077,0,0,0,0,0,0,0,0,0,0,0,0,0.308527701094954,0,0,0.168103010076422,0,0,0,0,0,-0.0203262585680402,0,0,0,0,0,0,0,0,0,0,0,0,-0.144677246011544,0.231296643037587,0,0,0,0,-0.174436209335793,0,0,0.20977453459781,0,0,0,0,0,0.173463947637537,0.462725922398999,-0.0610436745918574,0,0.312408693309845,0,0,0,0,0,-0.214809491399099,0,0,0,-0.28343522957982,0.378914380245794,0,0,0,0,0,0,0,0,0,0,0,0,0,0.269059043601628,0,0,0,-0.236992766780821,0,0,0.528553514420388,0,0,0,0,0,-0.0250606141678555,0,0,0,0,0,0,0,0,0,0,0,0,0,0,0,0,0,0,0,0,0,0,0,0,0,0,0
0,0,0,0,0,0,0,0,0,0,0,0,0,0,0,0,0,0,0,0,0,-0.102808287547755,0,0,0,0,-0.056840451755205,0,0,0.077367169585472,0,0,0,0,0,0,0,0,0,0,0,0,0,-0.00461583102720472,0,0,0,0,0,0,0,0,0,0,0,0,0,0,0,0,0,0,-0.38727379657196,0,0,0,0,0,0,0,0,0,0.0646604049312242,0,0,0,0,0,0,0,0,0,0,0,0,0,0,0,0,0,0,0,0,0,0,0,0,0,-0.349010818862219,0,0,0,0,0,0,0,0,0,0,0,0,0,0,0,0,0,0,0,0,0,0,0.0246070705463585,0,0,0,0,0,0,0,0,0,0,0,-0.119962456486572,-0.338762611584103,0,0,0,0,0,0,0,0,0,-0.276038955190798,0,0.213715187950956,0,0,0
0,0,0,0,0,0,0,0,0,0.25892104958671,0,0,0,0,0,0,-0.111972132000154,0,0,0,0,0,0,0,0,0.219013109526928,0,0,0,0,0,0,0,0,0,0,0,0,0,0,0,0,0.378038802171902,0,0,0.0269304698175455,0.0346248967559672,0.119870360714872,0.628905129027907,0,0,0,0,0,0,0,0,0,0,0,0,0,0,0,0.421157773987892,0,0,0,0,0,0,0,0,0,0,0.0712440377494672,0,0,0,0,0,0,0,-0.177647329090617,0,0,0,0,0.143730780458405,0,0,0,0,0,0,0,0,0,0,0,0,0,0.397971989325708,0,-0.0574824055307291,0,0,0,0,0,0,0,0,0,0,0,0,0,0,0,0,0,0,0,0,0,0,0,0,0,0,0,0,-0.315356550908941,0,0,0,0,0,0,0,0,0,0.0848400868535936,0,0,0,0,0,0
0.311434875049258,0,0,0,0,0,0,0,0,0,0,0,0,0,0,0,0,0,0,0,0,0,0,0,0.106242834436993,0,0,0,0,0,0,0,0,0,0,-0.021088347229382,0,0,0,0,0,0,0,0,0,0,0,0,0,0,0,0,0,0,0,0,0,0,0,0,0,0,0,-0.0303046973541965,0.207899767798806,0,0,0,0,0,-0.128872679318513,0,0,0,0,0,0,0,0,0,0,0,0,0,0,0,0,0,0,0,0,0,0,0,0,0,0.489369060599457,0,0,0,0,0,0,0,0,0,0,0,0,0,0,0,0,0,-0.341744060943699,0,0,0,0,0,0,0,0,0,0,0,0,0,0,0,0,0,0,0,-0.106567269442876,0,0,-0.225826797277343,0,0,0,0,0,0,0,0,0,0,0,-0.429381784713803
-0.00824009156155062,0,0,0,0,0,0,0,0,0,0,0,0,0,-0.0164052295873638,0,0,0.223564548986871,0,0,0,0,0,0,0,0,0,0,0,0,-0.139173487173621,0,0,0,0,0,0,0,0,0,0,0,-0.105408920030865,0,0,0,0,0,0,0,0,0,0,0,0,0,0,0,0,0,0,0,0,0,0,0,0,0,0,0,0,0,0,0,0,0,0,0.353366331974836,0,0,0.205163547122013,0,0,0,0,0,0,0,0.238337486595209,0,0,0,0.129080204150662,0,-0.20106707687768,0,0,0,0,0,0,0.286957035554835,0,0,0,0.132272317508524,0,0,0,0,0,0,0,0,0,0,0,0,0,0,0,0,0,0,0,0,0,0.320791310585545,0,0,0,0,0,0,0,0,0,0,0,0,0,0,0,0,0,-0.372657099696155,0,0,0,0
0,0,0,0,0,0,0,0,0,-0.342567852947371,0,0,0,0,0,0,0,0,0,0,0,-0.237185948084559,0,0,0,-0.381951023859979,0,0,0,0,0,0,0,0,0,0,0,0,0,0,0,0,0.206603277761521,0,0,0,0,0,-0.282341550971443,0,0,0,0,0,0,0,0,0,0,0,0,0,0,0,0,0,0,0,0,0,0.0109289416701872,0,0,0,0,0,0,0,0,0,0,0,0,0,0,0,0.282691206833973,0,0,0,0,0,0,0,0,0,0,0,0.247494788246211,0,0,0,0,0,0,0,0,0,0,0,0,0,0,-0.0521502066268678,0,0,0,0,0,0.173477369558577,0,0,0,0,0,0,0,0,0,0,0,0,0,0,0,0,0,0,0,0,-0.151652172830033,0,0,0,0,0,0,0,0,0
0,0,0,0,0,0,0,0,0.492494149450511,0,0,0,0,0,0,0,-0.213212173947626,0,0,0,0,0,0,0,0,0,0.38896652209461,0.21491715502817,0,0.0779270667016151,0,0,0,0,0,-0.528634828067676,0,0,0,0,0,0,0,0,0,-0.145368640759377,0,0,0,0,-0.124178204955561,0,0,0,0,0,0,0,0,0,0,0,-0.111022176657753,0,0,0,0,0,0,0,0,0,0,0,0,-0.0561542067865886,0,0,0,0,0,0,0,0,-0.0580171838588255,0,0,0,0,0,0,0,0,0,0,0.160572026300347,0,0.1329965110213,0,0,0,0,0,0,0,0,0,0,-0.380104611492514,0,0,0,0,0,0,0,0,0,0,0,0,0,0,0,0,-0.0658353052641786,0,0,0,0,0,-0.22032420513476,0,0,0.208850903968682,0,0.151306376286111,0,0,0,0,0,0,0.323199650729676,-0.407885641083304,0,0,0,0.412094102542159,0
-0.392631355046982,0,0,0,0,0,0,0,0,0,0,0,0,0,0,0,0,-0.022686331526637,0,0,0,0,0,0,-0.399262076842173,0,0,0,0,0,0,0,0,0,0,0,0,0,0,0,0,0,0,0,-0.206798795197933,0,-0.0611575838190618,0,0,0,0,0,0,0,0.0250849740105558,0,0,0,0,0,0,0,-0.126926192720903,0,0,-0.391285746123888,0,0,0,0,0,0,0,0,0,0,0,0,0,0,0,0,0,0,0,0,0,0,0,0,0,0,0,0,0,0.131262501193317,0,0,0,0,0,0,0,0,0,0,0,0,0,0.0962801104027867,0,0,0,0,0,0,0,0,0,0,0,-0.253008745470164,0,0,0,0,0,-0.0616261336420799,0,0,0,0.114439611680784,0,0,0,0,0,0,0,0,0.110781471073622,-0.101875595021262,0,0,0,0,0,0,0,0
0,0,-0.311329427530823,0,0,0,0,0,0,0,0,0,-0.402910406527021,0,0,0,0,0,0,0,0,0,0,0,0,0,0,0,0,0,0,0,0,0,0,0,0,0,0,0,0,0,0,0,0,0,0,0,0,0,0,0,0,-0.0118014768544293,-0.287173392524543,0,0,0,-0.117210858560433,0,0.28608468358514,0,0,0.0975612961435455,-0.282085008986281,0.0297686377716956,0,0,0,0,0,0,0,0,-0.0458868203535242,0,0,0,0,0,0,0,0,0,0,0,0,0,0,-0.117041336073436,0,0,0,0,0,0,0,0,0,0,0,0,0,0,0,-0.400433299794835,0,0,0,0,0,0,0,0,0,0,0,-0.0195213088230007,-0.344664351846546,0,0.437987148875058,0,0,0,0,0,0,0,0,0.0331674098058253,0,0,0,0,0,0.213294047184339,0,0,0,0.12966342859453,0,0,0,0,0,0,0,0,0,0
-0.245386992226528,0,0,0,0,0,0,-0.0406266220492403,0,0,0,-0.281181799553158,0,0,0,0,0,0,0,0,0,0,0,0,0,0,-0.111027153886622,0,0,0,0.195670809312018,0,0,0,0,0,0,0,0,0,0,0,0,-0.134840756283355,0,0,0,0,0,0,-0.540520912334681,0,0,-0.149927706485907,0,0,0,-0.103406870658946,0,0,0,0,0,0,0,0,0,0,0,0,0,0,0,0,0,0,0,0,0,0,-0.0650886974213463,-0.0108701492785434,0,0,0,0,0,0,0,0,0,0,0,0,0,0,0,0,0,0,0.178537257575816,0,0.395915128959868,0,0,0,-0.0236780315614808,0,0,0,0.122012325239074,0,0,0,0,0,0,0,0,0,0,0,-0.0268261957723536,0,0,0,0,0,0.0532342581424542,0.126465203673012,0,0,0,0,0,0,0,0,0,0,0,0,-0.0668786474418045,0,0.0623688387897496,0,0,0,0.257615797002507,0
0,0,0,0,0.402608752347188,0,0,0,-0.103483304497118,0,0,0,-0.0576363816812319,0,0,0,0,0,0,0,0,0,0,0,0,0,0,0,0,0.191489335250531,0,0,-0.734509307848659,0,0,0,0,0,0,0,0,0,0,0,0,0,0,0,0,0,0,0,0,0,0,0,0,0,0,0,0,0,0,0,0,0,0,0,0,0,0,-0.00119195328725125,0,0,-0.280334902652527,0,0,0,0,0,0,0,0.327834159939659,0,0,0,-0.162245216486978,0,0,0,0.330294791302969,0,0,0,0,0,0,0,0,0,0,0,0,0,0,0,0,0,0.399912259607325,0,0,0,0,0,0.12679614719777,0,0,0.0542557206055037,0.118215505465916,0,0,0,0,-0.342852976404883,0,0,0,0,0,0,0,0,0,0,0,0,0,0,0,0,0,0,0,0,0,0,0,0,0.325154350826203,0
0,0,0,-0.594705001733342,0,0,0,0,0,0,0,0,0,0,0,0,0,0,0,0,0,0,0,0,0,0,0,0,0,0,0,0,0,0,0,0,0,0,0,0,0,0,0.0833818117092805,0,0,0,0,0,0.102534818455525,0,0,0,0,0,0,0,0,0,0,0,0,0,0,0,0,0,0,0,0,0,0,0,0,0,0,0,0,0,0,0.029926377547815,0,0,0,0,0,0,0,0,0,0,0,-0.452388197249008,0,0,0,0.0630499196147111,0,0,0,0,0,0,0,0,0,0,0,0,0,0,0,0,0,0,0,0,0,0,-0.296783234878599,0,0,0,0.141264016099637,0,0,0,0,0,0,0,0,0,0,0,0,0,-0.016063680086777,0,0,0,0.0354362615811736,0,-0.317014221933645,0,0,0,0.35700864807991,0.0593755746990661,0,0
0,0,0,0,0,0,0,0,0,0,0,0,0.127506432219287,0,0,0,0,0,0,-0.0730633558627477,0,0,0,0,0,0,0.0409977007754659,0,0,0,0,0,-0.4590079440289,0,0,0,0,0,0,0,0,0,0,0.374215680476062,0,0,0,0,0.0537954224611024,0,0,0.234745221934615,0,0,0,0,0,0,-0.307250019220704,0,0,0,-0.430327875041206,0,0,0,-0.0943194738693378,0,0,0,0,0,0,0,0,0,-0.230418594597217,0,0,0.416902521014825,0,0,0,0,0,0,0,0,0,0,0,0,0.378505109469553,0,0,0,-0.21812604602963,0,0,0,0,0,0,0,0,0,0,0,0,0,0,0,0,0,0,0,0,0,0,0,0,0,0,0,0,0,0,-0.105200810007704,0,0,0,0,0,0.202247159742145,0,0,0,0,0,0,0,0,-0.138913719093773,0,0,0,0.0794439560206363,0,0.00656754316727756,0
0,0,0,0,-0.317739366079665,0,0,0,0,0,0,0,0,0,0,0,-0.00515776633223721,0,0,0,0,0,0,0,0,0.142183628656774,0,0,0,0,-0.114931464483603,0,0,0,0,0,0,0,0,0,0,0,0,0,0,0,0,0,0,0,0,0,0,0,0,0,0,0,0,-0.0824486517423899,0,0,0,0,0,0,0,0,0,-0.0348069590903172,0,0.529003250238512,0,0,0,0,0,0,0,0,0,0,0,0,0,0,-0.100090910726701,-0.262882150290231,0,0,0,0,0,0,0,0,0,0,-0.396231258797172,0,0,0,0.22584465245753,0,0,0,0,0,0,0,0,0,0,0,0,0,0,0,0,0,0,0,0,0,0,0,0,-0.36166135444429,0,0,0,0,0,0,0,0,0,0,0,0.10011085602361,0,0,0,0,0,0,0,0,0,0
0,0,0,0,0,0,0,0.492418971538685,0,0,0,0,0,0,0,0,0,0.242315522883813,0,0,0,0,0,0,0,0,0,0,0,0,0,0,0,0,0,0,0,0,0,0,0,0,0,0,-0.108091042686078,0,0,0,0,0,-0.151684233030157,0,0,0,0,0,0,0,0,0,0,0,0,0,-0.0894433528281672,0,0,0,0,0,0,-0.129759259009074,0,0,0,0,0,0,0,0,0,0,0,0,0,0,0,0,0,0,0,0,0,0,-0.0884047511724212,0,0,0,0,0,0,0,0,-0.12063058494411,0,0,0.0150718935117567,0,0,0,0,0,0,-0.245995828459873,-0.187968877880403,0,0,0,0,0,0,0,0,0,0.210218729849144,0,0,0,0,0,0,0,-0.198227431309701,0,0,0,0,0,0,0,0,0,0,0.0804519001148921,0,0,0,0,0.0682154114750097,0
0,0,0,-0.325600105314808,0,0,0,0,0,0,0,-0.271286496993098,-0.0763480288005823,0,0,0,0,0,0,-0.145239982851993,0,0,0,0,0,0,0,0,0,0,0,0,0,0,0,0,0,0,0,0,0,0,-0.106868728921928,0,0,0,0.210015858257284,0,0,0,0,-0.594565441392422,0,0,0,0,0,0,0,0,0,0,0,0,0,0,0,0,0,0,0,0,0,0,0,0.0291566927180587,-0.373732281870677,0,0,0,0,0,0,0,0,0,0,0,0,0,0,0,0,0,0,0,0,0,0,0,0,0,0.287861797383027,0,0,0,0,0.496391930512707,0,0,0,0,0,0,0,0,0,0,0,0,0.288323296455301,0,0,0,0,0,0,0,0,0,0.0444159141103907,0,0,0,0,0,0,0,0,0,0,0,0,0,0,0,0,0.537328183963262,0,0
0,0,0,0,0,0,0,0,0,0,0.312429695782096,0,0,0,0,0,0,0,0,0,0,0,0.294216978521258,0,0,0,0,0,0,0,0.220463122486578,0,0,0,0,0,0,0,0,0,0,0,0,0.211005109686526,0,0,0,0,0,0,0,0,0,0,0,-0.151640320539032,0,0,0,0,0,0,0,0,0,0,0,0.495977988444282,0,0,0,0,0,0,0,0,0,0,0,0,0,0,0,0,0,0,0,0,0,0,0,0,0,0,0,0,0,0,0,0,0,0,0,0,0,0,0,0,-0.299798322400124,0,0,0,0,-0.0205678738011584,0,0,0,0,0,0,0,0,0,0,0,0,0,0,0,0,0,0,0,0,-0.179436797081432,0,0,0,0,0,0,0,0,0,0,0,0,0,0,0
0,0,0,0,0,-0.223442990509737,0,0,0,0,0,0,0,0.545114269089264,0,0,0,0,0,0,0,0.138491431262212,0,0,0,0,0,0,0.412496645340609,0,0,0,0,0,0,0,0,0.00339343929534812,0,0,0,0,0,0,0,0,0,0,0,0,0,0,0,-0.310202042711845,0,0,0,0,0,0,0,0,0,0,0.0873849371264961,0.263234391112409,0,0,0,0,0,0,0,0,0,0,0,0,0,0,0,0,0,0,0,0,0,0,0,0,0,0,0,0,0,-0.0414788775803893,-0.497436196886999,0,0,0,0,-0.0629464616822557,0,0,0,0,-0.398615740881407,0,0,0,0,0,0,0,0,0,0,0,0,0,0,0,0,0,0,-0.318169700758681,0,0,0,0,0,0,0,0,0,0,0,0,0,0,0,0,0,0,0,0,0,0,0,0
0,0,0,0,-0.357945500293886,0,0,0,0,0,0,0,0,0,0,0.130383594222926,0,0,0,0,0,0,0,0,0,0,0,0.234260518563477,0,0,0,0,0,0,0,0,0,0,0,0,0,0,0,0,0,0,-0.0614244910221256,0,0,0,0,0,0,0,0,0,0,0,0,0,0,0,0,0,0,0,0,0,0,0,0,0,0,0,0,0,0,0,0,0,0,0,0,0,0,0,0,0,0,0,0,0,0,0,0,0,0,0,0,0,-0.229115141657886,0,0,0,0,0,0,0,0,0,0,0,0,0,0,0,0,0,0,0,0,0,0,0,0,-0.0601725823932358,-0.0423395899510991,0,0,0,0,0,0,0,-0.385824048566416,0,0,0,0,0,-0.282529244388774,0,0,0,0,0,-0.00297348037990635,0,0,0
0,0,0,0,0,0,0,0,0,-0.216131795421543,0,0,0,0,0,0,0,0,0,0,0,0,0,0,0,0.0188114440659717,0,0,0,0,0,0.125562494588992,0,0,-0.0189737250820389,0,0,0,0,0,0,0,0,0,0,0,0,0,0,-0.0971579724398678,0,0,0,0,0,0,0,0,0,0,0,0,0,0,-0.0768801999190375,0,0,0,0,0,0,0,0,0,0,0,0,0,0,0,0,0,0,0,0,0,0,0,0,0,0,0,0,0,-0.378235999351325,0,0,0,0,0,0.37644042428352,0,0,0,0,0.252323557241635,0,0,-0.322011745262678,0,0,0,0,0,0,0.302869604660961,0,0,-0.10006503759399,0,0,0,0,0,-0.253246093022747,-0.24393353610231,0,0,0,0,0,0,0,0,0.115999144418425,0,0,0,0,0,0,0,0,0,0,0.0220751385599942,0,0,0,0
0,0,0,0,0,0,0,0,0,0,0,0,0,0,0,0,0,0,0,0,0,0,0,0,0,0,0,0,0,0,0,0,0,0,0.0356199915811902,0,-0.0874182386505222,0,0,0,0,0,0,-0.130298457708644,0,0.144765410993061,0,0,0,0,0,0,0,0,0,0,0,0,0,0,0,0,0,0,0,-0.238350310463344,0,0,0,0,0,0,0,0,0,0.141379017240204,0,0.384553216572438,-0.0311823403552786,0,0,0,0,0,0,-0.221634179655695,0,0,-0.246167838899974,-0.109430304640249,-0.327569386073869,0.456915859155569,0,0,0,0,0,0,0,0,0,0,0,0,0,0,0,0,0,0,0,0,0,0,0,0,0,0,0,0,0,0,0,0,0,0,-0.0275004491191374,0,0,0,-0.0363295159474261,0,0,0,0.0884230084665716,0,0,0,0,0,-0.241262250260931,0,0,0,0,0,0,-0.0161301379419146,0,0
0,0,0.101120140427521,0,0,0,0,0,0,0,0,0,0,0,0,0,0,0,0,0,0,0,0,0.034664795793069,0,0,0,0,0,0,0,0,0,0,-0.305793693259241,0.307005045376469,0,0,0,0,0,0,0,0,0,0,-0.254034953403882,0,0,0,0,0,0,0,0,0,0,0,0,0.366098745105961,0,0,0,0.270146561545351,0,0,0,0.410392836037347,0,0,0,0.0181164335444554,0,0.140758318916627,0,0,0,0,0,0,0,0,0,0,0,0,0,0,0,0.281262943230013,0,-0.0448160349947287,0,0,0,0,0,0,-0.178728837268531,0,0,0,0,0,0,0,0,0,0,0,0,0,0,0,0,0,0,0,0,0,0,0,0,0,0,0,0,0,0,0,0,0,0,-0.23262597664715,0,0,0,0,0,0.185110086788602,0,0,0,0,0,0,0,0,0,0
