eq,variable,betas_dgp,corr_estimate
1,1,0,0.204302803911476
1,10,0,-0.184287025494386
1,11,0,0.403516499665121
1,12,0,0.0803193353040368
1,13,0,-0.312446673613796
1,14,0,0.0881349920191925
1,15,0,-0.264490252129061
1,16,0,-0.2897517254258
1,17,0,0.218182692671123
1,18,0,-0.0369327278373571
1,19,0,0.308768680557186
1,2,0,0.0488125959335791
1,20,0,0.134716314762463
1,21,0,0.0547542138667055
1,22,0,0.130115873522293
1,23,0.0993309116775884,-0.189752010991635
1,24,0,-0.534922061643074
1,25,0,0.140538430175604
1,26,0,-0.207696394103675
1,27,0,0.0428095605446739
1,28,0,-0.00650869113258737
1,29,0,-0.0484463237157791
1,3,0,0.236547861747833
1,30,-0.136520558431883,-0.258645149828565
1,31,0,-0.327764421237725
1,32,0,-0.136991042461623
1,33,0,0.272926971331371
1,34,0,0.429880180344924
1,35,0,0.155755329974128
1,36,0,-0.139680116606011
1,37,-0.393028434659253,-0.0623185316728967
1,38,0,-0.230155366270132
1,39,0,0.212227782076648
1,4,0,0.104286957219996
1,40,0,-0.186653222576073
1,41,0,0.139896869900487
1,42,0.557626760414054,0.245387553960553
1,43,0.656814528263126,0.811366889630864
1,44,0,0.104009510134904
1,45,0,0.0647013303320543
1,46,0,0.00694182818335738
1,47,0,0.031257449675536
1,48,0,-0.0668208302430468
1,49,0,0.207023342861275
1,5,0,-0.156950826408945
1,50,0,-0.375822756368773
1,6,0,-0.0207003577382192
1,7,0,-0.170864308612911
1,8,0,0.175909288057492
1,9,0,0.278935202834111
10,1,0,0.170802180338198
10,10,0,0.124877827179093
10,11,0,0.0666296672062365
10,12,0,0.130643063437199
10,13,0,0.0922219075379948
10,14,0,-0.20125769644417
10,15,0,0.014741100691547
10,16,0,0.0893635836842206
10,17,-0.530730689211094,-0.581486355244344
10,18,-0.0033746792034855,0.174727778525199
10,19,0,-0.159805626250954
10,2,0,0.119689323270725
10,20,0,-0.321428802367416
10,21,0,-0.0353498342860222
10,22,0,-0.0540267691520645
10,23,0,-0.0138278920462357
10,24,-0.239026758398372,-0.0821091315690112
10,25,0,-0.115866959712536
10,26,0,-0.0793796702608258
10,27,0,-0.139328454109086
10,28,0,-0.0807061046389316
10,29,0,0.110150972179211
10,3,-0.291545899302276,-0.133929526128353
10,30,0,0.17906873385401
10,31,0,-0.0663179015662109
10,32,0,0.192325218448905
10,33,0,0.0149013096221647
10,34,0,0.0364979596773679
10,35,0,-0.179271969641963
10,36,0,-0.0685553529608306
10,37,0,-0.0831550524085551
10,38,0,0.133116797263108
10,39,0,-0.219308554234666
10,4,0,0.0168106284937646
10,40,0,-0.0100890272877486
10,41,0,-0.330132097073167
10,42,0,-0.0946527865206554
10,43,0,0.0127416019709701
10,44,0,-0.272950928859456
10,45,0,-0.272928975807019
10,46,0.0144264866358607,-0.128916805846329
10,47,0,0.0363566143318114
10,48,0,0.0391509748856924
10,49,0,-0.114370318143951
10,5,-0.133169361638322,-0.184827834901093
10,50,0,0.115484011821207
10,6,0,-0.155142649406317
10,7,0,0.365054461759589
10,8,0,-0.232787987672242
10,9,0,-0.201016364031348
11,1,-0.0390525049188978,0.0404688527117909
11,10,0,0.186923037558672
11,11,0,-0.140119110858148
11,12,0,-0.0713731198747119
11,13,0,0.286226014252959
11,14,0,-0.113122886998849
11,15,0,0.226278677906513
11,16,0,0.249818509403606
11,17,0,-0.219773471533435
11,18,0,0.237120130922711
11,19,0.199939462399606,-0.152367441971863
11,2,0,-0.198886536032037
11,20,0,-0.303002821551329
11,21,0,-0.251563886995248
11,22,0,-0.303267270371056
11,23,-0.0772463523391737,-0.0108728239040453
11,24,0,0.384737842232412
11,25,0,-0.291427412706638
11,26,0.144759206992282,-0.199833936840808
11,27,0,-0.269787291749292
11,28,-1.1436948309537,-0.842209245528806
11,29,0,0.311776659443465
11,3,0,-0.207999760221248
11,30,0,0.219308692730167
11,31,0,0.134681558120329
11,32,0,-0.0551818255813691
11,33,0,-0.121693973081602
11,34,0,-0.146064517949231
11,35,0,-0.079849966006884
11,36,0,0.0904741503052581
11,37,0,-0.15041777713811
11,38,0,0.472334811306828
11,39,0,-0.173124872237152
11,4,0,-0.441702859018579
11,40,0,0.126036282016363
11,41,0,-0.437748124318509
11,42,0,0.130560390159183
11,43,-0.40398121281793,-0.394274012593945
11,44,0,-0.234944618358616
11,45,0,0.021475075926271
11,46,0,0.244342149583469
11,47,0,-0.17265461374721
11,48,0,0.27673452205165
11,49,0,-0.334194361814987
11,5,0,-0.0614991163105083
11,50,0,0.146063698482512
11,6,0.371541736571756,0.235707959337134
11,7,0,0.0668664667852
11,8,0,-0.181121472777307
11,9,0,-0.333098675862729
12,1,0.647770359433303,0.557575250454774
12,10,0,-0.0201941464701372
12,11,0,-0.0760381296652096
12,12,0,0.297527100180924
12,13,0,-0.0717698680131097
12,14,0,-0.0594403410193109
12,15,0,0.0468177968291581
12,16,0,-0.0636275081330871
12,17,0,0.227991888887219
12,18,0,-0.258396980710202
12,19,0,0.222719318507882
12,2,0.0858897964813363,0.355367553961541
12,20,0,0.423981521346505
12,21,0,0.368376469544868
12,22,0.0286274554177855,0.341494700531833
12,23,0,-0.352731461394936
12,24,0,-0.168036482224687
12,25,0,0.280078743473648
12,26,0,0.116327301704662
12,27,0.342067003867541,0.193461312403824
12,28,0,0.118943574155857
12,29,0,-0.0912155551180241
12,3,0,-0.00265571176372731
12,30,0,-0.0385762595245654
12,31,0,0.00734130898817885
12,32,0,-0.0618848598457732
12,33,0,0.0384957504168395
12,34,0,0.0752371395247009
12,35,0,0.112010110395229
12,36,0,-0.10697400436645
12,37,-0.0529727859768995,0.0505438028462452
12,38,0,-0.395617814635562
12,39,0,0.356738814513816
12,4,0,0.0732753547946134
12,40,0,-0.323275452053831
12,41,0,0.237460119857079
12,42,0,-0.185379258845414
12,43,0,0.32661066199486
12,44,0,0.245651353819605
12,45,0,0.286734788513592
12,46,0.465873461955997,0.262507952745041
12,47,0,0.00966904716641632
12,48,-0.590281702505253,-0.782366042973967
12,49,0,0.199258084750458
12,5,0,-0.230840508856733
12,50,0,-0.248876371937867
12,6,0,-0.0738459992581595
12,7,0,-0.300955848250694
12,8,0,0.130044976786543
12,9,0,0.454794623826422
13,1,-0.0208992472814845,0.329723097910067
13,10,0,0.0172135662541002
13,11,0.0724670878656363,-0.152830884045891
13,12,0.719971321549234,0.894076256074401
13,13,0,0.355833459655487
13,14,0,0.0485589828390659
13,15,0,-0.264728206682514
13,16,0,-0.24601533465076
13,17,0,0.0146993564924409
13,18,0,0.161494489981516
13,19,0,0.0896665230184043
13,2,0.465525132968515,0.571304597986301
13,20,0,-0.0738453145837016
13,21,0,0.392046280519775
13,22,0,0.28171797207198
13,23,0,0.058551617814767
13,24,0,-0.180587290920126
13,25,0,0.292685127987521
13,26,0,-0.219614837657795
13,27,0,-0.133426103664039
13,28,0,0.154749270382354
13,29,0,-0.228918954502307
13,3,0,0.096188584205671
13,30,0,-0.158695203428283
13,31,0,-0.134030416588436
13,32,0,0.521383456528931
13,33,0,-0.0285597038151277
13,34,0,-0.156810774682681
13,35,0,-0.48114475450669
13,36,0,0.0999094452104398
13,37,0,0.15302203559279
13,38,0,-0.233457598006943
13,39,0,0.00318551703021954
13,4,0,0.410422903302644
13,40,0,-0.271825010448432
13,41,0,-0.224848710308212
13,42,0,0.0173270499003599
13,43,0,0.207523126097461
13,44,0,0.227873961622215
13,45,0,-0.0247356670586067
13,46,0,-0.43906370244258
13,47,0,0.415462235364069
13,48,0,-0.356299735268662
13,49,0,0.309841972795217
13,5,0,-0.1067474337509
13,50,0,-0.048483981381888
13,6,0,0.215253872366302
13,7,0,0.0852236559138878
13,8,0,-0.19521410019015
13,9,0,0.227876141921191
14,1,0,-0.141620104072954
14,10,0,0.010132733547351
14,11,0,-0.105856298067568
14,12,0,-0.318068256640688
14,13,0,-0.1585751391397
14,14,0,0.00416198630088506
14,15,0,0.0267635282791404
14,16,0,-0.0276162396533408
14,17,0,0.276693359091403
14,18,0,-0.0615698284019583
14,19,0,0.00820862280299541
14,2,0,0.0451132794009423
14,20,0,0.428245232847837
14,21,0,0.119472001786812
14,22,0,0.12348053818008
14,23,0,-0.135656649986459
14,24,0,-0.18887777662872
14,25,0,0.00501216048882194
14,26,0,0.299452677491604
14,27,0,-0.0529032720680357
14,28,0,0.213554910730642
14,29,0,-0.0841122054185492
14,3,0,0.135586490543032
14,30,0,-0.145599085748172
14,31,0,0.0445049312676933
14,32,0,-0.186950940193951
14,33,0,0.0520037657771579
14,34,0,-0.0442636563509635
14,35,0,0.292741333304137
14,36,0.229640088232112,0.19122132505462
14,37,-0.39243481039634,-0.149378110318703
14,38,0,-0.194548354849741
14,39,0,0.0899159142128283
14,4,0,-0.0152062724524318
14,40,0,-0.0998867610700585
14,41,0.377518035129865,0.615783456335498
14,42,0,-0.236400368150707
14,43,-0.149789056881656,-0.0603359125711282
14,44,0,0.082610451500645
14,45,0,0.287317164726508
14,46,0,0.2046777330189
14,47,0,0.0356238045224044
14,48,0,-0.0534401000010929
14,49,0,0.089531963134247
14,5,0,0.202789007797022
14,50,-0.107244936758825,-0.290601736637664
14,6,0,-0.152361928421887
14,7,0,-0.220485823318806
14,8,0,0.251566499122314
14,9,0,0.211622807051275
15,1,0,0.106108069796529
15,10,0,0.204864274897213
15,11,0.564802292045404,0.199076756963591
15,12,0,0.323550239962268
15,13,0,0.578617161563749
15,14,0,-0.117679174731894
15,15,0.0925338294614859,0.183198019921673
15,16,0,0.264941439542193
15,17,0,-0.462811793304598
15,18,0,0.32156558703848
15,19,0,-0.1167804507038
15,2,0,0.14881746645646
15,20,0,-0.487158067443251
15,21,0,0.0541076018479139
15,22,0,-0.194761058032248
15,23,0,0.258929453129567
15,24,0,0.265908744181529
15,25,0,-0.153331296202788
15,26,0,-0.196052248284247
15,27,0,-0.212254217051291
15,28,0,-0.14717981464053
15,29,0,0.237335335941985
15,3,0,0.0103534761721596
15,30,0,0.216363963271976
15,31,0,-0.213726535535752
15,32,0,0.402550275727803
15,33,0,-0.261638723540716
15,34,0,0.164685344833438
15,35,-0.616841461301995,-0.679918015712221
15,36,0,0.0593926416992235
15,37,0,-0.14047249012583
15,38,0.0788648362725958,0.500597402255054
15,39,0,-0.175634935991222
15,4,0,0.0383665470112015
15,40,0,0.141307388389779
15,41,0,-0.499905855938037
15,42,0,0.178162844741117
15,43,0,-0.121725338385499
15,44,0,-0.338063759070803
15,45,0,-0.230760708410404
15,46,0,-0.446082429787695
15,47,0.0597642670459705,0.0854057244076107
15,48,0,0.172182474383439
15,49,0,-0.203950417984878
15,5,0,-0.0429540016234996
15,50,0,0.37053102810636
15,6,0,0.0154751448783918
15,7,0,0.384695509155672
15,8,-0.634870921402836,-0.715463151664201
15,9,0,-0.308620600448337
16,1,0,0.291127310415847
16,10,0,0.0156627802677833
16,11,0,-0.164426919239107
16,12,0,0.1220953385079
16,13,0,0.619875580477092
16,14,0,-0.0540198560101849
16,15,0,0.112128494237358
16,16,0.115328878253955,0.179763445734769
16,17,0,-0.516278894852634
16,18,0.0409694891528399,0.405275158849511
16,19,0,-0.321552601968008
16,2,0,0.345081522485369
16,20,0,-0.415113745064497
16,21,0,0.0234997129948321
16,22,0,-0.1347211191365
16,23,0,0.295921159455427
16,24,0,0.405104430674872
16,25,0,-0.067763248152816
16,26,0,0.000537182785816201
16,27,0,-0.391391808423539
16,28,0,-0.098733243606428
16,29,0,0.0741899928655365
16,3,0,-0.0434129616756564
16,30,0,-0.040702904565229
16,31,-0.464568854547006,-0.360809154356475
16,32,0,0.418839383024349
16,33,0,-0.351649749894334
16,34,0,-0.00424047089952781
16,35,0,-0.280032466846081
16,36,0,0.188141322974245
16,37,0,-0.116747714097739
16,38,0,0.443947098106811
16,39,0,-0.329623310414311
16,4,0,0.121877572837706
16,40,0,0.113885236204629
16,41,0,-0.490124978961449
16,42,0,0.165354446814697
16,43,0,-0.279841950045534
16,44,0,-0.443821719326103
16,45,0,-0.359253357813399
16,46,0,-0.32927592506035
16,47,0,0.178013643151942
16,48,0,0.123387104616587
16,49,0,-0.072135827823431
16,5,0.336946137161504,0.0555587966840497
16,50,0,0.363938663214859
16,6,0,0.0384189934677115
16,7,0,0.526693633387804
16,8,-0.949827939738091,-0.946009546712093
16,9,0,-0.182939294399393
17,1,-0.282800274100212,-0.334582752864874
17,10,0,0.146099899707035
17,11,0,0.395555292753224
17,12,0,-0.298678193636192
17,13,0,-0.0529560787146145
17,14,0,-0.42443187627808
17,15,0,0.373211948584773
17,16,0,0.394787649715868
17,17,0,0.0556317914762586
17,18,0,-0.390067545847831
17,19,0,0.0765113722764206
17,2,0,-0.421507654733136
17,20,0,0.250960122562122
17,21,0,-0.0776825830746229
17,22,0,-0.290335231375092
17,23,0,-0.329969272977581
17,24,0,-0.0347932916923881
17,25,0,-0.309326126038137
17,26,0.233212579542888,0.0712069175719141
17,27,0,0.414461057038178
17,28,0,-0.0832923118581082
17,29,0,0.38307636239385
17,3,0,-0.062999825331374
17,30,0.598105932633413,0.777142089222776
17,31,0,0.269795305861993
17,32,0,-0.347519745003227
17,33,0,0.187204869954128
17,34,0,0.223214970615751
17,35,0.174635688741242,0.31798405990258
17,36,-0.0130931127950567,-0.154561531421292
17,37,0,-0.0522261464887855
17,38,0,0.159684532879337
17,39,0,0.331223742818857
17,4,0,-0.442165016333752
17,40,0,0.248727075652915
17,41,0,0.250321526592073
17,42,0,-0.113821084146979
17,43,0,-0.00153568078295533
17,44,0,-0.0532935752717584
17,45,0,0.303019990453129
17,46,0,0.440959302273268
17,47,0,-0.600490406808003
17,48,0,0.0426852673436474
17,49,0,-0.351395226071662
17,5,0,0.0220384543038974
17,50,0,0.10119506657875
17,6,0,-0.299861241046997
17,7,0,-0.31501817091061
17,8,0.00319454461130392,0.25461420531994
17,9,0.136708640005155,-0.0978266415178953
18,1,0,0.193465145114782
18,10,0,-0.264268694002644
18,11,0,-0.32566157932836
18,12,0,0.123758431491387
18,13,0,-0.0314460732787008
18,14,0,0.214763952767958
18,15,0,-0.516679818482894
18,16,0,-0.737020607517199
18,17,0.115170587870737,0.231370295985246
18,18,0,0.0243554038398021
18,19,0,-0.0819084944987395
18,2,0,0.498807141913069
18,20,0,0.194010979338081
18,21,0,0.102255588362046
18,22,0,0.332960115721162
18,23,0,0.29052907970458
18,24,0,-0.0493202418320533
18,25,0,0.362901298652872
18,26,0.241087451850737,0.244938169301027
18,27,0,-0.195447491761505
18,28,0,0.354232844590363
18,29,-0.696462175047516,-0.9110151404275
18,3,0,0.075853606925086
18,30,0,-0.530381829657218
18,31,0,-0.161971023781299
18,32,0,0.202823757057357
18,33,0,-0.108423926300477
18,34,0,-0.176049892340461
18,35,0,0.090654734947946
18,36,0,0.0397065979744162
18,37,0,0.252708484035061
18,38,0,-0.495349593960042
18,39,0,-0.181460072253366
18,4,0,0.50786879270928
18,40,0,-0.234213517869529
18,41,0,0.276848127750631
18,42,0,-0.0790195658030163
18,43,0,0.0181153572357463
18,44,0,0.393844254131497
18,45,0,-0.0736287072762529
18,46,0,-0.209213247020042
18,47,0,0.579182071972677
18,48,0,-0.205207766659965
18,49,0,0.437973181061367
18,5,0,0.267756885398525
18,50,0,-0.215988327816963
18,6,0.558044477815967,0.317777043408521
18,7,0,0.0277427008620536
18,8,0,0.0978442256006478
18,9,0,0.357448049520255
19,1,0,0.0359308941628369
19,10,0,0.190878455314777
19,11,0,0.178206294070973
19,12,0,-0.213855677723379
19,13,0,0.0238031566780368
19,14,0,-0.120305411911564
19,15,0,0.325133580557283
19,16,0,0.290592671874894
19,17,0,0.0717102707804622
19,18,0,-0.0588968431497945
19,19,0,0.0930610587485119
19,2,0,-0.202881396222396
19,20,0,0.05779669453982
19,21,0,-0.133968983206199
19,22,0,-0.0771417946606598
19,23,0,-0.336027838274165
19,24,0,0.0503847842788403
19,25,0,-0.366370113769055
19,26,0,-0.0962344840548858
19,27,0,-0.0544931828769632
19,28,0,-0.352897874461335
19,29,0,0.450223831047277
19,3,0,0.117661331265055
19,30,0,0.297684070323562
19,31,0,0.181026704406415
19,32,0,-0.417987714290496
19,33,0,0.262976091166674
19,34,0,0.0411527525825263
19,35,0,0.248673182197384
19,36,0,0.0232933691998875
19,37,0,-0.243238165414026
19,38,0,0.119620448825689
19,39,0,0.203548304025572
19,4,-0.394336878296562,-0.728983656901039
19,40,-0.181258361742542,-0.0456183950646749
19,41,0,-0.0296763776340414
19,42,0,0.116029833352868
19,43,0,-0.0116999811813054
19,44,0,-0.252158600349407
19,45,0,0.343669655910078
19,46,0,0.386357417682581
19,47,0,-0.35339561632704
19,48,0,0.0522327505678847
19,49,0,-0.0774243326504827
19,5,0,-0.265852665012385
19,50,0,-0.196487480796545
19,6,0,-0.147416267386828
19,7,0,-0.33875847072093
19,8,0,0.0276479610417355
19,9,0,-0.0661737326591296
2,1,0.130296136110215,0.0727778184005603
2,10,0,-0.0130764543874849
2,11,0,0.18928821897224
2,12,0,0.245358463905594
2,13,0,-0.287089099240436
2,14,0,0.164822814987104
2,15,0,-0.199620375048097
2,16,0,-0.198470539265837
2,17,0,0.4721464200332
2,18,0,-0.213742852458883
2,19,0.123351917591474,0.355082033437349
2,2,0,0.110897520056287
2,20,0,0.391494835620369
2,21,0,0.359250652564176
2,22,0,0.379843447049631
2,23,0,-0.414337852904982
2,24,-0.53757323438713,-0.859678650865393
2,25,0,0.183110319568939
2,26,0.235451588403902,0.0734795293330017
2,27,0,0.259357345545511
2,28,0,0.230444388225091
2,29,0,-0.0142564470936655
2,3,0,0.124487589455878
2,30,0,-0.256866338459473
2,31,0,-0.132313885431292
2,32,0,-0.142445566870709
2,33,0,0.323381807049054
2,34,0,0.203394578048584
2,35,0,0.0994996670280733
2,36,0,0.108939015294134
2,37,0,0.167168309665646
2,38,0,-0.477854155129981
2,39,0,0.331874242887107
2,4,0,0.241189828020589
2,40,0,-0.324237558934017
2,41,0,0.362341400216454
2,42,0,-0.21339489469873
2,43,0,0.647490135753446
2,44,0,0.093024445873987
2,45,0,0.266431885317852
2,46,0,0.0330290748591971
2,47,0,-0.0265952233207924
2,48,-0.124501290290471,-0.331950299215119
2,49,0,0.310245632095792
2,5,0,-0.0808336320469334
2,50,0,-0.293070967989519
2,6,0,0.113404020552854
2,7,0,-0.344122223395582
2,8,0,0.378080436131953
2,9,0,0.416118793884573
20,1,0,-0.342849737999977
20,10,0,0.187577619550289
20,11,0,0.42633680186133
20,12,0,-0.292113407176717
20,13,0,-0.00702337391568228
20,14,0,-0.199911319100559
20,15,0,0.576596485449334
20,16,0,0.581830633175304
20,17,0,0.107837569932995
20,18,0,-0.437714453816253
20,19,0,0.13692775478028
20,2,0.0334476426732004,-0.405079776429701
20,20,0,0.196320993137466
20,21,0,0.00278728405344591
20,22,0,-0.41591162277148
20,23,0,-0.442160438846981
20,24,0,-0.0921998867547282
20,25,0,-0.412278548529287
20,26,0,-0.0844715106321474
20,27,0,0.372388215013362
20,28,0.0452932165727705,-0.128307818301258
20,29,0,0.603117510891926
20,3,0,-0.0688707726676543
20,30,0,0.484579103120322
20,31,0,0.188102426273005
20,32,0,-0.403278304847948
20,33,0,0.242802918692536
20,34,0,0.22520392059439
20,35,0,0.266889546338941
20,36,0,0.0817169850928478
20,37,0,0.0282010171084762
20,38,0,0.239765066335987
20,39,0,0.327426005456892
20,4,0,-0.418137886332265
20,40,0,0.349122286423996
20,41,0,0.122955456062155
20,42,0,0.0170486470891628
20,43,0,0.0638249928715332
20,44,-0.279731566745988,-0.269278879615554
20,45,0,0.273148234251642
20,46,0,0.39492679953728
20,47,-0.515117261769682,-0.928905149593417
20,48,0,0.0987862667843306
20,49,0,-0.350376454682276
20,5,0,0.06888209630253
20,50,0,0.172270775048863
20,6,0,-0.108214400478241
20,7,0,-0.327149247437662
20,8,0,0.104403440454104
20,9,0,-0.139352453760018
21,1,0,0.0195389473160254
21,10,0,0.33944048560369
21,11,0,0.171648274197266
21,12,0,0.120237326940912
21,13,0,0.0261951764960929
21,14,0,-0.0546605944628714
21,15,0,0.261182011740614
21,16,0,0.242823634810853
21,17,-0.138750288529082,0.0955239463002315
21,18,0,-0.421069394062516
21,19,0,0.136412994387387
21,2,0,-0.00938794698750145
21,20,0,0.258233434882563
21,21,0,0.337545009666461
21,22,0,0.0596111133587178
21,23,-0.644144273456408,-0.746696186636014
21,24,0,-0.259538466284091
21,25,0,-0.0372792317434019
21,26,0,0.0265718838831934
21,27,0,0.222324609974141
21,28,0,0.0389018449765969
21,29,0,0.295287312266725
21,3,0,-0.163448336362445
21,30,0,0.14563472744897
21,31,0,0.122858847349451
21,32,0,-0.245115674348593
21,33,0,0.270878586754697
21,34,0,0.129148403770887
21,35,0,0.143265735634468
21,36,0,0.104932316305572
21,37,0,0.0878855742069222
21,38,0,-0.133719494004438
21,39,0,0.414615610879167
21,4,0,-0.174725404027651
21,40,0,-0.033055122933675
21,41,0,0.190115053599934
21,42,0,-0.12903951007606
21,43,0,0.233232948657965
21,44,-0.259066096015954,-0.183245228633816
21,45,0,0.348691597378637
21,46,0,0.289682160443417
21,47,0,-0.386922082949156
21,48,-0.237022289995654,-0.466963695875944
21,49,0,0.0570328960764264
21,5,0,-0.206069659527646
21,50,0,-0.0485471264611571
21,6,0,-0.049505500281501
21,7,0,-0.331793733929918
21,8,0,0.00267380444470331
21,9,0,0.281250666892419
22,1,-0.165569844289114,-0.103792007219344
22,10,0,0.162337905939645
22,11,0,0.161213248250461
22,12,0,-0.180905772051801
22,13,0,-0.0422731389844076
22,14,0,-0.0614589032769376
22,15,0.690230826783961,0.32474285212305
22,16,-0.61059759530054,-0.216257255562443
22,17,0,0.510728213612384
22,18,0,-0.52256704192628
22,19,0,0.212915430706989
22,2,0,-0.0284582937347384
22,20,0,0.410296790497039
22,21,0,0.192586420930207
22,22,0,0.0966389050962865
22,23,0,-0.453401356343541
22,24,0,-0.213120311680877
22,25,0,-0.178033033295235
22,26,0,0.0740861699667016
22,27,0,0.2268502635733
22,28,0,0.136247925687946
22,29,0,-0.105286005421083
22,3,0,-0.078361364640945
22,30,0,0.0475046437548681
22,31,0,0.144366961530532
22,32,0,-0.378227299393255
22,33,0,0.276924559118301
22,34,0,0.198082538488157
22,35,0.268761957445472,0.394881099771495
22,36,0,0.212960885549273
22,37,0,0.262880416031698
22,38,-0.224294322326525,-0.542350570436106
22,39,0,0.393914454162144
22,4,0,-0.20760422359792
22,40,0,-0.113161986331368
22,41,0,0.458379412415788
22,42,0,-0.1718807852802
22,43,0,0.232001680249573
22,44,0,0.314244437857099
22,45,0.517688169787397,0.803077843533699
22,46,0,0.305749637214291
22,47,0,-0.252695957634038
22,48,0,-0.268308728624391
22,49,0,0.256051868457428
22,5,0,0.237599105624644
22,50,0,-0.1937458874171
22,6,0,0.0388864792241574
22,7,0,-0.652006797566801
22,8,0,0.405517406580541
22,9,0,0.204372113209383
23,1,0,-0.0513691134152798
23,10,0,-0.410422532556686
23,11,0,-0.212328732619294
23,12,0,0.21686092323567
23,13,0,-0.119176736545404
23,14,0,0.367878989998778
23,15,0,-0.400873604288852
23,16,0,-0.365368976476603
23,17,0.368142024411198,0.361206527793226
23,18,0,0.181597766855714
23,19,0.00164924030077872,0.240635899641003
23,2,0,0.180184242716154
23,20,0,0.179431287063451
23,21,0,0.156394104491027
23,22,0.348238878460726,0.700813919339549
23,23,0.703138336482888,0.441284516515806
23,24,0,-0.105358364843071
23,25,0,0.451231793509409
23,26,0,0.124321723854415
23,27,0,0.0628049289544913
23,28,0,0.298826882004818
23,29,0,-0.398458093673125
23,3,0,0.149080964560609
23,30,0,-0.536019927877087
23,31,0,-0.213760048230966
23,32,0,0.221209508559849
23,33,0.138281546954167,0.130904650361624
23,34,0,-0.255127297182071
23,35,0,-0.0918791317997883
23,36,0,0.241525867728345
23,37,0,0.164590962718925
23,38,0,-0.506686629063734
23,39,0,0.0396491738314194
23,4,0,0.444895750378845
23,40,0,-0.529005343435878
23,41,0,0.142993348224344
23,42,0,-0.250916356904717
23,43,0,0.089463335455392
23,44,0,0.12110598567274
23,45,0,-0.121963981398442
23,46,0,-0.372501244342563
23,47,-0.023542421439754,0.477510099108284
23,48,0,-0.265677676986952
23,49,0,0.597554619025299
23,5,0,0.0852416345797865
23,50,0,-0.195044168325614
23,6,0,0.191976716782613
23,7,0,-0.010314262375541
23,8,0,0.200573784250384
23,9,0,0.374187473210433
24,1,0.190236704476222,0.224876850763784
24,10,0,-0.147755774522669
24,11,0,-0.192006940432773
24,12,0,0.33495724043144
24,13,-0.118634767172119,0.0589389580864255
24,14,0.316592849173555,0.298336237764034
24,15,0,-0.226400746134252
24,16,0,-0.18767186112573
24,17,0,-0.115393026661322
24,18,0,0.147434892809159
24,19,0.208896799059373,0.20159461020466
24,2,0,0.353093146048871
24,20,0,-0.215608929461228
24,21,0,0.138721545092086
24,22,0,0.210824841163199
24,23,0,0.483638464376123
24,24,0,0.0242385762824328
24,25,0,0.280313117302673
24,26,0,-0.216398090145199
24,27,0,-0.180383726905165
24,28,0,0.269186678738766
24,29,0,-0.298969447806175
24,3,0.411425411247491,0.295660338805397
24,30,0,-0.320570508219808
24,31,0,-0.104963867397225
24,32,0,0.436343164445776
24,33,0,-0.0409723924037357
24,34,0,-0.0248040772319707
24,35,0,-0.392698555713703
24,36,0,-0.0255678775825891
24,37,0,-0.0123452201947914
24,38,0,-0.12071799106703
24,39,-0.0280304057263374,-0.270000863085288
24,4,0,0.463453990521956
24,40,0,-0.0921486665649997
24,41,0,-0.215015524569606
24,42,0,0.00168576262455309
24,43,0,0.0552462913808441
24,44,0,0.0509195600527556
24,45,0,-0.380660894193872
24,46,-1.2678972910131,-0.871186778382825
24,47,0,0.440614915759084
24,48,0,-0.0717764638404981
24,49,0,0.303530455789755
24,5,0,-0.0183204999647288
24,50,0,-0.149316698950514
24,6,0,0.0898851419951962
24,7,0,0.288977585918754
24,8,0,-0.155761210613571
24,9,0,-0.01079831954482
25,1,0,-0.0445241103043206
25,10,0,-0.121461382382586
25,11,0,0.119080741884085
25,12,0,-0.200608111639605
25,13,0,-0.380163937620032
25,14,0,0.179731181659268
25,15,0,0.0301291298140948
25,16,0,-0.0672711462343585
25,17,0,0.379099375255702
25,18,0,-0.462754021407119
25,19,0,0.328505659685407
25,2,0,-0.130388586832301
25,20,0,0.526740836759879
25,21,0,0.130941474224598
25,22,0,0.172628368772294
25,23,0,-0.429183232212209
25,24,0,-0.257838467227948
25,25,0,0.0882657250533418
25,26,0,0.0872485921956916
25,27,0.0836418368524204,0.314355787612887
25,28,0,0.206611694695753
25,29,0,-0.0779473096531092
25,3,0,-0.0267991632881896
25,30,0,-0.138181600064303
25,31,0,0.107855678961587
25,32,0,-0.340445337945659
25,33,0,0.499327388994805
25,34,0,0.108817955364959
25,35,0.288752040522009,0.619301787657841
25,36,0,-0.0330786745992666
25,37,0,0.112870574227946
25,38,0,-0.407729983240324
25,39,0,0.439004977643899
25,4,0,-0.0530313690218263
25,40,0,-0.098567092840299
25,41,0,0.448697075464437
25,42,0,-0.171973564770165
25,43,0,0.277717624462154
25,44,0,0.153181222327868
25,45,0,0.197298821705856
25,46,0,0.328877358703219
25,47,0,-0.25238265572528
25,48,-0.205383393658217,-0.404680428836636
25,49,0,0.257475541933101
25,5,0,-0.0179031566740391
25,50,0,-0.272629966536259
25,6,0,-0.106070963066091
25,7,0,-0.408874455522184
25,8,0,0.39371802534494
25,9,0,0.479768420338211
26,1,0,-0.337690841099079
26,10,0,-0.0296114996049391
26,11,0,0.0956262862739746
26,12,0,-0.0481025916305612
26,13,0,0.157533335696232
26,14,0,-0.00462042966161068
26,15,0,0.161977823586317
26,16,0,-0.0358512800576799
26,17,0,0.112587566678896
26,18,0,-0.165747951502435
26,19,0,-0.0326387948220945
26,2,-0.0164333695530343,-0.161177390394554
26,20,0,0.0771749325740389
26,21,0,0.110434876587821
26,22,0,-0.139937450452671
26,23,0,-0.0255681094137339
26,24,0,-0.067937115244175
26,25,0,-0.103041826185408
26,26,0,0.0655738670505995
26,27,0,0.160769310481038
26,28,0,0.199666719858265
26,29,0,-0.0183484630294489
26,3,0,-0.0606688493506191
26,30,0,0.0075960709770097
26,31,0,0.0208165178091684
26,32,0,0.0990038481189315
26,33,0,0.136004439331403
26,34,0,-0.00496103992703938
26,35,0,0.00628673132068595
26,36,0,0.185667403956938
26,37,0,0.224020836756001
26,38,0,-0.132509931510507
26,39,0,0.0564107910262549
26,4,0,0.174809510326549
26,40,0,0.138175637386124
26,41,0,0.175333994609047
26,42,0,-0.0513961293546542
26,43,0,-0.0565037420433292
26,44,0,0.0625697907245601
26,45,0,0.100597803319143
26,46,0,-0.0419462322275437
26,47,0,-0.185426058267212
26,48,0,0.154045041462732
26,49,0,0.048457262034899
26,5,0.900091146268742,0.778378143164027
26,50,0,0.285965633775439
26,6,0,0.269141443865967
26,7,0,-0.0839027727177677
26,8,0,0.0686967651196065
26,9,0,-0.0338917737035375
27,1,0,-0.0645717202146967
27,10,0,0.135515222909829
27,11,0,0.059274695476421
27,12,0,-0.182088104060907
27,13,0,0.247649517406397
27,14,0,-0.185703349944571
27,15,0,0.471339016274827
27,16,0,0.345474270433661
27,17,0,-0.160437239491762
27,18,0,-0.135165151960236
27,19,0,0.0467266762748677
27,2,0,-0.272636421060116
27,20,0,-0.0758790368569421
27,21,0,-0.0358876982826081
27,22,0,-0.32906025382464
27,23,0,0.0230281215320003
27,24,0.494057444275258,0.630350696671675
27,25,0,-0.105455170036781
27,26,0,-0.0621636663017918
27,27,0,0.0264212083766569
27,28,0,-0.230325551564985
27,29,0,0.253758814582568
27,3,0,-0.283244255729437
27,30,0,0.356566870313723
27,31,0,0.198132959358848
27,32,0,-0.0375874567468327
27,33,0,-0.0669879827873202
27,34,0,0.109701465706131
27,35,0,-0.0252723838984217
27,36,0,-0.100003390418623
27,37,0,-0.0499464805800484
27,38,0,0.38723570432495
27,39,0.437390029729297,0.270390056917565
27,4,0,-0.321183430863253
27,40,0,0.28452480987312
27,41,0,-0.185446140694284
27,42,0,0.078449329668596
27,43,0,-0.36379035866266
27,44,0,0.0245294261844522
27,45,0,0.136931172719008
27,46,0,0.195714797756004
27,47,0,-0.325887751047541
27,48,0,-0.0296786557057057
27,49,-0.26495075313792,-0.415049916421203
27,5,0,0.0581346584657692
27,50,0,0.273025260042459
27,6,0,-0.136996506147276
27,7,0,-0.10989292069929
27,8,0,-0.140024201053276
27,9,0,-0.191356920093835
28,1,0,-0.385309578291858
28,10,0,0.046570707585387
28,11,0,0.151311431131273
28,12,0,0.0279178270614418
28,13,0,-0.0656086435844781
28,14,0,-0.000645462179007604
28,15,0,0.187952634289765
28,16,0,0.222833789741362
28,17,0,0.241825253172964
28,18,0,-0.272291725379068
28,19,0,0.141941708118554
28,2,-0.623048248778055,-0.419457586176889
28,20,0,0.398771471071905
28,21,0.840627531004745,0.576652323864083
28,22,0,0.191345600376987
28,23,-0.0457784067895072,-0.361662829831331
28,24,0,-0.192215953538044
28,25,0,0.146321494366997
28,26,0.762438988763405,0.344947784631822
28,27,0,0.408760140399439
28,28,0,0.231013701659758
28,29,0,0.209338093967243
28,3,0,-0.232872119935297
28,30,0,0.0322711463387088
28,31,0,-0.00230748537970614
28,32,0,-0.113144188710529
28,33,0,0.261551372812639
28,34,0,0.00143042883754433
28,35,0,0.0492110693274527
28,36,0,0.128126664345417
28,37,0,0.119319952797262
28,38,0,-0.210672052711429
28,39,0,0.370243547325044
28,4,0,0.00368826601844547
28,40,0,-0.0566680889286793
28,41,0,0.329877470903255
28,42,0,-0.287532221553059
28,43,0,0.0290149284315115
28,44,0,0.00190152346947681
28,45,0,0.311782260661663
28,46,0,0.193789722520326
28,47,0,-0.244764041765769
28,48,0,-0.233262190653508
28,49,0,0.0512431453144464
28,5,0.0450167827258829,0.180716426488446
28,50,0,0.134477298575201
28,6,0,0.094512442368623
28,7,0,-0.288954046423406
28,8,0,0.222726065801501
28,9,0,0.221649395732032
29,1,0,0.33072585254952
29,10,0,0.0335911709684042
29,11,0,-0.150187203884759
29,12,0,-0.0363478133459422
29,13,0,0.50470367730704
29,14,0,-0.139627329469228
29,15,0,0.0375776702738892
29,16,0,0.0229019666631803
29,17,0,-0.598195023302847
29,18,0,0.33050338561122
29,19,0,-0.337485723812436
29,2,0,0.335597524549365
29,20,0,-0.434892348939796
29,21,0,-0.160142122689906
29,22,0,-0.301334429319911
29,23,0,0.228924933345495
29,24,0,0.505925475807363
29,25,0,-0.19349274032611
29,26,0,-0.0834512976803045
29,27,-0.496593676813837,-0.522092231173518
29,28,0,-0.304171019503436
29,29,-0.306610219498833,-0.0827213098541267
29,3,0,-0.0607875853873063
29,30,0.48339550952571,0.165714916972534
29,31,0,-0.0645395629356689
29,32,0,0.320103809597365
29,33,0,-0.31469714481542
29,34,0,-0.0160034557438254
29,35,0,-0.0969990541287752
29,36,0,0.00762543101109545
29,37,0,-0.107296155776675
29,38,0,0.508413973386969
29,39,0,-0.377336662149639
29,4,0,-0.1039417548658
29,40,0,0.174237424632096
29,41,0,-0.459055705652448
29,42,0,0.224036403379444
29,43,0,-0.327210315241303
29,44,0,-0.35104044218637
29,45,0,-0.29125762742272
29,46,0.643041695517573,-0.0577252526869011
29,47,0,0.151785698142933
29,48,0.0539892243795545,0.243505468909278
29,49,0,-0.182840726158254
29,5,0,-0.0517693041642967
29,50,-0.289547539563696,0.156923354764952
29,6,0,-0.168952789596837
29,7,0.123811491724005,0.456745607326512
29,8,-1.12320646740891,-0.850279173370738
29,9,0,-0.301414650967246
3,1,0,-0.0971484610683895
3,10,0,-0.00557050981405382
3,11,0,0.058762050726764
3,12,0,-0.0859812247488547
3,13,0,-0.0402120467241835
3,14,0,-0.0562591377870963
3,15,0,-0.1124538757046
3,16,0,-0.13824415322444
3,17,0,0.0763562698091713
3,18,0,0.133451671059077
3,19,0,-0.17770985459927
3,2,0,0.0770201977052354
3,20,0,0.0555671434404422
3,21,0,0.0896434995434261
3,22,0,0.203958981027773
3,23,0,-0.00741354403355027
3,24,0,-0.00842877045120287
3,25,0,0.19835236062216
3,26,0.259357108515448,0.351521665271966
3,27,0,0.0633202670076726
3,28,0,0.0297668823567496
3,29,0,-0.155320515953904
3,3,0,0.0709665413872219
3,30,0,-0.13820903816226
3,31,-0.192794509717577,-0.462025690737105
3,32,0,-0.098597181325683
3,33,0,-0.171679301468646
3,34,0,0.0870901247653333
3,35,0,0.0180018874485305
3,36,0,0.132567677473096
3,37,0,-0.0351446420973841
3,38,0,-0.103663417331587
3,39,0,-0.142361147045163
3,4,0,0.0517423242865336
3,40,0,-0.113148954836376
3,41,0,0.0594685042401433
3,42,0,-0.227433681709127
3,43,0,-0.0122955976384622
3,44,0,-0.158781964133164
3,45,0,0.0980621146221557
3,46,0,0.0458621316245611
3,47,0,0.142853936812297
3,48,0,-0.00779191955272456
3,49,0,0.049669870780782
3,5,0,-0.0485824605829231
3,50,0,0.0897589997617839
3,6,0,0.080245267583092
3,7,0,0.0807617427659096
3,8,0,0.0675096265187571
3,9,0,0.104773221487966
30,1,0,0.269737657095672
30,10,0,-0.00102685605877692
30,11,0,-0.111659062952202
30,12,0,0.230700888161369
30,13,0,0.400641661333931
30,14,0.396272010112635,0.0523551113183772
30,15,0,0.122658193641798
30,16,0,0.229133064724239
30,17,0,-0.51215069226953
30,18,0,0.435271086399826
30,19,0,-0.210582595977914
30,2,0,0.05104151730623
30,20,0,-0.723047023050154
30,21,0,-0.258714578048677
30,22,0,-0.210629171752193
30,23,0,0.343752333283155
30,24,0.0835919077390285,0.513611420338918
30,25,0,-0.0371629863938401
30,26,0,-0.217734824610799
30,27,0,-0.1979637026003
30,28,0,-0.362775115309594
30,29,0,0.20906603930266
30,3,0,-0.074556569969231
30,30,0,0.0892495777159987
30,31,0,-0.0232199670712562
30,32,0,0.316060887960512
30,33,-0.513433277856378,-0.356124223791883
30,34,0,-0.035579617527218
30,35,0,-0.352049428006044
30,36,-0.211812502552636,-0.160228194300831
30,37,0,-0.197281724625621
30,38,0,0.494848559099205
30,39,0.333686587680499,-0.2935299397073
30,4,0,-0.0503908907641556
30,40,0,0.086499750383377
30,41,-1.03118585933011,-0.917553972740902
30,42,0,0.301588330743087
30,43,0.0995488251718123,-0.304947610459007
30,44,0,-0.18440071327313
30,45,0,-0.399074977156556
30,46,0,-0.278831642200575
30,47,0,0.0908976967109342
30,48,0,0.175406064500001
30,49,0,-0.240340617607923
30,5,0,-0.214891752996693
30,50,0,0.240404130916427
30,6,0,0.0363081827029046
30,7,0,0.382728733333364
30,8,0,-0.544412428803764
30,9,0,-0.459909841067161
31,1,0,0.0160286812599181
31,10,0,0.0312351544816522
31,11,0,-0.033731615504709
31,12,-0.0191643230466642,-0.14208856573286
31,13,0,0.0542212488981004
31,14,0,0.00545937252490422
31,15,0,0.277815309135139
31,16,0,0.369799377687319
31,17,0,-0.380736586948689
31,18,0,0.180641104287847
31,19,0,-0.222476851366769
31,2,0,-0.0284204177028347
31,20,-0.291843946548507,-0.402192435642072
31,21,0,-0.192337270127685
31,22,0,-0.150245340084487
31,23,0,0.169695709173503
31,24,0,0.184460812681106
31,25,0,-0.203545134363592
31,26,0,0.124097557783128
31,27,0,-0.0609947450960293
31,28,0.335769759851174,0.22685714848233
31,29,0,0.146249277514552
31,3,0,0.417996112590232
31,30,0,0.171705922020146
31,31,0,0.0955390509939135
31,32,0,-0.0278832199922121
31,33,0,0.00769887974726212
31,34,0,-0.146197367876364
31,35,0,-0.120215662094592
31,36,0,-0.463062354949888
31,37,-0.610668501799409,-0.719850202145144
31,38,0,0.246098411960869
31,39,0,-0.144305728321688
31,4,0,-0.175029638953189
31,40,0,0.174304771149773
31,41,0,-0.221251928369713
31,42,0,0.0916183244043602
31,43,0,-0.319978998297949
31,44,0,-0.056582916302696
31,45,0,-0.21564037416916
31,46,0,-0.104388819162946
31,47,0,0.0268486085928256
31,48,0,0.109237104831567
31,49,0,-0.144812146668476
31,5,0,-0.176956757674245
31,50,0,0.0940402706031917
31,6,-0.191380588378619,-0.335143455582421
31,7,0,0.192368417315937
31,8,0,-0.134065890114345
31,9,0,-0.372839221431779
32,1,0,0.150564753913657
32,10,0,-0.157818881709979
32,11,0,-0.16355094347234
32,12,0,0.358080895209498
32,13,0,-0.212294619688511
32,14,0.720557766640158,0.542894447790504
32,15,-0.209624412680096,-0.349238167602606
32,16,0,-0.299068055296419
32,17,0,0.39480027804259
32,18,0,-0.177773097224099
32,19,0,0.331786620042794
32,2,0,0.307844944926175
32,20,0,0.421840993868048
32,21,0,0.358040658062863
32,22,0,0.581516023545357
32,23,0,-0.0798732589245881
32,24,0,-0.248403770063642
32,25,0,0.480904372974133
32,26,0,0.0788276518652469
32,27,0,0.00236349064074071
32,28,0,0.308615033328437
32,29,0,-0.359775047467893
32,3,0,-0.08305400521545
32,30,0,-0.50679111936257
32,31,0,0.0482384000943235
32,32,0,0.0666602082218674
32,33,0,0.174290518974936
32,34,0,-0.0979862180421903
32,35,0,0.0573330177738227
32,36,0,0.0709232459361401
32,37,0,0.192781840572988
32,38,0,-0.523577223600851
32,39,0,0.287644120302218
32,4,0,0.375977279007366
32,40,0,-0.455560029547592
32,41,0,0.291630690940079
32,42,0,-0.302551782785785
32,43,0,0.279503236868518
32,44,0,0.303674334384589
32,45,0,-0.0109813675174421
32,46,0,-0.0970125913651527
32,47,0,0.283890348596885
32,48,-0.615789888340088,-0.769810478355106
32,49,0,0.43031286125605
32,5,0,-0.194496563556086
32,50,0,-0.390554779093211
32,6,0,-0.00372363480497325
32,7,0,-0.263827457256178
32,8,0,0.193601104906415
32,9,0,0.617047675492258
33,1,0,0.0297426845663656
33,10,0,0.502979702750292
33,11,0,-0.10718024262714
33,12,0,-0.182699513314741
33,13,0,0.118007655067628
33,14,0,-0.303312230703173
33,15,0,0.40851803876961
33,16,0,0.307136719600934
33,17,0,0.0590395769576393
33,18,0,-0.091778834445997
33,19,-0.302530707612825,-0.378345990836501
33,2,0,-0.0945431515021201
33,20,0,0.00586846236854587
33,21,0.195264559058734,-0.0241967212377142
33,22,0,-0.327710040173418
33,23,0,-0.250683769527911
33,24,0,0.268719057339286
33,25,0,-0.230890156532796
33,26,0,0.0217422104660412
33,27,0,-0.13604184470632
33,28,0,-0.217704316834401
33,29,0,0.30353640366487
33,3,0.383928606456012,-0.0272215766866687
33,30,-0.102515664801465,0.266167255706421
33,31,0,0.118217013119092
33,32,0.0430876342327233,-0.29289436454266
33,33,-0.458939717086191,-0.404432915368372
33,34,0,-0.043592041069198
33,35,0,-0.026825297773429
33,36,0,0.00792154761690818
33,37,0,-0.207849188644843
33,38,0,0.24821707282578
33,39,0,-0.173196152837873
33,4,-0.493672948457008,-0.647293044108651
33,40,0,0.304031793671877
33,41,0,0.0312438047504466
33,42,0,0.0905668121540689
33,43,0,-0.313952839526847
33,44,0,-0.00949982905654343
33,45,0.273242020949886,0.500981072490852
33,46,0,0.362699082855972
33,47,0,-0.220160054636546
33,48,0,0.115204099299967
33,49,-0.095116422109444,-0.419021155770731
33,5,0,-0.117897752483236
33,50,0,0.131986916513446
33,6,0,0.00724846997075193
33,7,0,-0.174955702451275
33,8,0,-0.00850352963159514
33,9,0,-0.265973551940974
34,1,0,-0.0202039695585863
34,10,0,0.038873821229228
34,11,0,0.149087555503068
34,12,0,-0.0322063887029294
34,13,0,0.0421893414145984
34,14,0,0.00274175474673442
34,15,0,0.0432242251663985
34,16,0,0.142785520655215
34,17,0,-0.270925572928236
34,18,0,0.123330279080172
34,19,0,0.0969975648030103
34,2,0,-0.316844636260034
34,20,0,-0.258713807721767
34,21,0,-0.226148799382245
34,22,0,-0.112347323237819
34,23,0,-0.128999964489204
34,24,0,0.0226862936998143
34,25,0,-0.299347762056163
34,26,0,-0.414442897733121
34,27,0,-0.174620393479071
34,28,-1.08422059573283,-0.803120432612674
34,29,0,0.326834835685769
34,3,0,-0.085206420893222
34,30,0,0.216881412384207
34,31,0,0.0506279572175808
34,32,0,-0.122836364716188
34,33,0.710824969970741,0.42230197380404
34,34,0,-0.0342883488066257
34,35,0,0.0541937630214436
34,36,0,0.0232248817673791
34,37,0,-0.139789687705201
34,38,0,0.283034934388282
34,39,0,0.104251910860185
34,4,0,-0.396015896077106
34,40,0,0.0266015199574736
34,41,0,-0.37283162829157
34,42,0,0.129487869792768
34,43,0,0.0451024505535558
34,44,0,-0.277996125211262
34,45,0,-0.108283530141246
34,46,0,0.190333382541779
34,47,0,-0.206063694097571
34,48,0,0.278961227220847
34,49,0,-0.0623524155913102
34,5,0,-0.247275907329082
34,50,0,-0.0573008439001548
34,6,0,-0.0287145538816506
34,7,0.195868563598316,0.0829759236791496
34,8,0,-0.0248674268559741
34,9,0,-0.186101545552754
35,1,0,-0.331014023502559
35,10,0,0.196231646237165
35,11,0,0.124338587807447
35,12,0,-0.347374207408316
35,13,0,-0.0970405814642631
35,14,0.305328227743426,-0.0117840933403195
35,15,0,0.200870278637908
35,16,0,0.275157109440853
35,17,0.463692012116772,0.110372965223883
35,18,0,-0.164212997614874
35,19,0,-0.114533205428214
35,2,-0.139393395195744,-0.404029445076073
35,20,0,-0.101263718263717
35,21,0,-0.265909457712684
35,22,0,-0.656016822796063
35,23,0,-0.0926553886235535
35,24,0,-0.0322734535526228
35,25,0,-0.378744108525367
35,26,0,-0.170781319704624
35,27,0,0.00495214533671225
35,28,0,-0.0908381266283333
35,29,0,0.287161156600562
35,3,0,0.0262272437701095
35,30,0,0.21353872528788
35,31,0,0.125820855383448
35,32,0,-0.275466274409385
35,33,0.0950490113215781,0.024859261618885
35,34,0,0.088624028860873
35,35,0,0.120256653382611
35,36,0,-0.116246685183746
35,37,0,-0.148014865008811
35,38,0,0.435976538922664
35,39,0,-0.144683411939105
35,4,0,-0.353733519512017
35,40,0.78348644324274,0.776869746433309
35,41,0,0.0290221386208047
35,42,0,0.318439911733894
35,43,0,-0.119191500870522
35,44,0,-0.0554874493155409
35,45,0,0.0616746349823986
35,46,0,0.178462912088136
35,47,0,-0.392523153602372
35,48,0.578350767122709,0.64769237293227
35,49,0,-0.443010357978832
35,5,0,0.0734185569890607
35,50,0,0.20230840826678
35,6,0,0.0931640888464609
35,7,0,-0.00981313948824012
35,8,0,0.11662891013632
35,9,0,-0.376214078885607
36,1,0,-0.092906845251251
36,10,0,0.287772525412969
36,11,0,-0.0999639605427292
36,12,0,0.112576856304974
36,13,0,0.127161414120728
36,14,0.134029347108162,0.014261770211177
36,15,0,-0.0254439808424747
36,16,0,-0.152152635682571
36,17,0,0.177985911198708
36,18,0,-0.234777941243663
36,19,0,0.11094741079757
36,2,0.396613333385843,0.230891770581039
36,20,0,0.131921140698892
36,21,0,0.199839718936042
36,22,0,0.0722402962332555
36,23,0,-0.252666693457837
36,24,-0.298312530558753,-0.191984193390517
36,25,0,-0.116259933306445
36,26,0,-0.146621383269513
36,27,0,-0.061329079605578
36,28,0,0.0356016378975878
36,29,-0.191478095007027,-0.0549355546203041
36,3,0,-0.0444095522974963
36,30,0.411743145041823,0.198081398227624
36,31,0.867683346528601,0.549712535946518
36,32,0,0.093129884119914
36,33,0,0.122310091823877
36,34,0,0.00510665161580886
36,35,0,0.0461643520456454
36,36,0.605791359739756,0.450268645333476
36,37,0.0615010770648913,0.398530411390168
36,38,0,-0.129542461631287
36,39,0,0.143227722347274
36,4,0,0.0418555397693814
36,40,0,-0.0974647976109294
36,41,0,0.174338674107243
36,42,0,-0.232118459838832
36,43,0,0.0267589616199747
36,44,0,0.131387071143558
36,45,0,0.347462174989043
36,46,0,0.0399344530798202
36,47,0,-0.0814554931497528
36,48,0,-0.104524119387527
36,49,0,0.0842072720442541
36,5,0,0.085009306010259
36,50,0,-0.12505639717874
36,6,0,-0.163292229961344
36,7,0,-0.263745565385105
36,8,0,0.0443157670607561
36,9,0,0.00858749536538453
37,1,0,-0.141615983818112
37,10,0,0.194459544118114
37,11,0,0.0417430711331226
37,12,0,-0.000450107020806359
37,13,0,-0.177105724612217
37,14,0,0.0734947448351866
37,15,0,0.0931284686886809
37,16,0,0.095526592322326
37,17,0,0.20829138616049
37,18,0,-0.347607682127718
37,19,0,0.370070025509364
37,2,0,-0.241313707860526
37,20,0,0.180707973934266
37,21,0,0.0584389036335007
37,22,0,-0.0639288246684741
37,23,0,-0.298944523857845
37,24,0,-0.126802189410437
37,25,0,-0.00171832301014677
37,26,0,-0.211691804343695
37,27,0,0.226947385528928
37,28,0,-0.0486935577261921
37,29,0,0.214116306118741
37,3,0,-0.0575856442387108
37,30,0,0.218352903246413
37,31,0.875506937042689,0.815686257019705
37,32,0,-0.135524722620215
37,33,0,0.328132438905592
37,34,0,0.059122309221622
37,35,-0.00227436259883413,0.180499736885267
37,36,0,-0.140365885944949
37,37,0,0.0744753666247654
37,38,0,0.0449360707567499
37,39,0.255592142316766,0.50286882419797
37,4,0,-0.152774984912105
37,40,0,-0.0597741922817948
37,41,0,0.146687715952618
37,42,-0.176608151350237,-0.154230554357573
37,43,0.0577017961009594,0.0794291358938937
37,44,0,0.20992566544711
37,45,0,0.24604070654958
37,46,0,0.262580652929262
37,47,0,-0.303915966826752
37,48,0,-0.18463107342653
37,49,0,-0.0847437443224968
37,5,0,-0.17415645617398
37,50,0,-0.278689748288139
37,6,0,-0.244055213428212
37,7,0,-0.520488070888814
37,8,0,0.280717368769395
37,9,0,0.0530204378738679
38,1,-0.0997462339931139,0.295497980014588
38,10,0,-0.215982195365784
38,11,0,-0.329407761834969
38,12,0,0.145552939175122
38,13,0,0.159724095237379
38,14,0,0.274165921076189
38,15,0,-0.417802984384525
38,16,0,-0.193101522440748
38,17,0,-0.505940585400744
38,18,0,0.561069269747801
38,19,0,-0.261504584256397
38,2,0.459220154993241,0.500664248501662
38,20,0,-0.365768084364587
38,21,0,-0.147483079515814
38,22,0.128859904608242,0.093635025070189
38,23,0,0.581200311382325
38,24,-0.0152787987353078,0.255114756833836
38,25,0,0.216478340825253
38,26,0,-0.01897869512101
38,27,-0.827308520537966,-0.621783047118645
38,28,0,0.0163367063524398
38,29,0,-0.346595727953816
38,3,0,0.153365682476922
38,30,0,-0.399485296057751
38,31,0,-0.284334504877703
38,32,0,0.488593186870128
38,33,0,-0.247455248150297
38,34,0,-0.26366262383128
38,35,0,-0.172637792925993
38,36,0,-0.0696656851958366
38,37,0,-0.186857147621515
38,38,0,0.217162607716238
38,39,0,-0.490255963236161
38,4,0,0.384816918422164
38,40,0,-0.0840625202624894
38,41,0,-0.389842317483799
38,42,0,0.126451315543605
38,43,0,-0.230949365515141
38,44,0,-0.161926437672546
38,45,-0.945084119657731,-0.805050060371791
38,46,0,-0.447213642237511
38,47,0,0.522384316198494
38,48,0,0.0933352807921035
38,49,0,0.0905120134837284
38,5,0,-0.12006200477187
38,50,0,0.0103186786715273
38,6,0,0.00951386708361341
38,7,0,0.69157823643092
38,8,0,-0.487378022965178
38,9,0,-0.00211185638892474
39,1,0,0.0389500589279039
39,10,0,0.467902173119385
39,11,0,0.170610120463783
39,12,0,-0.0573681456180537
39,13,0.290590696448113,0.294129349360054
39,14,0.196030218338818,-0.218049459676179
39,15,0,0.638862132669448
39,16,0,0.505383366306616
39,17,0,-0.0736150294338335
39,18,0,-0.271312434645377
39,19,0,-0.0695948447047628
39,2,0,-0.127869728569573
39,20,0,-0.0415081397595708
39,21,0,-0.0725999204839076
39,22,-0.257066135733824,-0.484047369171818
39,23,0,-0.305517232575814
39,24,0,0.211718855792773
39,25,0,-0.507657940583436
39,26,0,-0.16096405738305
39,27,0,-0.13402827457273
39,28,0.125492321333472,-0.286767830512097
39,29,0,0.426361672613483
39,3,0,-0.13223041022679
39,30,0,0.492263648442221
39,31,0,0.203299745115776
39,32,0,-0.297159606430735
39,33,0,0.0654768509649121
39,34,0,0.0617701687730734
39,35,0,0.00500940070819086
39,36,0,-0.175424211652646
39,37,0,-0.30388138500693
39,38,0,0.313247868758208
39,39,0,0.132021547623037
39,4,-0.568826740848074,-0.763465728513014
39,40,0,0.388497580028424
39,41,0,-0.12146372155321
39,42,0,0.190553022298661
39,43,0,-0.203806862006045
39,44,0,-0.0270646058033666
39,45,0,0.350858434472392
39,46,0,0.282234041098468
39,47,0,-0.47757295741037
39,48,-0.312042321209389,-0.065024617864314
39,49,0,-0.38242697370341
39,5,0,-0.233912729178823
39,50,0,0.162188742132438
39,6,0,-0.00417596158615643
39,7,0,-0.250423140338604
39,8,0,-0.11130978341707
39,9,0,-0.244590633129496
4,1,0,-0.226855084060815
4,10,0,-0.171060260006397
4,11,0,-0.0785550461144979
4,12,0,0.0894658336874865
4,13,0,-0.278341131593824
4,14,0,0.234355894659433
4,15,0,-0.0789901555874602
4,16,0,-0.120446123311071
4,17,0,0.55323244246025
4,18,0,-0.293197109390017
4,19,0,0.401260231085057
4,2,0,-0.0638722957462804
4,20,0.542448560680254,0.668047728192858
4,21,0,0.438876242591206
4,22,0,0.452000721438551
4,23,0,-0.368491125574577
4,24,0,-0.356285646740102
4,25,0,0.224956006565437
4,26,0,0.116116185814539
4,27,0,0.296816497205652
4,28,0,0.247146939835195
4,29,0,-0.105684345613682
4,3,0,-0.0334338439860328
4,30,-0.185633058490695,-0.298936856270822
4,31,0,0.128482712559052
4,32,0,-0.147350784479645
4,33,0.297802693723904,0.545205288425678
4,34,-0.486059447391974,-0.277948584989363
4,35,0,0.271900584728479
4,36,0,0.126743167929254
4,37,0,0.211704444325991
4,38,0,-0.505435640283245
4,39,0.726534852669479,0.694189112343517
4,4,0,0.0999551269547079
4,40,0,-0.381453947916464
4,41,0,0.551273223634005
4,42,0,-0.287958753950931
4,43,0,0.198711880312596
4,44,0,0.267267399634324
4,45,0,0.305301020589835
4,46,0,0.299219649754819
4,47,0,-0.0785172507108797
4,48,0,-0.519058494938509
4,49,0,0.461076928223722
4,5,0,-0.0229422817282625
4,50,0,-0.275443047371607
4,6,0,0.005908940008172
4,7,0,-0.493736992118176
4,8,0,0.449102758680458
4,9,0,0.65416207219152
40,1,0,0.0127903678758648
40,10,0,-0.0618672505274198
40,11,0,-0.117470262655432
40,12,0,0.179403904033634
40,13,0,0.000612046867270908
40,14,0,0.0279530748969516
40,15,-0.270452113973493,-0.295739070575303
40,16,0,0.181466380460903
40,17,0,-0.477729127852727
40,18,0,0.518037551159624
40,19,0,-0.200361777951655
40,2,0,-0.0334346160882191
40,20,0,-0.361637210959369
40,21,0,-0.0129110529472159
40,22,0,-0.00117059999715673
40,23,0,0.288665382750254
40,24,0,0.137165204396903
40,25,0.60731831617398,0.323355737648435
40,26,0,-0.0617955849040416
40,27,0,-0.0809548348627213
40,28,0,-0.0829036877500376
40,29,0.467302036198998,0.265143772145213
40,3,0,-0.036823787437227
40,30,0,-0.0547377208888346
40,31,0,-0.260481334929422
40,32,0,0.442537683080298
40,33,0,-0.239721217759058
40,34,0,-0.127986600199567
40,35,0,-0.284761791720339
40,36,0,0.0146071594023035
40,37,0,-0.0713693841288611
40,38,0,0.397027223749463
40,39,0,-0.331250461078995
40,4,0,0.220499153054574
40,40,0,0.035544783950824
40,41,0,-0.406818107737024
40,42,0,0.182192797292479
40,43,0,-0.103457939134739
40,44,0,-0.389098671855194
40,45,0,-0.638703983658875
40,46,0,-0.251142235732487
40,47,0,0.208054818813838
40,48,0,0.279449597243096
40,49,0,-0.218071066646936
40,5,0,-0.203990518882308
40,50,0,0.223033757230765
40,6,0,-0.0385287433161823
40,7,0.508742493422998,0.730173757196914
40,8,0,-0.341374120093627
40,9,0,-0.122601620260485
41,1,-0.601129593803759,-0.62223084430533
41,10,0,0.158256963543608
41,11,0,0.412665281322439
41,12,0,-0.34251405924174
41,13,0,-0.0858126713882312
41,14,0,-0.13913148496844
41,15,0,0.488469844711734
41,16,0,0.515844754635274
41,17,-0.195002465636597,0.0326297984324422
41,18,0,-0.299011544327169
41,19,-0.617966449474492,-0.111598488835153
41,2,0,-0.562057017672932
41,20,0,0.103500601899673
41,21,0,-0.0639744723817624
41,22,0.222771292751074,-0.34216961243769
41,23,0,-0.361742608556272
41,24,0,-0.0511359472013646
41,25,0,-0.418609967039236
41,26,0,0.0745273548277175
41,27,0,0.416624031756526
41,28,0,-0.0535228798951364
41,29,0,0.513564270901758
41,3,0,-0.107084563564669
41,30,0,0.456540589937686
41,31,0,0.187877719649359
41,32,0,-0.381514123426395
41,33,0,0.221069915586783
41,34,0,0.0799300909746135
41,35,0,0.223985683012363
41,36,0,0.0592920875394876
41,37,0,0.0325775029759808
41,38,0,0.187895606087961
41,39,0.0176603156734626,0.247468272003075
41,4,0,-0.384469221138369
41,40,0,0.267783259431697
41,41,0,0.114057810181224
41,42,0,-0.0367793159216034
41,43,0,-0.0982257595503191
41,44,0,-0.172830426348428
41,45,0,0.169961349087857
41,46,0,0.404326899336728
41,47,-0.629725630544677,-0.827880492711527
41,48,0,0.196355424381765
41,49,0,-0.32234366801091
41,5,0,0.140715356875203
41,50,0,0.281579010632158
41,6,0,-0.0816061421506807
41,7,0,-0.257395507582147
41,8,0,0.209953546249412
41,9,0,-0.205836301701902
42,1,0,0.18929510021763
42,10,0,-0.0511339927361261
42,11,0,-0.213626864171527
42,12,0,0.0887592758152594
42,13,0,-0.170642505243466
42,14,0,-0.112229834108336
42,15,-0.11143827835955,-0.380778434128002
42,16,0,-0.184742062555891
42,17,0,-0.0770835565479778
42,18,0,0.116027995568787
42,19,0,-0.0306152941390788
42,2,0,0.153209562139777
42,20,0,-0.0312485460897919
42,21,0,0.0263475648977031
42,22,0,-0.0571743064480269
42,23,0,0.216334756177782
42,24,0,0.118499158907615
42,25,0,0.33150365101159
42,26,0,0.0204893844368627
42,27,0,-0.176884823100755
42,28,0,0.0144257374564852
42,29,0,-0.251308117878288
42,3,0,-0.0401314394716938
42,30,0,-0.187090947685585
42,31,-0.088268273223049,-0.165043637581081
42,32,0,0.173588848637424
42,33,0,-0.231868076031612
42,34,0,0.0459241992673046
42,35,0,-0.144436919998755
42,36,0,-0.15256192433862
42,37,0,0.0242391494847995
42,38,0,0.136280865779561
42,39,0,-0.229393032433808
42,4,0,0.196728251422214
42,40,0,0.0608650982386328
42,41,0,-0.0423001438174708
42,42,0,0.0229536054631166
42,43,0,-0.0173933984343788
42,44,0,0.0418754911608091
42,45,0,-0.28062448835628
42,46,0,-0.172908746335179
42,47,0,0.356522965020769
42,48,0,0.0211236668889082
42,49,-0.116342238630977,-0.12871835009461
42,5,0,-0.232844135106177
42,50,0,-0.112719820646775
42,6,0,0.0542675282195774
42,7,0,0.252559670204926
42,8,0,-0.0550675228598092
42,9,0,0.0907523932072947
43,1,0,-0.0316941851149289
43,10,0,0.130667165213121
43,11,0,0.25442796448511
43,12,0,-0.34513817381364
43,13,0,-0.25000655687519
43,14,0,-0.154737546621956
43,15,0,0.193329720096425
43,16,0,0.165951091094969
43,17,0,0.122453501318326
43,18,0,-0.21097449966844
43,19,0,0.0680267175205232
43,2,0,-0.360841274289484
43,20,0,0.223293498553165
43,21,0,-0.191385279304975
43,22,0,-0.231218411931695
43,23,0,-0.475591869255552
43,24,0,-0.0619716060996675
43,25,0,-0.284705508408557
43,26,0,-0.076188757510274
43,27,0,0.0749890149174298
43,28,-0.630354226447153,-0.624329030979604
43,29,0,0.314232585929694
43,3,0,-0.207654799979158
43,30,0,0.282882570849258
43,31,0,0.212527766450538
43,32,-0.117339412414281,-0.546066681660949
43,33,0,0.204223893108629
43,34,0,0.148018865018042
43,35,0,0.450072561135629
43,36,0,-0.106496656664131
43,37,0,-0.0193745484378778
43,38,0,0.165408493550765
43,39,0.159411809574499,0.313667322779048
43,4,0,-0.580797406160943
43,40,0,0.0625618269595814
43,41,0,0.130177358041033
43,42,0,0.0694095540452807
43,43,0,0.138073166625813
43,44,0.137671218078829,-0.0217026284144345
43,45,0,0.336079803212321
43,46,1.00595374145601,0.830235526097169
43,47,0,-0.486097755229188
43,48,0,0.0794359013334072
43,49,0,-0.245347840833535
43,5,0,-0.235226039757855
43,50,0,-0.129542341585551
43,6,0,-0.112224761493335
43,7,0,-0.365661469864628
43,8,0,0.25994681193912
43,9,0,0.0256760672456796
44,1,0,-0.117439033345663
44,10,0,0.00643890741882881
44,11,0,0.243840639055521
44,12,0,-0.0882649849272653
44,13,0,-0.169789585400603
44,14,0,-0.140258590093175
44,15,0,0.30317762336082
44,16,0,0.360058490091256
44,17,0,0.00830967097175321
44,18,0,-0.232797911104907
44,19,0,0.119348071744848
44,2,0,-0.374327019810548
44,20,0.0969901823928068,0.20950922591931
44,21,0,0.0097774589249914
44,22,0,-0.000611371415312403
44,23,0,-0.100349362044707
44,24,0,-0.113323473891713
44,25,0,-0.134719150814445
44,26,0,0.0920673213488046
44,27,0.602181428369523,0.539113948364701
44,28,0,0.0906254116613389
44,29,0,0.206694681012451
44,3,-0.606184490648935,-0.0598759458610411
44,30,0,0.321158060208211
44,31,0,0.0510212030375264
44,32,0,-0.294104827629253
44,33,0,0.185227409159679
44,34,0,0.0265207038067759
44,35,0,0.0276525212467449
44,36,0,-0.38593663043513
44,37,-0.620620859081294,-0.367192959470398
44,38,0,-0.0686832747865245
44,39,0,0.222928718451462
44,4,0,-0.212578207671918
44,40,0,0.126576892668336
44,41,0,0.157961974619408
44,42,0,-0.0618490612019138
44,43,0,0.0241890772069799
44,44,0,-0.0453226255952179
44,45,0,0.0603610596065271
44,46,0,0.146177591405106
44,47,0,-0.255210876008198
44,48,0,-0.19169967583366
44,49,0,-0.0924938680595974
44,5,0,-0.153683952827016
44,50,0,0.0876986581744946
44,6,0,-0.0816045604813732
44,7,0,-0.128127043115998
44,8,0,0.348899632338291
44,9,0,0.0226743880429105
45,1,0,-0.0597429972896178
45,10,0,0.330085710548696
45,11,0.151653091748705,0.452044122724889
45,12,0.12583382768651,0.0193566375845654
45,13,0,0.22460813889723
45,14,0,-0.442870307069206
45,15,0,0.386879788405142
45,16,0,0.392174218601061
45,17,0,-0.281262434393534
45,18,0,-0.163641236623877
45,19,0,-0.0268747270213561
45,2,0,-0.282645940164188
45,20,-0.4865126962378,-0.371798356509376
45,21,0,-0.171394231812256
45,22,0,-0.361365768121322
45,23,-0.51773191090835,-0.340325768551892
45,24,0,-0.0292921127637099
45,25,0,-0.465044487176288
45,26,0,-0.233289413385977
45,27,0,0.245811500426729
45,28,0,-0.249296880999175
45,29,0,0.455905738729296
45,3,0,-0.00935775280114865
45,30,0.583770404391708,0.838315359398729
45,31,0,0.21594652881097
45,32,0,-0.17447130306638
45,33,0,0.125976847166286
45,34,0,0.245864164106899
45,35,0,-0.152289836115508
45,36,0,-0.193034719057767
45,37,0,-0.0923296807220314
45,38,0,0.2891048439882
45,39,0,0.104789960886772
45,4,0,-0.452190773250321
45,40,0,0.305572814612649
45,41,0,-0.300985222141626
45,42,0,0.13372269459567
45,43,0,0.0206664176650843
45,44,0,-0.200367969410253
45,45,0,0.154439663574766
45,46,0,0.100286504619053
45,47,0,-0.475118880916752
45,48,0,0.195421118138435
45,49,0,-0.331982773490873
45,5,0,-0.0977009744467868
45,50,0,0.295159711168775
45,6,0,-0.192183295408723
45,7,0,-0.054533885465094
45,8,0,-0.0580186578251266
45,9,0,-0.510557452911434
46,1,0,-0.115314405750112
46,10,0,0.118264972852622
46,11,0,0.114007881837523
46,12,0,-0.322477114376018
46,13,0,0.127478085336266
46,14,0,-0.20255552715231
46,15,0,0.329070782206618
46,16,0,0.31395244605853
46,17,0,-0.280048967836205
46,18,0,-0.0751076471467509
46,19,0,-0.324801681405627
46,2,0,-0.220532923299272
46,20,0,-0.312511420353984
46,21,0,-0.422976296827658
46,22,-0.41496657362516,-0.876597631378634
46,23,0,0.111473114845778
46,24,0,0.202748386705297
46,25,0,-0.40669800600267
46,26,0,-0.181997894001911
46,27,0,-0.0825644073663627
46,28,0,-0.137796039423363
46,29,0,0.190938714260332
46,3,0,-0.00292374297975162
46,30,0,0.381647900706311
46,31,0,0.157053170744403
46,32,0,-0.0368677024648278
46,33,0,-0.257038188117041
46,34,0,0.0945895147640417
46,35,0,0.0168430802251115
46,36,0,-0.275947986463372
46,37,0,-0.139527916869675
46,38,0,0.597691993327326
46,39,0,-0.307781888530371
46,4,0,-0.222193473703938
46,40,0,0.674217974392508
46,41,0,-0.168450055088149
46,42,0,0.373840786615425
46,43,0,-0.252808844529834
46,44,0,-0.0926163989760873
46,45,-0.0684339629807474,-0.199063926374949
46,46,0,0.0705174231215989
46,47,0,-0.404060874708419
46,48,0,0.545475257270419
46,49,0,-0.593934110298232
46,5,0.104214590305813,0.16743161301081
46,50,0,0.303362344525666
46,6,0,-0.00845687901962273
46,7,0,0.203575392190939
46,8,0,-0.166668188736073
46,9,0,-0.478410088013158
47,1,0,-0.0257735295281476
47,10,-0.0981236045752943,-0.322762440184596
47,11,0,0.0540193836496519
47,12,0,0.0522961881828545
47,13,-0.526247226400052,-0.471393726705747
47,14,0,0.163695463233058
47,15,0,-0.29377365153363
47,16,0,-0.453583177341808
47,17,0,0.533308382524567
47,18,0,-0.350764140773721
47,19,0,0.29205067831542
47,2,0,0.09936349295955
47,20,0,0.521897660104962
47,21,0,0.279215532852316
47,22,0,0.594025981266965
47,23,0,-0.192472408410777
47,24,0,-0.464823609077466
47,25,0,0.352900691105229
47,26,0,0.189441960027653
47,27,0,0.291018178564144
47,28,0,0.448490535554994
47,29,0,-0.413286371253309
47,3,0,0.0374338274239703
47,30,0,-0.343551770979354
47,31,0,-0.133106533781284
47,32,0,-0.215858686806608
47,33,0,0.353427396727785
47,34,0,0.00126759189140304
47,35,0,0.292169030088731
47,36,0,0.0999500269354308
47,37,0,0.331826639853989
47,38,-1.00414219812543,-0.945470069345603
47,39,0,0.267257581599384
47,4,0,0.274627300081896
47,40,0,-0.456926651267118
47,41,0,0.520294065924924
47,42,0,-0.31281322730458
47,43,0,0.436372197753866
47,44,0,0.378000118019179
47,45,0,0.297782484280271
47,46,0,0.0168736078292194
47,47,0,0.165111993655784
47,48,0,-0.426525318105057
47,49,0,0.609135714414639
47,5,0,0.138925871742139
47,50,0,-0.41814444245644
47,6,0,0.113261182258389
47,7,0,-0.385296381493137
47,8,0,0.628845210770181
47,9,0,0.478800707787759
48,1,0,-0.0913333296417873
48,10,0,-0.170048260264074
48,11,0,-0.376530073405349
48,12,0,-0.0168370497104347
48,13,0,-0.0327709684399078
48,14,0,0.102385076453019
48,15,-0.735991916540023,-0.688783552070093
48,16,0,-0.430450832257927
48,17,0,-0.209664874992038
48,18,0,0.471947254894814
48,19,0,-0.284355344452384
48,2,-0.102243751672794,0.0855331220614669
48,20,0,-0.35936858028793
48,21,0,-0.232111977840344
48,22,0,0.101449539757709
48,23,0,0.462516451330439
48,24,0,0.308331105667595
48,25,0,0.31773119228256
48,26,0,0.0216823365238711
48,27,0,-0.303388410254984
48,28,0,-0.0540263193344473
48,29,0,-0.410749521697114
48,3,0,0.00918169477851921
48,30,0,-0.235634900094016
48,31,0,0.0356837135439137
48,32,0,0.318906935010882
48,33,0,-0.281479777403699
48,34,0,-0.347600688273732
48,35,0,-0.102044509192873
48,36,0,0.0101981255404755
48,37,0,0.0419531806204144
48,38,0,0.152017373964784
48,39,0,-0.471269692073443
48,4,0,0.253930251197765
48,40,0,-0.046449841526222
48,41,0,-0.239539779594585
48,42,0,0.0533764854517633
48,43,-0.582115093064698,-0.393132308469116
48,44,0,-0.0546033383127005
48,45,0,-0.4714339189879
48,46,0,-0.220934645804557
48,47,0,0.518464346818489
48,48,0.119054498668575,0.363442486091959
48,49,0,-0.0286283282881487
48,5,0,0.0721913686567862
48,50,0,0.0262533998874281
48,6,0,0.0359126507897663
48,7,0,0.438660345070597
48,8,0,-0.118190012954551
48,9,-0.12690122379662,-0.204837319890539
49,1,0,-0.150820896627597
49,10,0,0.284230412874703
49,11,0,0.148425817621227
49,12,0,-0.0786446945681822
49,13,0,-0.128484784896216
49,14,0,-0.184177255108742
49,15,-0.100023282398778,0.196646822054766
49,16,0,-0.0593677295320823
49,17,0.0966388715507093,0.639393578715932
49,18,0,-0.50799010937282
49,19,0,0.23920701988919
49,2,0,-0.0420722823348281
49,20,0,0.465378361587506
49,21,0,0.315434263481894
49,22,0,0.0967036671886661
49,23,0,-0.481250015599753
49,24,0,-0.289712363113712
49,25,0,0.0152878878260658
49,26,0.237922000344293,0.13121578632677
49,27,0,0.20367676956105
49,28,0.061340349677314,0.13152328477123
49,29,0,0.0574147357546584
49,3,0.299953186202457,-0.00921217307344706
49,30,0,0.0888107221377555
49,31,0,0.12250623100544
49,32,0,-0.430092973393066
49,33,0,0.0671696518282038
49,34,0,0.251623734356181
49,35,0,0.141997440848685
49,36,0,0.185927124931211
49,37,0,0.185191306317698
49,38,0,-0.400208647149959
49,39,0,0.372867022302108
49,4,0,-0.228101370058033
49,40,0,-0.0353186008063349
49,41,0,0.527786285698965
49,42,-0.260752708112888,-0.324600814243172
49,43,-0.0155434551315983,0.264082776248758
49,44,0,0.319807468588814
49,45,0.683452741897604,0.881461584014758
49,46,0,0.259616872207383
49,47,0,-0.215215376377246
49,48,0,-0.236861795031079
49,49,-0.113567929386236,0.0405465567069393
49,5,0,0.105078627343316
49,50,0,-0.213781505279816
49,6,0,0.0929670425807632
49,7,0,-0.694185734426889
49,8,0,0.473412697316495
49,9,0,0.146421417961876
5,1,-0.315022547785586,-0.505202915796883
5,10,0,0.0545311051828366
5,11,0,0.00245777726251259
5,12,0.265118911004005,0.37126538054689
5,13,0,0.0584254306752781
5,14,0,0.108770431902312
5,15,0,-0.101477662262136
5,16,0,0.0187919610682107
5,17,0,0.11951097905902
5,18,0,0.0140531783197899
5,19,0,-0.000672395487291433
5,2,0,-0.157300534131597
5,20,0,0.0269392887120065
5,21,0,0.16346403598105
5,22,0,0.050251879703931
5,23,0,0.0400003630235985
5,24,0,-0.00960863712886574
5,25,0,0.0431794952567683
5,26,0,-0.152431616262184
5,27,0,0.271477423183913
5,28,0,0.0789201819578344
5,29,0,0.0356680274367519
5,3,0,0.0248157148554202
5,30,0,0.0962470748675674
5,31,0,0.261446228816644
5,32,0,0.243830550410528
5,33,0.0422664789858199,0.148135023359173
5,34,0,-0.246247996639781
5,35,0,-0.280523489192282
5,36,0,0.173705831389217
5,37,0,0.122039042853589
5,38,0,0.0379536612824985
5,39,0,0.164618347589771
5,4,0,0.132102269021186
5,40,0,-0.0433233000082685
5,41,0,0.026298044049782
5,42,0,-0.145081184541023
5,43,0,-0.0967916807654546
5,44,0,0.157702515795922
5,45,0,0.0118131225971188
5,46,0,-0.105056813178092
5,47,0,0.0184679718793616
5,48,0,-0.0976423380170481
5,49,0,0.0290523710555611
5,5,0,0.13227273116486
5,50,0,0.102998304168108
5,6,0,0.0363798616323744
5,7,0,-0.0638436666985407
5,8,0,0.146019160090914
5,9,0,0.0293656131787269
50,1,0,0.0824167526853733
50,10,0,-0.0609531312158765
50,11,0,-0.28369880468448
50,12,0,0.533397163100718
50,13,0,0.316567022337985
50,14,0,0.0161002587547627
50,15,0,-0.1802370390375
50,16,0,-0.18309105493352
50,17,0,-0.18181948990947
50,18,0,0.221173164096766
50,19,0,-0.0707749711923684
50,2,0,0.259671519563366
50,20,0,-0.122892770300105
50,21,0,0.323219385266072
50,22,0,0.0874278184531446
50,23,0,0.295036612490269
50,24,0,0.213021776975762
50,25,0,0.398741697097413
50,26,0,-0.170134574890782
50,27,0,-0.085802157826726
50,28,0,0.0475352111827058
50,29,0,-0.219272841856125
50,3,-0.793645685177023,-0.348589269759174
50,30,0,-0.142628392956806
50,31,0,-0.105814993855454
50,32,0.978768725649391,0.868699269708402
50,33,0,-0.316198152990247
50,34,0,-0.17881102233373
50,35,0,-0.432894331821695
50,36,0,0.154448450822265
50,37,0,0.319919038218332
50,38,0,0.0640443533286217
50,39,0,-0.0438706430097967
50,4,0,0.489857689680357
50,40,0,-0.179013983517117
50,41,0,-0.221691207585364
50,42,0,-0.031767216298113
50,43,0.0139106002415612,-0.0919185753674619
50,44,0,0.061167891269643
50,45,0,-0.289495344206155
50,46,0,-0.442732820106379
50,47,0,0.371427595356373
50,48,-0.0825240353560575,-0.192935574837916
50,49,0,0.0185658698717963
50,5,0,0.117931392530723
50,50,0,0.139692907419266
50,6,0,0.0435958733523387
50,7,0,0.353483161936637
50,8,0,-0.347445529918536
50,9,0,0.194537953889046
6,1,0,0.0896672623921906
6,10,0,0.00584202683127776
6,11,0,0.0161072910162782
6,12,0,0.190871186314692
6,13,0,0.0393518524031548
6,14,-0.81966456214269,-0.591792259462064
6,15,0,-0.137236698100173
6,16,0,-0.150233646607534
6,17,0,0.0706457399972824
6,18,0,-0.173220166348881
6,19,0,0.0347078364526895
6,2,0,0.10106683590786
6,20,0,0.363526394530572
6,21,0,0.228725859074372
6,22,0,0.101725021635039
6,23,0,-0.0185456369706496
6,24,0,-0.0575394982754888
6,25,0,0.180303921804831
6,26,0,-0.0566708119151028
6,27,0,0.274263878761248
6,28,0,0.200636866613487
6,29,0,-0.120573139169728
6,3,0,-0.077476454869541
6,30,0,0.237013566343113
6,31,0,-0.0486983606784473
6,32,0,0.212965917426981
6,33,0,-0.111662925836084
6,34,0,0.104954711636738
6,35,0,-0.0485230402747783
6,36,0,-0.0390304498211065
6,37,0,0.219870389544446
6,38,0,-0.131420016575017
6,39,0,0.210314115479022
6,4,0.13133022251405,0.271421537211066
6,40,0,-0.0701282030785728
6,41,0,0.297485922004282
6,42,0,-0.180392286592765
6,43,0,0.1379267000457
6,44,0,0.111002620891867
6,45,0,0.117518988224343
6,46,0,0.0179656703539235
6,47,0,0.0714503554444224
6,48,0,-0.266364348387725
6,49,-0.0149744120490438,-0.0224165840750847
6,5,0,0.180200964895145
6,50,0,0.0613895819893387
6,6,0,-0.0913850739371833
6,7,0,-0.010943998070633
6,8,0,0.120800577991995
6,9,0.189383262603402,0.305469285973728
7,1,0,0.110307638654506
7,10,0,-0.304355779607834
7,11,0,-0.357542988849673
7,12,0,0.200520276051948
7,13,0,-0.222566787176998
7,14,0,0.48789790776122
7,15,0,-0.605871944954826
7,16,0,-0.58398831600091
7,17,-0.161322694492378,0.262397293636996
7,18,0,0.209022634282598
7,19,-0.0882504920843668,0.0816465292232058
7,2,0,0.351495532483809
7,20,0,0.180903134904884
7,21,0,0.230904452950448
7,22,0,0.485884879860417
7,23,0.0245333876342943,0.224593695937128
7,24,0,-0.11625082083996
7,25,0.667099974375747,0.648899611389791
7,26,0,0.147934530480697
7,27,0,-0.157258863841385
7,28,0,0.295300577434452
7,29,0,-0.510748572757048
7,3,0,-0.170361404037171
7,30,-0.902584189915803,-0.850963751653548
7,31,0,-0.204584765092942
7,32,0,0.350223635488658
7,33,0,-0.124105627727875
7,34,0,-0.147953155348571
7,35,0,0.0153028495975528
7,36,0,0.371098919428254
7,37,0.912511796145609,0.501762861946762
7,38,0,-0.392261721845183
7,39,0,-0.0854844017646015
7,4,0,0.643659118899805
7,40,0,-0.467563249993329
7,41,0,0.142270622907877
7,42,0,-0.120425855509947
7,43,0,0.168192569083402
7,44,0,0.162041008535953
7,45,0,-0.223816689889183
7,46,0,-0.254630046388749
7,47,0,0.543119841001053
7,48,0,-0.196902749379658
7,49,0,0.430533544536042
7,5,0,0.106655377479858
7,50,0,-0.29764413422272
7,6,0,0.23678470388953
7,7,0,0.118401750537055
7,8,0,-0.0155718119528191
7,9,0,0.502523660831405
8,1,0,-0.307274793287846
8,10,0,0.0859821460091844
8,11,0,0.252565868783678
8,12,-0.439959156213452,-0.535476502546594
8,13,0,-0.0768352905949292
8,14,0,-0.313684534698777
8,15,0,0.497096293651895
8,16,0,0.420395314890617
8,17,0,-0.0717260711251056
8,18,0,-0.150424982684756
8,19,0,-0.151208539093268
8,2,0,-0.58645972969766
8,20,0,-0.0568877053931272
8,21,0,-0.38174404078401
8,22,0,-0.301157280300023
8,23,0.14380577143235,-0.0588170264608353
8,24,0.275700012559801,0.325421199323294
8,25,0,-0.38477272820887
8,26,0,0.15640143692666
8,27,1.00469386718574,0.516016410379712
8,28,0,-0.140317133886284
8,29,0,0.380660466617189
8,3,0,-0.0767222255643668
8,30,0,0.544463384587452
8,31,0,0.143660061765827
8,32,0,-0.369946857479946
8,33,0,0.00278348782342263
8,34,0,0.0730567178869885
8,35,0,0.184203813099327
8,36,0,-0.115837549464824
8,37,0,-0.167251590321635
8,38,0,0.276585819323525
8,39,0,0.0713649466495731
8,4,-0.489335026472846,-0.577878954526963
8,40,0,0.291694961345199
8,41,0,0.00169853114670453
8,42,0,0.0581007963488886
8,43,0,-0.327097882352311
8,44,0,-0.190086180963724
8,45,0,0.141426050864591
8,46,0,0.397579995384224
8,47,0,-0.499527127481303
8,48,0,0.257171302396614
8,49,0,-0.35309927083006
8,5,0,0.0750941720433967
8,50,0.265398046327334,0.374203390395761
8,6,0,-0.161795063427487
8,7,0,-0.0848160251957273
8,8,0,0.139382424802621
8,9,0,-0.321806862592646
9,1,0,-0.159659552496277
9,10,0,0.189965952526602
9,11,0,0.335345023768318
9,12,0,-0.275352786585941
9,13,0,-0.220932170328404
9,14,0,-0.136194002765119
9,15,0,0.424097935809719
9,16,0,0.297797922837911
9,17,0,0.413677812688898
9,18,-0.30038609464233,-0.70196634342976
9,19,0,0.323861533100997
9,2,0,-0.169863543462495
9,20,0.619602767202546,0.675009920077395
9,21,0,0.231399518174221
9,22,0,-0.25793026714019
9,23,0,-0.531361862407604
9,24,0,-0.247163373732826
9,25,0,-0.239965883572478
9,26,0,-0.0854799146865617
9,27,-0.575989941982305,0.17409518567256
9,28,0,-0.00115626494003327
9,29,0,0.278807696760776
9,3,0,-0.166747054090702
9,30,0,0.241903418362676
9,31,0,0.178248214199092
9,32,0,-0.476558251818147
9,33,0,0.242200611818871
9,34,0,0.305513383906749
9,35,0,0.408079658585442
9,36,0,0.0622768274966386
9,37,0,0.161588747472334
9,38,0,-0.118115403526075
9,39,0,0.403871299066324
9,4,0,-0.327186372478079
9,40,0,0.21227203236597
9,41,0,0.52053409812205
9,42,0,-0.157959753272873
9,43,0,0.231944249150524
9,44,0,0.104706653024494
9,45,0,0.491876420648825
9,46,0,0.454599625278536
9,47,-0.47527590876576,-0.748301261639622
9,48,0,-0.240620104391273
9,49,0,-0.183979864809714
9,5,0,0.0525151703670575
9,50,0,-0.133791083055128
9,6,0,-0.0738456518654598
9,7,0,-0.586482691393755
9,8,0,0.363865904550035
9,9,0,0.247029546772097
