eq,variable,betas_dgp,cov_estimate
1,1,0,0.0619931739003294
1,10,0,-0.0317282432854058
1,11,0,-0.0425945006062848
1,12,0,0.0812037438680837
1,13,0,0.0471781194302152
1,14,0,-0.0466474872940379
1,15,0,-0.100474197501884
1,16,0,0.0401306246223345
1,17,0,0.0576388518369905
1,18,0,0.0261952182297965
1,19,0,-0.137793671016988
1,2,0,0.0957252457487138
1,20,0,-0.0477551165263554
1,21,0,0.0261236300464063
1,22,0,-0.135193318953494
1,23,0,0.0737799789245738
1,24,0,-0.00432576303479677
1,25,0,0.042009310588163
1,26,0,0.011069157014517
1,27,0,0.0188969323981852
1,28,0,0.00188197420120688
1,29,0,-0.239148110331678
1,3,0,-0.144759007897658
1,30,0,-0.0931172960052957
1,31,0,-0.133593801164224
1,32,0,-0.000294674844399102
1,33,0,0.105479054474521
1,34,0,-0.0425618038799427
1,35,0,-0.00191801787673058
1,36,0,0.0351723926713316
1,37,0,-0.0296174845052977
1,38,0,-0.000195675429565655
1,39,0,-0.150135614610206
1,4,0,-0.219469161318418
1,40,0,0.188913472162527
1,41,0,-0.0347207690745934
1,42,0,-0.223479058829807
1,43,0,-0.0844194877756072
1,44,0,-0.0789564646020978
1,45,0,-0.0573747514866943
1,46,0,0.11026778638753
1,47,0,0.139565933447454
1,48,0,0.148020684338542
1,49,0,0.022099371747861
1,5,0,0.00110655037051388
1,50,0,0.0664638264864568
1,6,0,-0.100011195788485
1,7,0,0.0591386812827026
1,8,0,-0.0474852143635419
1,9,0,0.113894938470794
10,1,0,-0.372122565742348
10,10,0,-1.31796118775652
10,11,0,0.921907853830971
10,12,0,1.28002794500289
10,13,0,1.0388058692544
10,14,0,0.298085957424143
10,15,0,-1.18786491301824
10,16,0,0.220719517892118
10,17,0,0.190246935235413
10,18,0,0.035292371124928
10,19,0,1.12660499141205
10,2,0,0.011514174832011
10,20,0,0.223812863686698
10,21,0,-0.575313340132237
10,22,0,0.63940205035747
10,23,0,0.0946863815068944
10,24,0,-0.569256689561528
10,25,0,-0.286399087464697
10,26,0,-0.262183830333228
10,27,0,0.577244151439231
10,28,0,-0.0115808729419561
10,29,0,-1.21793227028803
10,3,0,0.181527328030311
10,30,0,-0.629901597421587
10,31,0,-0.110329319002987
10,32,0,0.195404220785301
10,33,0,0.980298681689903
10,34,0,-0.144084501029386
10,35,0,1.23088121349736
10,36,0,-0.304288225153507
10,37,0,-0.351123848458607
10,38,0,-0.39968526654402
10,39,0,-0.456825747846901
10,4,0,-2.4476191687382
10,40,0.172461810390024,3.78917121739484
10,41,0,0.240742168978251
10,42,0,0.400036260469558
10,43,0,0.00851994415572971
10,44,0,-0.075029045847546
10,45,0,0.121619449083947
10,46,0,1.36155649306712
10,47,0.701705199635313,2.92534760317767
10,48,0,1.6016568446383
10,49,0,0.20154055735601
10,5,0,-0.323869580084583
10,50,0,-0.630624832828516
10,6,0,0.216495648937097
10,7,0,-0.0893973035127136
10,8,0,0.735603712785056
10,9,0,-0.485539817713024
11,1,0,0.0299370194186695
11,10,0,0.608509848293844
11,11,0,-2.43030541662823
11,12,0,-0.921642236135321
11,13,0,-3.14815094997212
11,14,0,-0.262409619978257
11,15,0,2.27286334129691
11,16,0,0.295199745159776
11,17,0,-0.046979101071932
11,18,0,0.167027251233428
11,19,0,-0.390363825098192
11,2,0,-0.0270946493014743
11,20,0.935409527360063,2.34193871333886
11,21,0,1.59802369245499
11,22,0,-0.563747246283789
11,23,0,0.0343482763935873
11,24,0,0.406357484957286
11,25,0,-0.15301881101505
11,26,0,-0.154168414333422
11,27,0,-0.365646682208659
11,28,0,3.47682200596245
11,29,0,-0.33275957572452
11,3,0,-0.0346254454127553
11,30,0,-0.143631503260761
11,31,0,-0.098429484193435
11,32,0,-0.099838639670945
11,33,0,-1.54381138475533
11,34,0,-0.0104645892341704
11,35,0,-1.1255639953569
11,36,0,1.45758215443883
11,37,0,-0.0405968044300076
11,38,0,0.146296213677959
11,39,0,0.79068577372673
11,4,0,0.592860914873479
11,40,0,-2.30753217263966
11,41,0,-5.62800663216413
11,42,0,-1.28241965552303
11,43,0,0.123553504675626
11,44,0,-0.0874521988492643
11,45,0,-0.159833759633783
11,46,0,-1.10117859769138
11,47,0,0.0866377374103281
11,48,0,1.24928236646526
11,49,0,-0.352713907847761
11,5,0,-0.566713681874382
11,50,0,1.52940506911352
11,6,0,-0.234225356774557
11,7,0,-0.237244409268946
11,8,-0.888627338204667,-2.63730469856006
11,9,0,-0.614893819606947
12,1,0,0.0112299603914123
12,10,0,1.04355057364622
12,11,0,-0.543607181446261
12,12,0,-0.397765499203849
12,13,-0.289366133651092,-4.26514138047366
12,14,0,-0.19704922176831
12,15,0,2.35772748155018
12,16,0,0.197605191476509
12,17,0,-0.00430889049334132
12,18,0,0.0179625631627225
12,19,0,-0.172512137821514
12,2,0,0.0836468021056743
12,20,0,0.702200592563221
12,21,0,-0.809709723331874
12,22,0,-0.445740050435845
12,23,0,0.191409742975001
12,24,0,-0.2156020401262
12,25,0,0.233669899198945
12,26,0,0.0351900372538047
12,27,0,-0.635201467804529
12,28,0,3.46042469951868
12,29,0.0391814577595975,0.792315454344722
12,3,0,-0.837475007829197
12,30,0,0.970892441855223
12,31,0,0.0622664505473346
12,32,0,-0.40576331695409
12,33,0,-2.356501407946
12,34,0,0.112358930121215
12,35,0,-0.808542110698424
12,36,0,1.51791324330452
12,37,0,-0.14763993169682
12,38,0,0.0586123406050206
12,39,0,0.618933264382902
12,4,0,-0.449355345358773
12,40,0,-0.472475454359061
12,41,0,0.2827464009064
12,42,0,-0.509203685344961
12,43,0,-0.0372423957567496
12,44,0,-0.0348533482167075
12,45,0,-0.0462546543312958
12,46,0,-0.881200933193405
12,47,0,-1.08061806768866
12,48,-0.325977492205584,-1.06597120316116
12,49,0,-0.220229830415969
12,5,0,1.35723198720594
12,50,0,1.57645789605085
12,6,0,-0.237756436674945
12,7,0,0.0650733780684697
12,8,0,-0.162200001358208
12,9,0,0.0347650706982846
13,1,0,0.092775493425822
13,10,0,0.268973872017807
13,11,0,-2.55277946689763
13,12,0,-2.56115128530995
13,13,0,3.99684796950462
13,14,0,-0.453861560114486
13,15,0,-1.66538087855333
13,16,0,-0.261519118075355
13,17,0,-1.22657931073661
13,18,0,-0.462506822179668
13,19,0,-2.43156026109821
13,2,0,-0.45633884792585
13,20,0,1.00629199026834
13,21,0.50250942328327,9.24842632566425
13,22,0,-1.0755642281838
13,23,0,-1.85514600696919
13,24,0,5.61307475996653
13,25,0,-0.136221571277624
13,26,0,-0.0854986266050513
13,27,0,0.475474960063978
13,28,0,-4.98254695595202
13,29,0,1.757956561132
13,3,0,1.99699993673012
13,30,0,0.339374372384768
13,31,0,-0.199893674139869
13,32,0,-0.108218875906434
13,33,0,0.620281770856671
13,34,0,-0.0611063874236029
13,35,0,-0.181846091781024
13,36,0,-1.84757128961603
13,37,0,0.0232337461483263
13,38,0,0.232385264660518
13,39,0,0.851642658814042
13,4,0.715510859925501,14.4532536793634
13,40,0,-12.1194553698538
13,41,0,-9.33223964203672
13,42,0,-1.46057243878089
13,43,0,-0.0939089119295863
13,44,0,0.0523377195991821
13,45,0,-0.231396539618315
13,46,0,-0.665350709538578
13,47,0,1.201691314147
13,48,0,-1.68698114511878
13,49,0,-1.09736992082374
13,5,0,-1.53058765266241
13,50,0,-2.34195344357389
13,6,0,0.0888696413320082
13,7,0.175620168418149,-0.187624790788119
13,8,0,-0.99421408373524
13,9,0,2.11608316469534
14,1,0,-0.0772164612574946
14,10,0,0.0505719160680608
14,11,0,-0.0812722997233219
14,12,0,-0.0832408139593849
14,13,0,-0.262563373661135
14,14,0,0.0383451335579186
14,15,0,0.216465420496675
14,16,0,0.131032881158769
14,17,-0.1638730378824,-0.0856610863893937
14,18,0.170154048878387,-0.0334653586158624
14,19,0,-0.308417180089497
14,2,0,-0.0318627121444635
14,20,0,0.252663269134832
14,21,0,0.229896596806864
14,22,0,-0.12423611199479
14,23,0,0.00288756113740026
14,24,0,0.107542025637157
14,25,0,0.0378777803284357
14,26,0,-0.0198059597748675
14,27,0,-0.0726502394328722
14,28,0,0.41676722290449
14,29,0,0.160750569409947
14,3,0,-0.082563205591994
14,30,0,0.13050532988379
14,31,0,0.029979098473
14,32,0,-0.0570241936105339
14,33,0,-0.321874674805253
14,34,0,-0.0847822388927996
14,35,0,-0.15492015038925
14,36,0,0.139072077540108
14,37,0,-0.0283940550698166
14,38,0,0.0176252328225147
14,39,0,0.263056590768578
14,4,0,0.245991268669314
14,40,0,-0.301971473979938
14,41,0,-0.599770772824236
14,42,0,-0.0359283646600054
14,43,0,0.0269150480206911
14,44,0,0.0439734480365642
14,45,0,0.0982438990088067
14,46,0,-0.187625138958297
14,47,0,-0.0223564958478692
14,48,0,0.0925764226857285
14,49,0,-0.139655478009238
14,5,0,-0.0928881378508056
14,50,0,0.235274200291538
14,6,0,-0.137459332576541
14,7,0,-0.0958133146473762
14,8,0,-0.181600982313874
14,9,0,0.0376175207164385
15,1,0,0.00267247882631334
15,10,0,-1.19383713745459
15,11,0,2.4729051562758
15,12,0,2.21298946985712
15,13,0,-1.62614784290818
15,14,0,0.368012387230326
15,15,0,0.201872948603443
15,16,0,-0.039248846541217
15,17,0,0.291043875908566
15,18,0,0.103666663692512
15,19,0,0.986334990888135
15,2,0,0.240587592177791
15,20,0,-0.718370378578141
15,21,0,-4.5750886116384
15,22,0,0.648090446035396
15,23,0,0.815495172583336
15,24,0,-3.28260093789964
15,25,0,-0.0715986360216442
15,26,0,0.085490267076725
15,27,0,0.396609111304034
15,28,0,2.63345748660295
15,29,0,-1.5155665838807
15,3,0,-1.0942603683908
15,30,0,-0.542460627888699
15,31,0,-0.0894157198269386
15,32,0,0.378262949709422
15,33,0,-0.0601534971437566
15,34,0,-0.0504858086843878
15,35,0,0.825824608158292
15,36,0,0.925205004606062
15,37,0,-0.141915167234537
15,38,0,-0.248885579660453
15,39,0,-1.36486856688957
15,4,0,-7.37012270791584
15,40,0.627242472787577,9.5494805865141
15,41,0,5.68771837999449
15,42,0,1.18647538244395
15,43,0,0.00622329428345016
15,44,0,-0.193597932964394
15,45,-0.22912523659439,0.145686674818807
15,46,0,1.30562536537919
15,47,0,0.679163549516766
15,48,0,1.97504622674141
15,49,0,0.207569186856009
15,5,0,0.230869304255294
15,50,0,0.713577111416016
15,6,0,0.142312836870657
15,7,0,0.14236314483777
15,8,0,1.2296289923241
15,9,0,-0.11367380760314
16,1,0,-0.0246470482454458
16,10,0,-0.14406773188072
16,11,0,0.109019458994141
16,12,0,0.00624913060298206
16,13,0,0.258311869269253
16,14,0,0.106163960066748
16,15,0,0.327036787746883
16,16,0,-0.163857988736601
16,17,0,0.0320071868201519
16,18,0,-0.177820823871488
16,19,0,-0.530095103509702
16,2,0.204030995070612,0.0754295949249485
16,20,0,0.0142159437241565
16,21,0,0.0115785507582523
16,22,0,-0.126338419701612
16,23,0,0.0550382733663891
16,24,0,0.00727766715048428
16,25,0,0.104271366128433
16,26,0,-0.0528739377676226
16,27,0,0.060898285164177
16,28,0,-0.000193537597178335
16,29,0,-0.00772692170582299
16,3,0,-0.11750863511412
16,30,0,-0.141983498437871
16,31,0,0.27693888932645
16,32,0.750355461529496,0.669018692122054
16,33,0,0.494298832089773
16,34,0,0.178051361728799
16,35,0,0.142757671378084
16,36,0,0.206930718630837
16,37,0,0.0560913969177165
16,38,0,0.111803861119405
16,39,0,0.138113991447026
16,4,0,0.104964756123493
16,40,0,0.0183861523596979
16,41,0,-0.526275099158956
16,42,0,0.548766424737986
16,43,0,0.265418748102305
16,44,1.28636459320458,0.470509730503056
16,45,0,0.310370380865579
16,46,0,-0.0567234276042521
16,47,0,0.100627071763262
16,48,0,0.289263160084482
16,49,0,0.119814846217085
16,5,0,-0.786891175850114
16,50,0,0.246395385116147
16,6,0,0.102596802888691
16,7,0,0.104394955896268
16,8,0,0.252660823953779
16,9,0,0.125820276434716
17,1,0,-0.0147496904579466
17,10,0,0.352000992294071
17,11,0,-0.0828068108838979
17,12,0,0.0505334541243796
17,13,0,-0.657866934067234
17,14,0,-0.0917490151421936
17,15,0,0.263483203444104
17,16,0,-0.0268341631623764
17,17,0,0.169524228583282
17,18,0,0.0474059130073254
17,19,0,0.513418641920921
17,2,0,-0.0732460059171993
17,20,0,0.121134682342173
17,21,0,0.0122617652219932
17,22,0,0.274388299131516
17,23,0,0.0132022750649763
17,24,0,0.144005871238359
17,25,0,0.0506966950108999
17,26,0,0.118090288519602
17,27,0,-0.258325737616354
17,28,0,1.20921878600888
17,29,0,-0.00786927756756724
17,3,0,-0.15117164570722
17,30,0,0.30105802296258
17,31,0,0.111190232527351
17,32,0,-0.0832409722291006
17,33,0,-0.109034005494936
17,34,0,0.00803156408782821
17,35,0,0.00267267938641217
17,36,0,0.383963170134585
17,37,0,-0.0152785146936387
17,38,0,-0.0726254342281231
17,39,0,0.125525362281901
17,4,0,-0.00177118732635519
17,40,0,-0.214692873662819
17,41,0,-0.283990850916992
17,42,0,-0.11031770556107
17,43,0,-0.0441632214750894
17,44,0,0.0205250281944637
17,45,0,0.0215506528885095
17,46,0,0.118897273605305
17,47,0,-0.0212124930237669
17,48,0,-0.048353808871218
17,49,0,0.0426048793851648
17,5,0,0.56777238660361
17,50,0,0.295889864395969
17,6,-0.491029335622223,-0.424324877110376
17,7,-0.366549967959011,-0.487321702870272
17,8,0,0.0557527565579271
17,9,0,-0.44622799912312
18,1,0,-0.0308890511908596
18,10,0,0.230478926471982
18,11,0,-0.147533018826243
18,12,0,0.0172234332450748
18,13,0,-0.500899277325886
18,14,0,-0.0272065783401561
18,15,0,0.339176015277799
18,16,0,0.0084591341546426
18,17,0,0.0668899198984204
18,18,0,-0.0300206475229126
18,19,0,0.392154226682474
18,2,0,-0.121296139062862
18,20,0,0.139293461958472
18,21,0,-0.0563778856231548
18,22,0,0.167724103526726
18,23,0,-0.0452714222836199
18,24,0,0.118388376566601
18,25,0,0.0474227037063595
18,26,0,0.0360205589298903
18,27,0,-0.134998040808244
18,28,0,0.630336028127644
18,29,0,-0.0614956931778833
18,3,0,-0.187501056048094
18,30,0,-0.0178742383625482
18,31,0,0.0563776591052684
18,32,0,0.0401741062309332
18,33,0,-0.210911737468265
18,34,0,-0.0389059096582558
18,35,0,-0.0280263665489761
18,36,0,0.266611286269207
18,37,0,0.0195387936818369
18,38,0,-0.0188492192233827
18,39,0,-0.00618696295762391
18,4,0,-0.14936462559827
18,40,0,0.0442841942140058
18,41,0,0.00218541337230274
18,42,0,-0.120475358912722
18,43,0,-0.0223659188648178
18,44,0,0.0297022631505007
18,45,0,0.0441562924596337
18,46,0,-0.193906063591231
18,47,0,-0.00804550870756968
18,48,0,0.0502592160913337
18,49,0,0.0192325678835281
18,5,0,0.320418500411873
18,50,0,0.138341048094228
18,6,0,-0.0938515174565974
18,7,0,-0.068695436434083
18,8,0,0.138180725447232
18,9,0,-0.501903891047529
19,1,0,-0.0544441511834647
19,10,0,0.904566409120918
19,11,0,-1.29706932625861
19,12,0,-1.59273209754814
19,13,0,-0.314687127773295
19,14,0,0.141738589133087
19,15,0,0.710931925277243
19,16,0,0.966933841251192
19,17,0,-0.0173389078341139
19,18,0,-0.156049243228101
19,19,0,1.15225546773656
19,2,0,0.383666196200461
19,20,0,0.545520579955793
19,21,0,0.427362510374679
19,22,0,0.370559555002078
19,23,0,0.526773442782852
19,24,0,1.00409003389943
19,25,0,0.304330527156948
19,26,0,-0.197454213092317
19,27,0,-1.0357309897715
19,28,0,1.51907978319214
19,29,0,0.730801179438679
19,3,0,1.16427424403441
19,30,0,0.511532950268802
19,31,0,0.324068251837892
19,32,0,-0.0677954217365515
19,33,0,-0.0943828351854562
19,34,0,0.215801782328419
19,35,0,-0.997328348776334
19,36,0,0.138082189201247
19,37,0,-0.495423439424067
19,38,0,-0.11479603059247
19,39,1.33677253916552,4.95304866340305
19,4,0,0.391960682087397
19,40,0,-2.46261189294034
19,41,0,-2.15431174050537
19,42,0,-0.287000280112276
19,43,0,-0.0403259297584076
19,44,0,0.253125364006766
19,45,0,0.369903742378335
19,46,0,-1.14280375637079
19,47,0,-0.218228023168333
19,48,0,-0.676808788508056
19,49,0,0.230798687089924
19,5,0,1.0900607601044
19,50,0,1.20130524952126
19,6,0,0.0122816666502359
19,7,0,-0.457131932296557
19,8,0,-0.20278530523843
19,9,-0.0888309907890927,-2.00340846418485
2,1,0,0.0305097217179901
2,10,0,-0.298277325365848
2,11,0,-0.103992082857433
2,12,0,0.127319229289897
2,13,0,-0.356641737125084
2,14,0,-0.0183706444950272
2,15,0,0.0544804278282265
2,16,0,-0.0582940917280179
2,17,0,0.0220211308632019
2,18,0,0.0461035401406537
2,19,0,-0.0306457134643224
2,2,0.0456432519654738,0.0555575218169065
2,20,0,0.092048241325276
2,21,0,-0.276620465357488
2,22,0,-0.0530515944464282
2,23,0,-0.143959214763682
2,24,0,-0.158215117261838
2,25,0,-0.00474005310642
2,26,0,0.0571293280034176
2,27,0,0.155313947813572
2,28,0,0.68420371824139
2,29,0,-0.147011332463447
2,3,0,-0.050182163285166
2,30,0,-0.0266079740023718
2,31,0,-0.022069355660747
2,32,0,0.00580403647213383
2,33,0,-0.0259157601619071
2,34,0,0.000902949914735237
2,35,0,-0.135014802625869
2,36,0,0.216976513960135
2,37,0,-0.0139903349531184
2,38,0,-0.0301917545958321
2,39,0,-0.079809766704998
2,4,0,-0.0333464899186299
2,40,0,0.186670641123928
2,41,0,-0.14790827179461
2,42,0,0.398650228325972
2,43,0.55467261156935,0.279687665309391
2,44,0,0.0616680823216369
2,45,0,-0.00858307260158392
2,46,0,0.0803681446588639
2,47,0,0.15473461147878
2,48,0,0.363969792363532
2,49,0,-0.00229852878951524
2,5,0,-0.164202642945976
2,50,0,0.295092049589591
2,6,0,-0.121992546366371
2,7,0,-0.021356661099798
2,8,0,-0.053296815617623
2,9,0,0.126440051520022
20,1,0,0.0626518127059496
20,10,0,0.0659574979701772
20,11,0,1.77646084604371
20,12,0,0.473978096156534
20,13,0,0.582969446786814
20,14,0,0.0964745049764765
20,15,0,-0.680368541305186
20,16,0,0.0125441837512515
20,17,0,0.302855626019273
20,18,0,0.12528578690555
20,19,0,0.607495743837137
20,2,0,0.0930097993969212
20,20,0,-1.4748665881762
20,21,0,-2.12309888042651
20,22,0,0.29972936675364
20,23,0,0.0667302322016656
20,24,0,-1.10534348459211
20,25,0,0.0192959497029633
20,26,0,-0.0463557156595885
20,27,0,0.208687794801012
20,28,0,-1.73569152914249
20,29,0,0.182598895162864
20,3,0,-0.611720484192343
20,30,0,-0.0470083449299595
20,31,0,-0.146013243899528
20,32,0,-0.319520537444242
20,33,0,-0.016477652673194
20,34,0,-0.0787010056352226
20,35,0,0.0517224467110023
20,36,0,-0.686336687453913
20,37,0,-0.0667752956775738
20,38,-0.258946092562122,-0.281792779287957
20,39,0,-0.53777189628638
20,4,0,-2.41390093507121
20,40,0,2.72573188817347
20,41,0.258343879741628,6.66984408727775
20,42,0,0.57874469514543
20,43,0,-0.0592973600715263
20,44,0,0.168051750441846
20,45,0,0.195213753828574
20,46,0,1.0398824971225
20,47,0,-0.470867426296634
20,48,0,-0.293807188773449
20,49,0,0.284295777286272
20,5,0,0.961567036996604
20,50,0,-0.187282991275525
20,6,0,-0.0597584394658879
20,7,0,0.272889668636651
20,8,0,0.492545723093464
20,9,0,0.319324692533901
21,1,0,0.0228457676829888
21,10,0,-0.282366779243969
21,11,-0.255042528239989,-0.262523057633412
21,12,0,-1.10195968264611
21,13,0,7.59926750405131
21,14,0,-0.0133306288370685
21,15,0,-3.36454214034994
21,16,0,0.287770580060301
21,17,0,0.048374975487077
21,18,0,0.0328808635326527
21,19,0,-2.17035805038146
21,2,0,-0.189406898956038
21,20,0,-1.29674251752442
21,21,0,2.41967478783055
21,22,0,-1.36754207649098
21,23,0,-0.595591024263702
21,24,0,1.60329086629291
21,25,0,-0.138971707957923
21,26,0,-0.20307363207132
21,27,0,-0.0872571960408539
21,28,-0.553743227816153,-13.7015280907221
21,29,0,1.0899930577926
21,3,0,0.89418298587484
21,30,0,-0.837043766636621
21,31,0,-0.160255002104481
21,32,0,-0.206997554600404
21,33,0,2.20421530460441
21,34,0,-0.368439452664533
21,35,0,0.92202588219015
21,36,0,-4.37861127735514
21,37,0,0.198537976788703
21,38,0,0.0495622016115068
21,39,0,-0.282540178584914
21,4,0,2.75475621764206
21,40,0,-2.71128792665452
21,41,0,2.93938537764176
21,42,0,-0.910323901679101
21,43,0,-0.0796784696155855
21,44,0,0.252925312820559
21,45,0,0.0930334875343584
21,46,0,0.500007701355298
21,47,0,0.83188272670016
21,48,0,-1.83546095105378
21,49,0,0.0895283699110982
21,5,0,-0.610397054494404
21,50,0,-4.00448036899225
21,6,0,0.229666783130151
21,7,0,0.6166680440219
21,8,0,-0.0527053584499256
21,9,0,1.97676605540114
22,1,0,-0.0439639079006983
22,10,0,0.443763897411238
22,11,0,-1.01154900289121
22,12,0,-1.1228778223187
22,13,0,-0.152126013195762
22,14,0,0.11550381836468
22,15,0,0.446125494206551
22,16,0,0.594759139098357
22,17,0,-0.174079822967107
22,18,0,-0.140024999027273
22,19,0,-0.228545931309014
22,2,0,0.355828658751037
22,20,0,0.426428914780332
22,21,0,0.319426055144737
22,22,0,-0.307884979427476
22,23,0,0.30870654617321
22,24,0,0.694378020392288
22,25,0,0.2336822076371
22,26,0,-0.114131214656895
22,27,0,-0.451138195601466
22,28,0,0.494265557573368
22,29,0,0.529352890587785
22,3,0,0.801977358461642
22,30,0,0.624365048555342
22,31,0,0.278489010539263
22,32,0,-0.0336849577588049
22,33,0,-0.0967762042854918
22,34,0,0.113723888761947
22,35,0,-0.687988542834427
22,36,0,0.15821668714985
22,37,0,-0.177691583390059
22,38,0,0.0617434795900757
22,39,0.895301374942174,3.22467272983193
22,4,0,1.10965337396651
22,40,0,-2.1204959486909
22,41,0,-1.65816449286172
22,42,0,-0.352118689108074
22,43,0,-0.0622931619643194
22,44,0,0.137034506482518
22,45,0,0.141331569110514
22,46,0,-0.768276968034638
22,47,0,-0.112439600682467
22,48,0,-0.799030347475754
22,49,0,-0.046923635443082
22,5,0,0.4626646396736
22,50,0,0.679645388063592
22,6,0,0.00930400610096896
22,7,0,-0.183329747562917
22,8,0,-0.230904246806453
22,9,0,-0.300498878712449
23,1,0,0.0247062507419144
23,10,0,-0.148072235462832
23,11,0,0.332686161473233
23,12,0,-0.145930755947401
23,13,0,-0.281526285680042
23,14,0,-0.0730246298267965
23,15,-0.276485809411555,-0.471689155503196
23,16,0,-0.0915802972417829
23,17,0,-0.0383931830432362
23,18,0,-0.027067685151057
23,19,0,0.141266660233997
23,2,0,0.266378183122429
23,20,0,-0.123723630234637
23,21,0,-0.583721898044172
23,22,0,0.124109566886611
23,23,0,0.232173567524937
23,24,0,-0.19790413933638
23,25,0,-0.0123677229346369
23,26,0,-0.122169911175766
23,27,0,0.107498772855734
23,28,0,1.72118723273314
23,29,0,-0.3001806274736
23,3,0,0.25684241779353
23,30,0,0.416743799806515
23,31,0,-0.0257518871187346
23,32,0,-0.0346973684821418
23,33,0,0.365432910687309
23,34,0,0.0852745263870963
23,35,0,-0.247525115927081
23,36,0,0.47111222087331
23,37,0,-0.100445674074586
23,38,0,-0.214301592790579
23,39,0,0.266391341831584
23,4,0,-0.385588777895595
23,40,0,0.271767731771959
23,41,0,0.56851838869723
23,42,0,0.112125980300212
23,43,0,-0.0370505660018876
23,44,0,0.0092234814418296
23,45,0,0.171935820481455
23,46,0,0.258714683200478
23,47,0,-0.194072860139822
23,48,0,0.144081176117321
23,49,0,0.240291013315857
23,5,0,0.068401774607592
23,50,0.470942602898244,1.14399411864722
23,6,0,-0.106871658513394
23,7,0,-0.110364226371545
23,8,0,-0.02916172046487
23,9,0,-0.100717080154976
24,1,0,0.093632694830377
24,10,0,-0.415649441123053
24,11,0,0.865187467726859
24,12,0,-0.442886872286325
24,13,0,5.5933959495236
24,14,0,0.0886140609272129
24,15,0,-2.90133419516829
24,16,0,0.0508695816968518
24,17,0,0.0175327886073026
24,18,0,0.0209475945162736
24,19,0,0.567773530676537
24,2,0,-0.195067259169867
24,20,0,-1.12407482951762
24,21,0,1.7227080710175
24,22,0,0.392076957315748
24,23,0,-0.365443888653122
24,24,0,1.09758462754967
24,25,0,-0.160599179132224
24,26,0,-0.0033149990342351
24,27,0,-0.0305748696883416
24,28,0,-7.71456329506251
24,29,0,0.521336525650169
24,3,0,0.856100233662465
24,30,0,-0.106187644480426
24,31,0,-0.245364037873505
24,32,0,-0.501671795424629
24,33,0,1.72290425868311
24,34,0,-0.199807357811075
24,35,0,0.687107920393586
24,36,-0.913900277369874,-3.62215275989379
24,37,0,-0.198704069097786
24,38,0,-0.168175412339965
24,39,0,-0.211352677376551
24,4,0,1.6392298935716
24,40,0,-1.72798107860955
24,41,0,2.18748389057584
24,42,0,-0.396525611371214
24,43,0,-0.14291757419834
24,44,0,0.115846207756723
24,45,0,0.049969685387772
24,46,0,1.05126720229622
24,47,0,0.420071675386645
24,48,0,-1.32048117334027
24,49,0,0.177867985660484
24,5,0,0.215607834366507
24,50,0,-2.86815794509279
24,6,0,0.0447187546129813
24,7,0,0.0980940541391139
24,8,-0.223749840116875,-0.212077213235263
24,9,0,0.040420384624796
25,1,0,0.0830449415979491
25,10,0,-0.291331055168846
25,11,0,0.420121464775592
25,12,0,0.263235021376377
25,13,0,0.0632362828316521
25,14,0,0.0410736500487536
25,15,0,-0.415847533936394
25,16,0,0.0196523065296952
25,17,0,0.0685450565547552
25,18,0,0.0260114989378844
25,19,0,0.398072808490072
25,2,0,-0.0138412258023759
25,20,0,-0.121376632563721
25,21,0,-0.258289565239799
25,22,0,0.277774207147424
25,23,0,0.13144367047923
25,24,0,-0.136457390231703
25,25,0,-0.00211923770821455
25,26,0,0.0595709454228714
25,27,0,0.170811925793557
25,28,0,0.477773736436891
25,29,0,-0.315259042231293
25,3,0,-0.025114101441641
25,30,0,0.0599111441669641
25,31,0,-0.0713895361696747
25,32,0,-0.0466391402711198
25,33,0,0.219780208485435
25,34,0,-0.0653156730516782
25,35,0,0.0984840021019336
25,36,0,0.0298962874524345
25,37,0,-0.0862953273756567
25,38,-0.254518178318417,-0.141148096875022
25,39,0,-0.203780345710674
25,4,0,-0.539621554992641
25,40,0,0.754578673525644
25,41,0,0.456508876166343
25,42,0,0.044411673905276
25,43,0,-0.0368681579183221
25,44,0,-0.0387708828650435
25,45,0,0.0943606168381469
25,46,0,0.359488561848323
25,47,0,0.0754366493436635
25,48,0,0.291420430646693
25,49,0,0.0757695665605331
25,5,0,0.215857402067514
25,50,0,-0.0253395584673593
25,6,0,-0.000483828124202589
25,7,0,-0.0290248630410334
25,8,0,0.109970943067281
25,9,0,-0.165839396677142
26,1,0,-0.0230581532531569
26,10,0,0.0698693414107949
26,11,0,0.0468153623569183
26,12,0,0.0906688633605966
26,13,0,-0.369785252704778
26,14,0.110592428624473,0.140993108371446
26,15,0,0.288793373327292
26,16,0.112067684661923,0.180319715394944
26,17,0,-0.0501321974286252
26,18,0,-0.0533130051658475
26,19,0,-0.00527767329880395
26,2,0,0.00093108446573485
26,20,0,-0.0261524672800674
26,21,0,-0.171668494737895
26,22,0,0.0360814463910007
26,23,0,0.0759377352962246
26,24,0,-0.102635706304841
26,25,0,-0.0336841646759089
26,26,0,0.0584427675594669
26,27,0,-0.0846597072282771
26,28,0,0.439413878000433
26,29,0,-0.19668887133862
26,3,0,-0.179484686828173
26,30,0,-0.0606592540849072
26,31,0,-0.0409414243251492
26,32,0,-0.0608503675176668
26,33,0,-0.145046334991006
26,34,0,-0.00495092586967372
26,35,0,-0.102757301650716
26,36,0,0.25235414796684
26,37,0,0.048418061111368
26,38,0,-0.00401804418450083
26,39,0,-0.179689212899616
26,4,0,-0.460066844863224
26,40,0,0.49372601015949
26,41,0,0.205313249465525
26,42,0,-0.196237589856442
26,43,0,-0.0119199778228656
26,44,0,-0.0775902447174698
26,45,0,-0.0526873526227247
26,46,0,-0.128961535222031
26,47,0,0.0106485535416186
26,48,0,0.108418522413966
26,49,0,-0.0943813005765691
26,5,0,0.158625913570956
26,50,0,-0.00702114426987032
26,6,0,0.0130181972145449
26,7,0,0.0715030957252855
26,8,0,-0.144926804987896
26,9,0,-0.204496928972123
27,1,1.2528361745922,0.466202917110441
27,10,0,0.782091360612411
27,11,0,-0.795718753941956
27,12,0,-0.3646595355222
27,13,0,-1.06311941489351
27,14,0,-0.200771381373005
27,15,0,1.06526354629032
27,16,0,0.114140502482015
27,17,0,-0.0412486329880812
27,18,0,0.0410374661120347
27,19,0,-0.585549927577824
27,2,-1.01353237060113,-0.385433675213832
27,20,0,0.106919812106182
27,21,0,0.171750723841727
27,22,0,-0.237869903164051
27,23,0,-0.0651973882477371
27,24,-0.546494928007227,-0.444966229038943
27,25,0,0.18193275802723
27,26,0,0.21321323331453
27,27,0,-0.265356995250547
27,28,0,0.392627795598789
27,29,0,0.605336117956748
27,3,0,-0.33095916152431
27,30,0,-0.204534484682622
27,31,0,-0.0811334356706826
27,32,0,-0.0510674889493161
27,33,0,-0.871027924167438
27,34,0,-0.111057926684021
27,35,0,-0.807185285649837
27,36,0,0.274721603623597
27,37,0,0.227428287209751
27,38,0,0.220414490950114
27,39,0,-0.218290059381502
27,4,0,0.901011762987331
27,40,-0.29345888755336,-1.66263295946361
27,41,0,-0.426670818709641
27,42,0,0.0357124106408032
27,43,0,0.0440972493079849
27,44,0,-0.0602051357127679
27,45,0,-0.321659055759644
27,46,0,-0.498625650142657
27,47,0,-1.28088046145147
27,48,0,-0.3953486272399
27,49,0,-0.14140869445466
27,5,0,-0.219852619712881
27,50,0,-0.0140876184255564
27,6,0,-0.231873419815585
27,7,0,0.222321442868094
27,8,0,-0.701591451257931
27,9,0,0.374321736099063
28,1,0,-0.200446441858866
28,10,0,0.773171909981469
28,11,0,1.83205513153221
28,12,0,2.23945659711455
28,13,0,-5.1609305205261
28,14,0,0.452950514532438
28,15,0,3.18074540359701
28,16,0,0.810917687892709
28,17,0,1.06181500625049
28,18,0,0.516689948830239
28,19,0,1.07280337197742
28,2,0,0.944780481183986
28,20,0,-1.35145964012017
28,21,-1.71079367176941,-14.0056108563986
28,22,0,-0.443580031915138
28,23,0,1.64740331894202
28,24,0,-6.65539131910028
28,25,0,0.458017993279106
28,26,0,0.328108776153041
28,27,0,-0.486569506157994
28,28,0,7.36904560021884
28,29,0,-0.652545862460884
28,3,0,-1.81950943021224
28,30,0,1.04222679757426
28,31,-1.02910217933319,-0.288951213532081
28,32,0,-0.913435289799196
28,33,0,-1.57228903004394
28,34,0,0.441557104375221
28,35,0,-2.55151667831048
28,36,0,2.7735410702991
28,37,0,0.13738738677541
28,38,0,0.0132294449118384
28,39,0.815302036761714,2.23035889014804
28,4,0,-11.09928887785
28,40,0,10.9275939453213
28,41,0,12.4586314769681
28,42,0,3.35154799400273
28,43,0,0.280627079439434
28,44,0,0.249813518768024
28,45,0,0.214345881816281
28,46,0,-0.912774210213824
28,47,0,-2.635703843155
28,48,0,-0.449536591416403
28,49,-0.150022389002978,0.268664841379072
28,5,0,3.69905168697481
28,50,0,3.74312709290319
28,6,0,0.0444277953299473
28,7,0,0.466670220838467
28,8,0,1.02919074222961
28,9,0,-1.09459954799694
29,1,0,0.0185639374602613
29,10,0,-1.252571353727
29,11,0,0.519225088252764
29,12,0,0.591537939146907
29,13,0,1.5296741623504
29,14,0,0.0249499400599246
29,15,0,-1.58649147746918
29,16,0,0.0301217446621986
29,17,0,0.0893911107910968
29,18,0,0.00123554502334254
29,19,0,1.18488171744634
29,2,0,-0.0509422300550418
29,20,0,-0.170668313118044
29,21,0,0.914205038049174
29,22,0,0.951988319770591
29,23,0,0.265753988138261
29,24,0,0.480057862298271
29,25,0,-0.146357362387261
29,26,0,-0.00354967632394287
29,27,0,0.30038313563226
29,28,0,-1.14019511427477
29,29,0,-0.716048215988719
29,3,0,0.687846285298365
29,30,0,0.102129728287
29,31,0,-0.0661668439879739
29,32,0,0.190358342016472
29,33,0,1.17855239708118
29,34,0,-0.0760773790247075
29,35,0.864202733309542,2.61017325040782
29,36,0,-0.587577119343961
29,37,0,-0.0833042855091531
29,38,0,-0.15543596728464
29,39,0,-0.749096371011575
29,4,0,-0.793004055653363
29,40,0,1.17696689050012
29,41,0,-0.77550654534986
29,42,0,0.206053505678543
29,43,0,-0.0855767530521556
29,44,0,-0.0378989463964354
29,45,0,0.141093992243784
29,46,0,1.078000608972
29,47,0,0.89447885052177
29,48,0,0.402916199033144
29,49,0,0.0883155939161312
29,5,0,-0.251877336878536
29,50,0,-1.3939961735426
29,6,0,0.100826785769614
29,7,0,-0.152953840325348
29,8,0,0.767516130689658
29,9,0,-0.58833214486476
3,1,0,0.102000562789397
3,10,0,-0.394829677586569
3,11,0,-0.284381670450948
3,12,-0.527313988810472,-0.913270691390677
3,13,0.384391290582902,2.52201613875681
3,14,0,-0.097394899178376
3,15,0.550100581008981,0.014890869300435
3,16,0,0.112504726228617
3,17,0,-0.141085844597098
3,18,0,0.0480948285161908
3,19,0,-1.45115383411066
3,2,0,-0.0535323330789704
3,20,0,-0.107929844208791
3,21,0,1.22654719209298
3,22,0,-0.77849649585523
3,23,0,-0.491736237222703
3,24,0,0.795359575915533
3,25,0,0.213249595381671
3,26,0,0.140025596035329
3,27,0.826898339624738,1.45307682582115
3,28,0,-2.70126323187819
3,29,0,0.283290950798581
3,3,0,0.911556217876775
3,30,0,-0.150447947655208
3,31,0,-0.107509622160309
3,32,0,0.111322051727989
3,33,0,1.00767830931702
3,34,0,0.0891578650803758
3,35,0,-0.285339133457263
3,36,0,-0.939954154445091
3,37,-0.14674078417004,0.155290626124241
3,38,0,0.0969883364027352
3,39,0,0.138995329049355
3,4,0,2.9253622581668
3,40,0,-2.36588134744948
3,41,0,-0.725271730734192
3,42,0,0.669629385960187
3,43,0,0.380390530542626
3,44,0.453063478616271,0.323461817094914
3,45,0,-0.0142546842997081
3,46,0,-0.0178882597875595
3,47,0,-0.0166639334463095
3,48,0,0.0677518312707822
3,49,-0.192103574309236,-0.274480183860812
3,5,0,-1.50754713356079
3,50,0,-0.429539131288861
3,6,0,0.101993371919915
3,7,0,0.514920411893901
3,8,0,-0.358960034771261
3,9,0,1.33025096139493
30,1,0,-0.0953720023994297
30,10,-0.309405513967105,-0.932614861885016
30,11,0,-0.257140419285752
30,12,0,-0.0973222676211504
30,13,0,1.30940996517714
30,14,0,0.180511439107859
30,15,0,-1.27696240667544
30,16,0,0.435642568481206
30,17,0,0.154297512749827
30,18,0,0.0691328178136546
30,19,0,2.8165156202854
30,2,0,-0.119787960047483
30,20,-0.547531351120087,-0.684468846489695
30,21,0,-0.404788238593797
30,22,0,1.79999329837796
30,23,0,0.146154379735211
30,24,0,-0.345046330335172
30,25,0,-0.185937668077875
30,26,0,-0.116380488801766
30,27,0,-0.0332387974089518
30,28,0,0.773989394959399
30,29,0,-0.849730767395975
30,3,0,0.238639075303776
30,30,0,-0.286184949301033
30,31,0,0.00240602498199096
30,32,0,-0.0977881107865187
30,33,0,0.931939093176937
30,34,0,-0.175197653593936
30,35,0,0.241952142178747
30,36,0,-0.4162725137683
30,37,0,-0.069012904583353
30,38,0,-0.0768966476175446
30,39,0,0.0870926922895828
30,4,0,-1.76143451414746
30,40,0,0.483664429663833
30,41,0,1.152465489838
30,42,0,-0.191441893649366
30,43,0,-0.101614850515547
30,44,0,0.0125277678552613
30,45,0,0.0328452851265194
30,46,0,0.318356744897202
30,47,0,-0.204147846825735
30,48,0,0.707371801391993
30,49,0,0.262504647223028
30,5,0,-0.14616294181667
30,50,0,-0.420881873482735
30,6,0,-0.0808144733648691
30,7,0,0.018255155192475
30,8,-0.63176786090114,-1.28718348047
30,9,-0.483868500016804,-2.94345711701399
31,1,0,-0.0101204427349103
31,10,0,-0.179084001408097
31,11,0,0.112326875199461
31,12,0,0.122286469595149
31,13,0,0.269654718714219
31,14,0,0.08225848287272
31,15,0,-0.239150541143373
31,16,0,-0.0550270238527005
31,17,0,0.0563276941369284
31,18,0,0.0902977433611603
31,19,0,0.199542095844
31,2,0,-0.0579352617913671
31,20,0,-0.0835302598169852
31,21,0,-0.282887022819501
31,22,0,0.0662096701352163
31,23,0,0.0340960316235993
31,24,0,-0.100544294967852
31,25,0,0.00839880680016986
31,26,0,0.02589227492792
31,27,0,0.0670247557466793
31,28,0,0.0154560084109723
31,29,0,-0.0048792323927192
31,3,0,-0.059731035631083
31,30,0,0.134888178306587
31,31,0,0.0984359038412494
31,32,0,-0.0567409915007377
31,33,0,0.251176493093665
31,34,0,-0.0737480480715388
31,35,0,-0.00861466548693276
31,36,0,-0.0739789153675689
31,37,0,-0.0289306221610293
31,38,0,-0.0429713936972697
31,39,0,-0.0728614798094775
31,4,0,-0.441439282211726
31,40,0,0.464911323538273
31,41,0,0.430757315597067
31,42,0,0.16805447966594
31,43,0,0.0147478830491383
31,44,0,-0.0395640863568607
31,45,0,0.0579073555232333
31,46,0,0.23680308154982
31,47,0,-0.0290554635639216
31,48,0,-0.109204353590859
31,49,0,-0.00827727730824109
31,5,0,0.267662640751153
31,50,0,-0.1078457842201
31,6,0,-0.0193342277554027
31,7,0,-0.115217766474533
31,8,0,0.111597590681583
31,9,0,-0.0246596722959635
32,1,0,0.0381876730401266
32,10,0,0.0266053755270074
32,11,0,0.122429950404855
32,12,0,0.0256706730960425
32,13,0,-0.320337195103848
32,14,0,-0.107499244110114
32,15,0,0.0409330779294852
32,16,0,-0.207492618354089
32,17,0,-0.0516687143900824
32,18,0,0.0872595851448567
32,19,0,-1.45216595149171
32,2,0,0.0733381760052189
32,20,0,-0.137315757022358
32,21,0,-0.397465580056181
32,22,0,-0.936478479491003
32,23,0,-0.0728257970989401
32,24,0,-0.350902174180513
32,25,0,0.0503720649283656
32,26,0,0.0452136869674619
32,27,0,0.253291700066658
32,28,0,-0.553516178278326
32,29,0,0.318645452874485
32,3,0,-0.062109270312599
32,30,0,0.19899103349495
32,31,0,0.0509788761398807
32,32,0,-0.0387996212460007
32,33,0,-0.203110579576293
32,34,0,-0.0605064247600556
32,35,0,-0.425529453541673
32,36,0,0.0647215464068805
32,37,0,0.037372354271257
32,38,0,-0.0163956848224731
32,39,0,-0.221998660449167
32,4,0,0.318560001833151
32,40,0,0.158840561461019
32,41,0,0.758768843236558
32,42,0,0.0662651919761149
32,43,0,-0.0209388969313365
32,44,0,-0.0788628037689705
32,45,0,-0.00892919864557225
32,46,0,0.423283188716931
32,47,0,-0.263986026136295
32,48,0,-0.317225580331983
32,49,0,-0.089882251327838
32,5,0,-0.0325294890191989
32,50,0,0.165971994802571
32,6,0,0.0088243258162386
32,7,0,0.0369372170827763
32,8,0,-0.156413943313673
32,9,0.18766691382627,1.87190403740862
33,1,0,0.0613385827006304
33,10,0,0.770974838176196
33,11,0,-1.23540049023698
33,12,0,-1.30508417540751
33,13,0,1.03694377935249
33,14,0,-0.300145118763884
33,15,0,-0.154622094623105
33,16,0,-0.48704958684679
33,17,0,-0.603120238297572
33,18,0,-0.0800759887419365
33,19,0,-1.66231866482335
33,2,0,-0.160294129156153
33,20,0,0.458428751277449
33,21,0,2.89984700855819
33,22,0,-1.04324448389122
33,23,0,-1.0212011856138
33,24,0,2.33834104784515
33,25,0,0.128550932073576
33,26,0,0.0754307633804731
33,27,0,0.230952013117879
33,28,0,-1.34062295894718
33,29,0,1.26700346459483
33,3,0,0.56805919103657
33,30,0,0.983923401906471
33,31,0,-0.0646119410677916
33,32,-0.315711026825181,-0.578091327395477
33,33,0,-0.252512830197257
33,34,0,0.0362110222616906
33,35,-0.308132442219415,-1.41499985731645
33,36,0,-0.565262017058638
33,37,0,0.125749813613586
33,38,0,0.267270875177257
33,39,0,0.607442307505572
33,4,0.510103288318982,7.91407965826292
33,40,0,-6.14839405197711
33,41,0,-3.14177665497038
33,42,0,-0.287178711150511
33,43,0,0.0623484180380241
33,44,0,0.0760305121752892
33,45,0,-0.203666483456803
33,46,0,-0.710906730650774
33,47,0,-0.0883871961848566
33,48,0,-1.66911569158275
33,49,0,-0.723030237929356
33,5,0.0620886411457211,0.410875011402557
33,50,0,-0.39548101881284
33,6,0,-0.159876612964164
33,7,0,-0.304205979004918
33,8,0,-0.546468595501001
33,9,0,1.58034450957185
34,1,0,0.0895448911068358
34,10,0,-0.103911542624565
34,11,0,0.676054606917946
34,12,0,0.222058500241025
34,13,0,0.0205367132423217
34,14,0,-0.0300831104169743
34,15,0,-0.119016135875449
34,16,0,-0.0494147775087685
34,17,0,0.0664496418155265
34,18,0,0.115527630027151
34,19,0,0.121161541067226
34,2,0,0.0345958569053545
34,20,0,0.0161730445476995
34,21,0,-0.182265137225202
34,22,0,0.0905693610059239
34,23,0,-0.000924246226505072
34,24,0,-0.124859409308029
34,25,0,-0.0624500389413417
34,26,0,0.0928876478896055
34,27,0,0.171795740872979
34,28,0,-0.0513890409938388
34,29,0,-0.110283159494517
34,3,0,0.0282516382230959
34,30,0,0.15057000314032
34,31,-0.708408936919446,-0.322505550118476
34,32,0,-0.241730864673724
34,33,0,-0.042004734178934
34,34,0,-0.0461496570946435
34,35,0,0.0378127489532819
34,36,0,-0.119531920382016
34,37,0,-0.0510264648902608
34,38,0,-0.113440551359061
34,39,0,-0.26667353003884
34,4,0,-0.338417170137521
34,40,0,0.775272717270266
34,41,0,0.530470483950167
34,42,0,0.0519884249865385
34,43,0,-0.0302219917394441
34,44,0,-0.0728674879393773
34,45,0,-0.0381167645770577
34,46,0,0.250693158669744
34,47,0,-0.0271751962516618
34,48,0,0.12095253293218
34,49,0,-0.0541570353402602
34,5,0,0.0497357190702946
34,50,0,0.00392874433563324
34,6,0,0.0309061081646188
34,7,0,-0.0479042371556485
34,8,0,0.120971464802637
34,9,0,0.148855562491197
35,1,0,0.128392552043746
35,10,0,0.618974795826969
35,11,0,-1.12682032448595
35,12,-1.06735331172993,-2.32415293655232
35,13,0,-0.440658776579911
35,14,0,-0.213547724087285
35,15,0,0.46631101505456
35,16,0,0.441557438264322
35,17,0,-0.173543578229114
35,18,0,-0.190669375918463
35,19,0,-0.797674183694426
35,2,0,0.075813505859984
35,20,0,0.14925744694385
35,21,0,1.7196300797633
35,22,0,-0.565457221030347
35,23,0,-0.114964682313619
35,24,0,1.22147728725931
35,25,0,0.204754923513563
35,26,0,-0.102801051043359
35,27,0,-0.545384834885818
35,28,0,-1.57439167836608
35,29,0,0.77807261417315
35,3,0,0.595619355453012
35,30,0,1.06707902465688
35,31,0.402682419938962,0.328776374087921
35,32,0,-0.070286440282969
35,33,0,-0.588930337226372
35,34,0,-0.0264781016680958
35,35,0,-0.606106590317366
35,36,0,-0.215674435470637
35,37,0,0.159449627318487
35,38,0,0.178818804126229
35,39,0,1.18273595090077
35,4,0,1.60744202254943
35,40,0,-3.20152888837341
35,41,0,-0.803945062270562
35,42,0,-1.14229817438739
35,43,0,-0.111156930599998
35,44,0,0.0574387394657963
35,45,0,-0.0190788051412885
35,46,0,-0.465051653867751
35,47,0,-0.980976233241796
35,48,0,-1.16810001067906
35,49,0,-0.184587719546114
35,5,0,0.180940943459063
35,50,0,0.592187350316627
35,6,-0.299332153302892,-0.207067951245389
35,7,0,0.117559901522094
35,8,0,-0.915519296957394
35,9,0,0.291390649598627
36,1,0,-0.0920596906578621
36,10,0,-0.139053608631517
36,11,0,1.02359952530766
36,12,0,1.33752136582765
36,13,0,-2.00904469455256
36,14,0,0.200359073441318
36,15,0,0.971825015495112
36,16,0,-0.116455830681725
36,17,0,0.455223207389983
36,18,0,0.153235912393338
36,19,0,0.177539439878592
36,2,0,0.259262187562846
36,20,0,-0.576671458055851
36,21,-0.652263600878986,-5.40906459817263
36,22,0,-0.126786155903673
36,23,0,0.620409117247217
36,24,0,-2.8756174706548
36,25,0,0.155004923943708
36,26,0,0.155858767095188
36,27,0,0.0832227795334058
36,28,0,2.55375277024132
36,29,0,-0.471577188827934
36,3,0,-1.01482513562855
36,30,0,0.353271464130284
36,31,0,0.114939106527472
36,32,0,-0.0662464604267548
36,33,0,-0.502094414766216
36,34,0,0.0910368059201867
36,35,0,-0.582022162284627
36,36,0,0.96118788780934
36,37,0,0.16938743545996
36,38,0,0.0262132813306856
36,39,0,-0.357089009157255
36,4,0,-4.81470586226575
36,40,0,4.94371275332143
36,41,0,4.91370932723094
36,42,0,1.29112089288663
36,43,0,0.101693511431575
36,44,0,0.0564031415038765
36,45,0,-0.0628260566647538
36,46,0,-0.136463154981705
36,47,0,-0.801518340011732
36,48,0,0.0656965131870191
36,49,0,0.165610036305962
36,5,0,0.936398434259042
36,50,0,1.18745481018444
36,6,0,0.0483406608222855
36,7,0,0.130435559414613
36,8,0,0.584031141156268
36,9,0,-0.171114766376135
37,1,-0.213287834206409,-0.0606435802304153
37,10,0,-0.279242302969012
37,11,0,-0.168915679454648
37,12,0,0.211476938537389
37,13,0,0.181219809658091
37,14,0.116074410885609,0.16462566183246
37,15,0,-0.0508710376479897
37,16,0,-0.0425330553590049
37,17,0,0.00706477463046474
37,18,0,0.00770773460626478
37,19,0,-0.0822786759921971
37,2,0,-0.118826209323122
37,20,0,0.0697221121253881
37,21,0,0.150881198741414
37,22,0,0.0913757753933109
37,23,0,0.156024693284167
37,24,0,0.0849963753547484
37,25,0,0.0114988604172958
37,26,0,-0.0339852407707263
37,27,0,0.0687531493205065
37,28,0,0.291882070805793
37,29,0,-0.0546824045939928
37,3,0,-0.116883235711296
37,30,0,-0.0581524563677708
37,31,0,0.0421086118683673
37,32,0,0.142366742265307
37,33,0,0.23940577158112
37,34,0,-0.00635251073558677
37,35,0,-0.00666389785524755
37,36,0,0.0273653755033914
37,37,0,0.0459303085857206
37,38,-0.0852248307729264,-0.0665908601034191
37,39,0,-0.170114759739546
37,4,0,0.0700284694021161
37,40,0,0.188266208447649
37,41,0,-0.41015418243889
37,42,0,-0.361667356550529
37,43,0,-0.10952739595132
37,44,0,-0.158435642848651
37,45,-0.708469332569848,-0.363638350294003
37,46,0,-0.203770562411735
37,47,0,0.162948744911021
37,48,0,0.0568296286550255
37,49,0,-0.0840583266529592
37,5,0,-0.0762629799592974
37,50,0,-0.294738531517221
37,6,0,0.0574347054800061
37,7,0,-0.0897085285005137
37,8,0,0.129460328482349
37,9,0,0.0191935703306332
38,1,0,0.0260096218465932
38,10,0,-0.372561015279146
38,11,0,0.195804293908493
38,12,0,0.209641547380783
38,13,0,0.509064798222435
38,14,0,0.0984753225716701
38,15,0,-0.520220358589852
38,16,0,0.0410909596149998
38,17,0,-0.0867513889941513
38,18,0,-0.0593294469791005
38,19,0,0.151522261086836
38,2,0,0.0234543860636724
38,20,0,-0.149406266807548
38,21,0,0.0876113360442137
38,22,0,0.204394455460712
38,23,0,0.133741427095024
38,24,0,0.00988372441979446
38,25,0,0.00204110952201715
38,26,0,-0.0447030019383822
38,27,0,0.183666044524056
38,28,0,-0.208429041009047
38,29,0,-0.109788303012217
38,3,0,0.125338181278075
38,30,0,-0.177391726041542
38,31,0,0.0106555263764398
38,32,0,0.193584884893114
38,33,0,0.394069132182333
38,34,0,-0.0693319731541189
38,35,0,0.190120915680753
38,36,0,-0.136558242152484
38,37,0,-0.036618455881373
38,38,0,-0.0724526172040123
38,39,0,-0.116956820982899
38,4,0,-0.370249933683903
38,40,0.0476203730270201,0.815310153576592
38,41,0,0.383878130203727
38,42,0,-0.366706859541257
38,43,0,-0.151390692892191
38,44,-0.287527984735122,-0.215625909462511
38,45,0,-0.0712978697534432
38,46,0,0.315591332326506
38,47,0,0.279734615685448
38,48,0,0.14491632625645
38,49,0,0.0165896119192579
38,5,0,-0.0536698815066195
38,50,0,-0.337132498542272
38,6,0,0.127303795270613
38,7,0,0.0426710873371812
38,8,0,0.15349981468756
38,9,0,0.0758593650243456
39,1,0,-0.0469132635244706
39,10,0,-0.697937440812127
39,11,0,1.38882907214145
39,12,0,0.692233113307744
39,13,0,3.33776934679584
39,14,0,0.361877293640615
39,15,0,-1.46840015005727
39,16,0,-0.233916506556163
39,17,0,0.0925421204497018
39,18,0,0.149752861296868
39,19,0,0.816996318649709
39,2,0,0.139355254015419
39,20,0,-0.653599720122236
39,21,0,-0.596091434770914
39,22,0,0.702606228150545
39,23,0,-0.064519928120474
39,24,0,-0.378675008552063
39,25,0,-0.130496907658603
39,26,0,0.0625981135902958
39,27,0,0.634168302132503
39,28,0,-0.946600995379253
39,29,0,-0.590173081744745
39,3,0,0.656832613425099
39,30,0,-0.164612542504456
39,31,-0.706137681680983,-0.333008163684671
39,32,0,-0.0418920539915874
39,33,0.30028501167195,2.22837249724322
39,34,0,0.13669711238667
39,35,0,0.863470830139397
39,36,0,-0.730139891440494
39,37,0,-0.0543898378092985
39,38,0,-0.317203017947604
39,39,0,-0.138153779937483
39,4,0,-0.210052528620608
39,40,0,1.37940559569695
39,41,0,1.59478157497433
39,42,0.358646074289582,2.98193721444906
39,43,0.679424931013993,0.564690575491129
39,44,0,0.501309112522256
39,45,0.991615366872268,0.738553390945076
39,46,0,1.28914970988162
39,47,0,0.365626230062921
39,48,0,0.323523206345616
39,49,0,0.15700157985654
39,5,0,0.00840947639527461
39,50,0,-0.435591503383017
39,6,0,0.070580721373971
39,7,0,-0.0358164294287159
39,8,0,0.527212369511811
39,9,0,-0.279318714482009
4,1,0,-0.0426768247021816
4,10,0,-1.91053457183868
4,11,0,0.700207182985087
4,12,0,0.326645544112782
4,13,0,8.96990558711926
4,14,0,0.0932160372095482
4,15,0,-4.83523698552423
4,16,0,0.56355620375152
4,17,0,-0.367264110872476
4,18,0,0.0479299706741832
4,19,0,0.585389524402963
4,2,0,-0.904118408786793
4,20,0,-1.95008441463259
4,21,0,2.45265188172094
4,22,0,0.646715216977006
4,23,0,-0.887797812578552
4,24,0,1.65608856080528
4,25,0,-0.132640609677981
4,26,0.72724427595475,0.115237384772172
4,27,0,0.902172270400681
4,28,0,-13.2566738376142
4,29,0,0.706449912129263
4,3,0,0.895008234214623
4,30,0,-1.00878185943359
4,31,0,-0.552572556614453
4,32,-0.422187657019054,-0.586775304605062
4,33,0,2.42754483783795
4,34,0,-0.646194257410285
4,35,0,2.1139339332581
4,36,0,-5.10933927556383
4,37,0,0.1227107947736
4,38,0,0.201854266939893
4,39,0,-1.9169855555637
4,4,0,3.47479388772281
4,40,0,-2.12036033677738
4,41,0,3.48147067364222
4,42,0,-0.312012457025457
4,43,0,-0.210141476650323
4,44,0,-0.0586113044574457
4,45,0,-0.385364781923439
4,46,0,1.75789893885799
4,47,0,1.42769030204403
4,48,0,-2.28000302881616
4,49,0,-0.501671350883698
4,5,0,-0.123997737041289
4,50,-1.5246356049281,-7.40907797511507
4,6,0,0.815481856784307
4,7,1.68353740680029,1.84101534205685
4,8,0,0.457416772297386
4,9,0,1.16838043143607
40,1,0,0.17599422440745
40,10,0,2.72150545868425
40,11,0,-1.40302276858174
40,12,0,-0.738658261378801
40,13,0,-12.5203495699973
40,14,0,-0.361462445937509
40,15,0,7.08582375675838
40,16,0,0.000701983306879861
40,17,0,-0.0890127952380962
40,18,0,0.0742962129088921
40,19,0,-1.08888630822495
40,2,0,0.72755692509125
40,20,0,2.540123843363
40,21,0,-2.01680504089445
40,22,0,-1.24897269785591
40,23,0,0.548501699946426
40,24,0,-1.7267320056663
40,25,0,0.520637189784922
40,26,0,0.269778333964851
40,27,0,-0.871140606072958
40,28,0,13.4496601646801
40,29,0,0.613066942191063
40,3,0,-1.47260402615261
40,30,0,1.71899290093526
40,31,0,0.338332864033187
40,32,0,-0.0209594716795795
40,33,-0.650713896972962,-6.17228016173524
40,34,0,0.342117729491755
40,35,0,-2.71467814199706
40,36,0,5.44589252643932
40,37,0,-0.233202140766843
40,38,0,0.189705817616887
40,39,0,1.59038950034002
40,4,0,-2.35722345798496
40,40,0,0.626882621133125
40,41,-0.126678202233399,-4.09373601809173
40,42,0,-0.0673773344172423
40,43,0,0.325078884250223
40,44,0,0.0628146231300697
40,45,0,0.131849968879059
40,46,0,-2.4883284327685
40,47,0,-2.41338066850911
40,48,0,1.70117619964566
40,49,0,-0.0280121094332158
40,5,0,0.576111966294353
40,50,1.34573566240677,7.5027895884936
40,6,0,-0.656313806108643
40,7,0,-0.157982393337096
40,8,0,-1.4723251517695
40,9,0,-0.403660025643994
41,1,0,0.227893860041182
41,10,0,0.0347907346454857
41,11,0,-4.06351900112289
41,12,0,0.0915789798767055
41,13,-0.470072106039866,-8.61572338819167
41,14,0,-0.251324851521565
41,15,0,3.75748503518674
41,16,-0.864287780679886,-1.22569789562408
41,17,0,-0.487172404402493
41,18,0,-0.351131509462512
41,19,0,2.78254075923602
41,2,0,-0.244643168154053
41,20,0,5.22023243542827
41,21,0,4.86267478998128
41,22,0.854404181386177,2.35120468933752
41,23,0,0.919966797710897
41,24,0,2.31671703662984
41,25,0,0.131623680661587
41,26,0,0.0774604861733738
41,27,0,-0.792952590882998
41,28,0,15.1133305334636
41,29,0,-1.71504268358296
41,3,0.254925291715603,0.598437256350649
41,30,0,0.404118223028421
41,31,0,0.62382438156275
41,32,0,1.17694403488486
41,33,0,-2.4273310522688
41,34,0,0.227967593606705
41,35,0,0.84459440127984
41,36,0,4.58412803421681
41,37,0,-0.404053653841803
41,38,0,0.28055764046236
41,39,0,1.06211737713742
41,4,-0.200903349739592,1.48747545979573
41,40,0,-3.55383157504688
41,41,-0.844630151110754,-20.1379427186087
41,42,0,-1.44239276358367
41,43,0,0.238772241033457
41,44,0,-0.438464424408029
41,45,0,-0.470084404895262
41,46,0,-3.16642963434213
41,47,0,1.09564274899099
41,48,0,3.63278093787752
41,49,0,-0.249292579580434
41,5,0,-2.54842486876969
41,50,0,3.23162564717254
41,6,0,-0.226584420739109
41,7,0,-1.65127287917016
41,8,0,-0.466041522286572
41,9,0,-4.92197142094256
42,1,0,-0.228992813279111
42,10,0,0.170950620751917
42,11,0,-0.644354267393486
42,12,0,-0.144219145869834
42,13,0,-2.88420495594992
42,14,0,0.186056469043288
42,15,0,2.06354239815532
42,16,0.615951915197612,1.0590800641732
42,17,0,-0.623506832871653
42,18,0,0.0307841887818418
42,19,0,-0.144144224653478
42,2,0,-0.199063829375994
42,20,0,0.587146366789492
42,21,0,-0.238694988442821
42,22,0,0.020622842317809
42,23,0,-0.110231321518347
42,24,0,-0.751239992233669
42,25,0,-0.285319599719557
42,26,0,-0.0344499108880559
42,27,0,-0.215009271452848
42,28,0.137022809261738,3.83207312395559
42,29,0,-0.50727165323705
42,3,0,0.036833894742814
42,30,0,0.236769011117387
42,31,0,-0.177152959465132
42,32,0,-0.123933444764613
42,33,0,-1.63410098455715
42,34,0,-0.0724901260499526
42,35,0,-0.299933395530367
42,36,0,1.74406725587458
42,37,0,-0.174814149888858
42,38,0,0.0758180780518082
42,39,0,0.393262943917291
42,4,0,0.899059200426911
42,40,0,0.614518690267171
42,41,0,-1.65470752530871
42,42,0.140900105598476,0.677628384165309
42,43,0,-0.145000503055136
42,44,0,-0.141001719136991
42,45,0,0.0227298429514032
42,46,0,-0.650221039571181
42,47,0,-0.3361918065526
42,48,0,0.170013251555737
42,49,-1.79566007996855,-1.92109182930722
42,5,0,-0.266260362102308
42,50,0,0.650168172483321
42,6,0,-0.146028291440572
42,7,0,0.140512192724768
42,8,0,-0.700964259601572
42,9,0,0.0469344892279467
43,1,0,-0.00150107841469158
43,10,0,-0.0138942285486306
43,11,0,0.15876833939427
43,12,0,-0.0315949881257427
43,13,0,-0.0934712896742023
43,14,0,-0.00260160498542713
43,15,0,-0.0226510448790252
43,16,0,0.0158277880813541
43,17,0,-0.0445062202879719
43,18,0,0.0115903778152735
43,19,0,0.12024087522882
43,2,0,-0.103619745230826
43,20,0,-0.206289450309525
43,21,0,-0.0418754925210325
43,22,0,0.149609396884538
43,23,0,0.0157581382188588
43,24,0,-0.171604913504423
43,25,0,-0.0507275185243638
43,26,0,-0.00494002802313269
43,27,0,0.110148653713418
43,28,0,0.301958179838038
43,29,0,-0.0831041345640446
43,3,0,-0.0142506283040118
43,30,0,-0.140179221187444
43,31,0,-0.04645488099401
43,32,0,-0.0177520110460155
43,33,0,-0.115325799814314
43,34,0,-0.0743748184551194
43,35,0,0.0453850976071088
43,36,0,0.105776596598414
43,37,0,-0.0250612764518476
43,38,0,0.00773416213765854
43,39,0,-0.0996173437138822
43,4,0,-0.15664875227193
43,40,0,0.407615224106375
43,41,0,0.569273435181383
43,42,0,0.1040017153055
43,43,0,-0.084623173700098
43,44,0,-0.0794857214363435
43,45,0,-0.0256370426418237
43,46,0,0.0855110346813196
43,47,0,-0.233730360891535
43,48,0,0.225736384576747
43,49,0,-0.172967102239285
43,5,0,-0.0162337780117411
43,50,0,-0.00988554639666042
43,6,0,0.0686690153179118
43,7,0,0.0594027714763879
43,8,0,-0.119563080002511
43,9,0,0.034353504470309
44,1,0,-0.0229604162465014
44,10,0,-0.135188163390229
44,11,0,0.0992776296915857
44,12,0,-0.0155529663643397
44,13,0,0.118071712940861
44,14,0,-0.00789654270436981
44,15,0,-0.120483142603208
44,16,0,0.0177489542204322
44,17,0,-0.0104197584065519
44,18,0,0.0471542791519588
44,19,0,0.299279864932906
44,2,0,-0.0528365906870122
44,20,0,-0.0822650592375514
44,21,0,0.340852677690801
44,22,0,0.264756796300788
44,23,0,-0.0680148687537523
44,24,0,-0.0644785655038495
44,25,0,-0.0787159835222862
44,26,0,0.024881859042289
44,27,0,0.0177212071937918
44,28,0,0.147702678935164
44,29,0,-0.145791815055102
44,3,0,0.189828278762888
44,30,0,-0.157552587775669
44,31,0,-0.0163405823086584
44,32,0,0.0216887901226232
44,33,0,0.144376057207339
44,34,0,-0.0186875645350438
44,35,0,0.184957914093798
44,36,0,-0.0201120517322039
44,37,0,-0.050571189765863
44,38,0,0.00314479092217522
44,39,0,-0.00364196330677973
44,4,0,0.0653414002958102
44,40,0,0.233580237465014
44,41,0,-0.127710959226785
44,42,0,0.181721080137698
44,43,0,-0.0684637782212125
44,44,0,-0.0703603259218284
44,45,0,-0.00123104261607009
44,46,0,0.126318131190535
44,47,0,0.0704859215811511
44,48,0,0.230480439829043
44,49,0,-0.121339813995973
44,5,0,-0.228444509694054
44,50,0,-0.141803664324322
44,6,0,0.0216804202913451
44,7,0,-0.0357465011448999
44,8,0,-0.109154777292808
44,9,0,-0.212297747437201
45,1,0,-0.0439788946746345
45,10,0,0.0665300457926523
45,11,0,-0.111290970835599
45,12,0,-0.200155551489576
45,13,0,-0.385150680841685
45,14,0,-0.0715189494270535
45,15,0,0.36443394514951
45,16,0,-0.0997806565776462
45,17,0,-0.086695433625281
45,18,0,0.0192546549565044
45,19,0,-0.0422745083120142
45,2,0,-0.0793397720470817
45,20,0,0.238552956259434
45,21,0,0.202009071792808
45,22,0,-0.0681052643651377
45,23,0,-0.119104393078724
45,24,0,0.0724826489160295
45,25,0,0.0158123871371624
45,26,0,0.0037301322140359
45,27,0,-0.0540105322611578
45,28,0,0.0964902422710065
45,29,0,-0.116218748693116
45,3,0,0.0743400116681948
45,30,0,-0.0418758606395532
45,31,0,0.0554136736931756
45,32,0,0.0543186589073234
45,33,0,-0.106893363451031
45,34,0,0.120742491930912
45,35,0,-0.0445018452091252
45,36,0,0.0601102339054376
45,37,0,0.00339772603705826
45,38,0,0.0328163654489029
45,39,0,0.0837122261672393
45,4,0,0.261215304756851
45,40,0,-0.368889212213907
45,41,0,-0.43420671455362
45,42,0,0.296181031245852
45,43,0,0.133619122236191
45,44,0.43495825669208,0.0874167373779263
45,45,0,0.0333435345900467
45,46,0,-0.249417711367742
45,47,0,0.061508108340955
45,48,0,0.303006576119834
45,49,0,-0.0880091426141818
45,5,0,-0.16272120732943
45,50,0,0.147991411810039
45,6,0,-0.0721387074027786
45,7,0,-0.0188981341398747
45,8,0,-0.189453401809494
45,9,0,-0.254595454901088
46,1,0,-0.0196027120533924
46,10,0,0.329383348243168
46,11,-0.918329485169424,-4.94565632641893
46,12,0,-1.22823441919723
46,13,0,-1.69066143188998
46,14,0,-0.293794392661853
46,15,0.0754166132372613,1.96960417753192
46,16,0,0.200003403432993
46,17,0,-0.102242145183501
46,18,0,-0.0368528974591013
46,19,0,-0.739110379393094
46,2,0,-0.216827902648914
46,20,0,1.81435771731757
46,21,0,1.67053387154503
46,22,0,-0.556421960763785
46,23,0,-0.106615519248509
46,24,0,0.972798535426603
46,25,0,0.118545984218342
46,26,0,-0.188041350452519
46,27,0,-0.710430979458971
46,28,0,1.45628428487389
46,29,0,0.928016554471655
46,3,0,-0.193817455268583
46,30,0,-0.668707502012663
46,31,0,0.340931738241236
46,32,0,0.231778593573487
46,33,0,-0.822833852423238
46,34,0,0.119720271924382
46,35,0,-0.807484574586903
46,36,0,1.00640838146735
46,37,0,0.227422160991581
46,38,0,0.417715437467853
46,39,0,1.1460766808352
46,4,0,2.66427798687547
46,40,0,-4.03161024465337
46,41,0,-4.91618639537446
46,42,0,-0.670490497686486
46,43,0,0.175672892711194
46,44,0.693652424961099,0.154690434469316
46,45,0,-0.254109523580978
46,46,0,-2.55463510513747
46,47,0,-0.026423405493009
46,48,0,-0.227615508647467
46,49,0,-0.28384643226057
46,5,0,-0.529932808693315
46,50,0,0.474212562316056
46,6,0,-0.34792676659579
46,7,0,-0.221666856474631
46,8,0,-1.25287931776861
46,9,0,-1.39750753199597
47,1,0,0.0949327349583745
47,10,0,1.16804231876827
47,11,0,-0.539725076698736
47,12,0,-0.926751332066461
47,13,0,-0.744816707134958
47,14,0,-0.149244063451496
47,15,0,1.22653811372491
47,16,0,0.146576210672841
47,17,0,0.0232530755917457
47,18,0,0.10977437868304
47,19,0,-0.875357408375665
47,2,0,-0.155350551410929
47,20,0,-0.126892933002701
47,21,0,0.778579933632857
47,22,0,-0.557775839290118
47,23,0,-0.319434214191281
47,24,0,0.397329530972522
47,25,0,0.194492335674708
47,26,0,-0.083291945752946
47,27,0,-0.558560668387892
47,28,0,-2.4153554098531
47,29,0.858194050540447,2.79914597713503
47,3,0,-0.292172296820281
47,30,0,0.526400499215728
47,31,0,0.0383066023603759
47,32,0,-0.483165470206445
47,33,-0.111387950092494,-1.83727842318015
47,34,0,0.0231197858243924
47,35,0,-0.551458871712543
47,36,0,-0.551831548384308
47,37,0,-0.0767969780546384
47,38,0,0.271427152888134
47,39,0,0.638331923952018
47,4,0,1.85050697887946
47,40,0,-2.35090389066964
47,41,0,1.932600652907
47,42,0,0.36500534038466
47,43,0,0.267638116854706
47,44,0.9456966327479,0.528935939640794
47,45,0,0.222612598376296
47,46,0,-0.42668785842166
47,47,0,-0.932629791953721
47,48,0,-1.76466240898835
47,49,0,0.00407570814345205
47,5,0,0.727090291291817
47,50,0,0.0572822648753588
47,6,0,-0.228735561938942
47,7,0,0.406597609494965
47,8,0,-0.273391967428038
47,9,0,0.978392641737033
48,1,0,0.110764951769416
48,10,0.713350933160483,2.8366656821668
48,11,0,0.454861675278619
48,12,0,-0.194174151358443
48,13,0,-2.74024037677245
48,14,0,0.0117980820469689
48,15,0,3.01859222883952
48,16,0,0.27500322143997
48,17,0,-0.0314264662956698
48,18,0,0.103694895126905
48,19,-0.277492475946593,-2.61421560461065
48,2,0,0.234361284351344
48,20,0,-0.382081905226889
48,21,0,-2.22489011378278
48,22,0,-1.81583559043678
48,23,0,-0.10464155013976
48,24,-0.558105954966123,-2.21786148401513
48,25,0,0.0926292351047747
48,26,0,0.183006320619897
48,27,0,-0.901495269902184
48,28,0,0.303120866080201
48,29,0,0.962370692909975
48,3,0,-0.693476810533705
48,30,0,-0.638515344798124
48,31,0,-0.0569635791183705
48,32,-0.153404934878961,-0.124986281600511
48,33,0,-1.96755373365661
48,34,0,0.036240910033681
48,35,0,-1.79664525944334
48,36,0,0.996366569009807
48,37,0,0.277719319547189
48,38,0,0.306219414101781
48,39,0,0.237953533565151
48,4,0,-1.32077326925827
48,40,0,0.997128054849576
48,41,0,2.67117639764952
48,42,0,0.767931798542427
48,43,0,0.0988995258300176
48,44,0,0.00956689143454906
48,45,0,-0.0482564117212394
48,46,0,-0.561617351391641
48,47,0,-1.56318531896125
48,48,0,-0.442485027655576
48,49,0,-0.0857764309149581
48,5,0,0.0532211739423323
48,50,0,1.87466864074612
48,6,0,-0.189033826386144
48,7,0,0.339423456231916
48,8,0,-0.718372332369679
48,9,0,2.18644160455609
49,1,0,0.00423518003434192
49,10,0,0.162662790335068
49,11,0,-0.367163272143651
49,12,0,-0.119472162576366
49,13,0,-0.201074732887705
49,14,0,-0.0241917952640774
49,15,0,0.0498031776784733
49,16,0,-0.146769837316269
49,17,0,0.00535881564185085
49,18,0,0.0146315855610339
49,19,0,0.0839146528002799
49,2,0,-0.0296226433811543
49,20,0,0.202975069354812
49,21,0,0.333232459655178
49,22,0,0.039286762123871
49,23,0,0.0368865777140734
49,24,0,0.353471002806597
49,25,0,-0.00746356545028373
49,26,0,0.0206660859993836
49,27,0,-0.118088755571651
49,28,0,0.771831897492965
49,29,0,0.0570785651313357
49,3,0,0.134281903506496
49,30,0,0.165880878772141
49,31,0,-0.00849619533720607
49,32,0,-0.107416780094785
49,33,0,0.084616374821109
49,34,0,0.0155421184448164
49,35,0,0.0456609710821105
49,36,0,0.247517214687106
49,37,0,-0.0409580397324423
49,38,0,-0.110079891258054
49,39,0,0.408365485132861
49,4,0,0.657158399353483
49,40,0,-0.646944917082831
49,41,0,-0.957360685086621
49,42,0,0.301209735594274
49,43,0,0.041902507705915
49,44,0,-0.0236703843645572
49,45,0,-0.0645238295493213
49,46,0,0.0325022054549998
49,47,0,0.127085934590061
49,48,0,-0.0559433668447429
49,49,0,-0.0150296844445663
49,5,0,0.271354761768309
49,50,0,0.232690460943015
49,6,0,-0.23196860192835
49,7,-0.555591678992492,-0.614006277397594
49,8,0,-0.0199246448987455
49,9,0,-0.050923270038826
5,1,0,-0.115857761065718
5,10,0,-0.250163851079777
5,11,0,-0.673338825347578
5,12,0,0.321103571901319
5,13,0,0.0833052223941772
5,14,0,0.204544640065184
5,15,0,-0.658499883121095
5,16,0,0.261453029967167
5,17,0,0.216777829881849
5,18,0,-0.0864563083527064
5,19,0,4.64547418616293
5,2,0,0.0146724995777822
5,20,0,0.803488313613027
5,21,0,0.267493941910409
5,22,0,2.90054830693583
5,23,0,0.804691312896318
5,24,0,0.806249999812015
5,25,0,0.0481947449775117
5,26,0,-0.205620156292535
5,27,0,-0.705932818617162
5,28,0,2.9886678580004
5,29,0,-0.653940578691823
5,3,0,-0.018250122217148
5,30,0,-0.103195024594904
5,31,0,-0.125479197481528
5,32,0,-0.237910633664429
5,33,0,0.446541163796492
5,34,0,0.043267272588263
5,35,0,0.76671256028531
5,36,0,-0.306860397898339
5,37,-0.579043808088308,-1.07365307279012
5,38,-0.597301390767574,-0.648397722020704
5,39,0,0.791547083898743
5,4,0,-2.08074640434091
5,40,0,0.566358765769152
5,41,0,-1.67476383273295
5,42,0,-0.21531955087945
5,43,0,-0.0902758804351438
5,44,0,-0.0158562692121045
5,45,0,0.183494557863159
5,46,0,-1.59458822537519
5,47,0,0.702095078974519
5,48,0,0.733861856206675
5,49,0,0.416480969772266
5,5,0,0.473826559992386
5,50,0,0.241908527482182
5,6,0,-0.196568810818686
5,7,0,-0.598522479624268
5,8,0,0.460194145520833
5,9,-0.849471792624234,-6.18699264905132
50,1,0,-0.188527354112483
50,10,0,-0.383745251526721
50,11,0,1.43878661105375
50,12,0,1.58378635128303
50,13,0,-1.84801166739859
50,14,0,0.168898484348804
50,15,0,0.744803206574737
50,16,0,-0.0481372370956577
50,17,0,0.401342753547434
50,18,0,0.321157220837526
50,19,0,0.595000070333979
50,2,0,0.143602500461105
50,20,0,-0.514831683110935
50,21,-0.632014936539287,-4.96807498078423
50,22,0,0.0669710391198266
50,23,0,0.200007381488394
50,24,0,-3.0402732557325
50,25,-0.715251476238987,-0.257734434748726
50,26,0,0.0692734457727156
50,27,0,0.500294859931952
50,28,0,3.47524858302858
50,29,-0.0918841858416118,-1.4032708202732
50,3,0,-0.545520976839563
50,30,0,-0.333960109167565
50,31,0,-0.180140287417586
50,32,0,-0.0703861938402792
50,33,0,-0.189592172751284
50,34,0,0.0104089642287327
50,35,0,-0.19510777956297
50,36,0,1.31223360721972
50,37,0,0.114657978367841
50,38,0,-0.0855723915563784
50,39,0,-0.65426675627759
50,4,0,-4.8415655921461
50,40,0,5.72102409816645
50,41,0,3.49895988023925
50,42,0,2.20376784301963
50,43,0.510514269116121,0.446986505388255
50,44,0,0.0844984978688946
50,45,0,0.00428425197569831
50,46,0,0.491530014802066
50,47,0,0.079565374302373
50,48,0.373815491855371,2.03880458308028
50,49,0,0.166321315276414
50,5,0,-0.0807634549522974
50,50,0,1.38887344256758
50,6,0,0.07243562441722
50,7,0,0.0049029282916385
50,8,0,0.217626371165002
50,9,0,-0.120652347242665
6,1,0,0.133303989401551
6,10,0,0.000892651117828924
6,11,0,-0.100050469679225
6,12,0,-0.15993836836442
6,13,0,-0.159736132499739
6,14,0,-0.0410181976735124
6,15,0,0.126518290602513
6,16,0,-0.00743887568191148
6,17,0,-0.0601655452953333
6,18,0,-0.0340608362018237
6,19,0,-0.722396293471077
6,2,0,0.0493615186558793
6,20,0,0.199178776773794
6,21,0,0.399805830482602
6,22,0,-0.444309991381186
6,23,0,-0.0944357538002604
6,24,0,0.0974220054462974
6,25,-0.0912690738825463,0.00679198200240048
6,26,0,0.0956891217905695
6,27,0,0.114172783004693
6,28,0,-0.180984370464773
6,29,0,0.206476344687198
6,3,0,0.0723240302470502
6,30,0,0.0102591559206856
6,31,0,-0.0128003373401695
6,32,0,0.055900794326351
6,33,0,-0.194756446408943
6,34,0,0.00384037425322643
6,35,0,-0.191001392371176
6,36,0,-0.0171979925462436
6,37,0,0.0542137209785919
6,38,0,-0.0172167474649499
6,39,0,0.0605807741454497
6,4,0,0.616840274682172
6,40,0,-0.621964251760723
6,41,0,-0.525758849848724
6,42,0,0.157615869790696
6,43,0,-0.00239611982931215
6,44,0,-0.0254340298096346
6,45,0,0.0311725062657719
6,46,0,0.15702217882109
6,47,0,-0.101543272209161
6,48,0,-0.0586132633068889
6,49,0,-0.0811951449822828
6,5,0,0.0735835340766718
6,50,0,0.054698047301054
6,6,0,-0.0915491066950268
6,7,0,-0.0695596158296448
6,8,0,-0.235380101838198
6,9,0.0863193361745087,0.816724361819565
7,1,0,0.16819339372873
7,10,0,-0.366528203466652
7,11,0,-0.15678238345595
7,12,0,0.120550757257282
7,13,0,-0.543817134997362
7,14,0,-0.0216795415836538
7,15,0,0.223929753256026
7,16,0,-0.118401838565484
7,17,0,-0.130728482292983
7,18,0,-0.182440868637471
7,19,0,-0.749715887893745
7,2,0,-0.0147951814398628
7,20,0,0.264674532508909
7,21,0,0.500556036908811
7,22,0,-0.205200023159918
7,23,0,0.0592142655783422
7,24,0,-0.0941422295626386
7,25,0,-0.0391453103091219
7,26,0,0.0202371580724467
7,27,0,0.160428254971002
7,28,0,0.479366980752855
7,29,0,-0.140787297279401
7,3,0,0.0332855754826712
7,30,0,-0.493184853209717
7,31,0,0.130126433063773
7,32,0.710796273935258,0.716510743338673
7,33,0,0.0524772850322981
7,34,0,0.113111870450477
7,35,0,0.183061772644373
7,36,0,0.349833624473735
7,37,0,0.0709126071873669
7,38,0,0.122345525968253
7,39,0,-0.206037477854297
7,4,0,0.0636372871629576
7,40,0,0.172858123430417
7,41,0,-1.38571520286821
7,42,0,-0.15109362741833
7,43,0,-0.0839625536685409
7,44,0,-0.0845346632343818
7,45,0,0.00329267064525741
7,46,0,-0.148757574591359
7,47,0,0.113962263965354
7,48,0,0.696898471882133
7,49,0,-0.0408532851361011
7,5,0,-1.1699657695162
7,50,0,0.0498215645973239
7,6,0,0.110167155814544
7,7,0,-0.00335345585939675
7,8,0,-0.0539100479319836
7,9,0,0.392551681168448
8,1,0.244036107381459,0.24583302950225
8,10,0,-0.139430778375015
8,11,0,0.322224578367065
8,12,0,-0.694475283855267
8,13,0,-1.81461277000523
8,14,0,-0.133643756506503
8,15,0,0.253565351798881
8,16,0,0.091583607877001
8,17,0,-0.0882691505708755
8,18,0,0.0540198677075529
8,19,0,0.307404246973938
8,2,0,0.0877108802765598
8,20,0,0.43309676495949
8,21,0,0.458746648298081
8,22,0,-0.144963168144209
8,23,0,0.170803046510247
8,24,0,0.610887673810443
8,25,0,0.139266266823088
8,26,0,0.0737285462558857
8,27,0,0.124082385111298
8,28,0,1.21893648321133
8,29,0,0.217713340263132
8,3,0,0.0856317925074765
8,30,0.660387104228067,2.17802096083228
8,31,0,0.011543101520049
8,32,0,-0.598890866516892
8,33,0,-1.32524023681379
8,34,0,-0.141864480883787
8,35,0,-0.165707228422976
8,36,0,0.18934150325514
8,37,-0.598468058239362,-0.574296758198578
8,38,-0.164322638364173,-0.172977448927395
8,39,0,0.456060435257489
8,4,0,0.580943105942263
8,40,0,-1.03246971778896
8,41,0,-0.545812632814339
8,42,0,-0.283877207498923
8,43,0,0.0914175563687529
8,44,0,0.0531498028006297
8,45,0,0.0579731468585021
8,46,0,0.247861843732521
8,47,0,-0.650223843831347
8,48,0,-0.478264870284934
8,49,0,-0.250868300501049
8,5,0,1.39008491219211
8,50,0,0.59228279017987
8,6,0,-0.313718762700676
8,7,0,-0.0569883329474464
8,8,-0.315713797144366,-0.651017912909127
8,9,0,0.00931288471881088
9,1,0,0.107420237180297
9,10,0,-1.02593911067833
9,11,-0.856366279027495,-2.60517600469896
9,12,0,0.782127196036975
9,13,0,-0.904756603183624
9,14,0,-0.32622877338308
9,15,0,0.728844501852109
9,16,0,-0.60138766252078
9,17,0,0.155378417890312
9,18,0,0.206558932300388
9,19,0,-0.980623691236876
9,2,0,-0.592654331689294
9,20,0,0.926294785374125
9,21,0,0.445917280422104
9,22,0,-0.467295695917626
9,23,0,-0.348096908731772
9,24,0,-0.25640794425472
9,25,0,0.00378785360313938
9,26,0.81217420890874,0.346392627286865
9,27,0,0.565194788460434
9,28,0,0.12821982643784
9,29,0,-0.225073779620872
9,3,0,-1.24652922472973
9,30,0,-0.873691057014184
9,31,0,-0.0312928875588275
9,32,0,0.255346465319487
9,33,0,-0.401691198886129
9,34,0,-0.146340915256811
9,35,0,0.699706687090314
9,36,0,0.577408396300919
9,37,0,0.542359690970064
9,38,0,0.330563542923156
9,39,-1.2200970555145,-3.71662733428809
9,4,0,0.608566047316567
9,40,0,-0.0727871229235762
9,41,0,-1.65273624716579
9,42,0,-0.388484916475491
9,43,0,0.140849264215792
9,44,0,-0.163248941270261
9,45,0,-0.550902642581347
9,46,0,-0.91805917256228
9,47,0,0.0451159660724044
9,48,0,0.611879605483136
9,49,0,-0.307015655731406
9,5,0,-1.15519270335642
9,50,0,-0.976306519497612
9,6,0,-0.291252884349932
9,7,0.317943131500662,0.308963534445175
9,8,0,-0.557141149316624
9,9,0,0.264686910803156
